unit_nr,time_cycles,op_setting_1,op_setting_2,sensor_2,sensor_3,sensor_4,sensor_7,sensor_11,sensor_12,sensor_15,sensor_21,failure_within_30
1,1,-0.0007,-0.0004,641.82,1589.7,1400.6,554.36,47.47,521.66,8.4195,23.419,0
1,2,0.0019,-0.0003,642.15,1591.82,1403.14,553.75,47.49,522.28,8.4318,23.4236,0
1,3,-0.0043,0.0003,642.35,1587.99,1404.2,554.26,47.27,522.42,8.4178,23.3442,0
1,4,0.0007,0.0,642.35,1582.79,1401.87,554.45,47.13,522.86,8.3682,23.3739,0
1,5,-0.0019,-0.0002,642.37,1582.85,1406.22,554.0,47.28,522.19,8.4294,23.4044,0
1,6,-0.0043,-0.0001,642.1,1584.47,1398.37,554.67,47.16,521.68,8.4108,23.3669,0
1,7,0.001,0.0001,642.48,1592.32,1397.77,554.34,47.36,522.32,8.3974,23.3774,0
1,8,-0.0034,0.0003,642.56,1582.96,1400.97,553.85,47.24,522.47,8.4076,23.3106,0
1,9,0.0008,0.0001,642.12,1590.98,1394.8,553.69,47.29,521.79,8.3728,23.4066,0
1,10,-0.0033,0.0001,641.71,1591.24,1400.46,553.59,47.03,521.79,8.4286,23.4694,0
1,11,0.0018,-0.0003,642.28,1581.75,1400.64,554.54,47.15,521.4,8.434,23.4787,0
1,12,0.0016,0.0002,642.06,1583.41,1400.15,554.52,47.18,521.8,8.3938,23.366,0
1,13,-0.0019,0.0004,643.07,1582.19,1400.83,553.44,47.38,521.85,8.4152,23.2757,0
1,14,0.0009,-0.0,642.35,1592.95,1399.16,554.48,47.44,521.67,8.3964,23.3826,0
1,15,-0.0018,-0.0003,642.43,1583.82,1402.13,553.64,47.3,522.5,8.4199,23.35,0
1,16,0.0006,0.0005,642.13,1587.98,1404.5,553.94,47.24,521.49,8.3936,23.455,0
1,17,0.0002,0.0002,642.58,1584.96,1399.95,553.8,47.12,521.89,8.4542,23.3319,0
1,18,-0.0031,-0.0001,642.62,1591.04,1396.12,554.2,47.21,521.76,8.4028,23.3987,0
1,19,0.0032,-0.0003,641.79,1587.56,1400.35,554.18,47.4,521.89,8.4321,23.3464,0
1,20,-0.0037,0.0001,643.04,1581.11,1405.23,554.81,47.22,522.07,8.421,23.422,0
1,21,-0.0012,0.0001,642.37,1586.07,1398.13,554.08,47.15,522.42,8.4049,23.3101,0
1,22,0.0002,0.0,642.77,1592.93,1400.57,553.63,47.24,522.0,8.4034,23.3792,0
1,23,0.0034,-0.0003,642.14,1588.19,1394.75,553.98,47.25,521.52,8.424,23.4562,0
1,24,-0.001,0.0003,642.38,1590.83,1398.81,553.49,47.44,522.13,8.3891,23.3696,0
1,25,0.0023,-0.0004,642.77,1594.1,1399.39,554.0,47.36,522.56,8.3917,23.4288,0
1,26,0.0,0.0002,642.16,1589.08,1396.07,554.11,47.26,522.28,8.426,23.4149,0
1,27,-0.0012,-0.0004,642.44,1590.47,1401.84,554.07,47.37,522.0,8.4046,23.4472,0
1,28,-0.0024,0.0005,642.35,1582.84,1399.13,554.68,47.41,522.57,8.4323,23.2841,0
1,29,0.0012,-0.0001,641.91,1584.83,1400.99,554.25,47.24,522.41,8.4189,23.3597,0
1,30,-0.0022,0.0,642.2,1593.52,1396.08,554.37,47.4,522.19,8.4065,23.411,0
1,31,0.0014,0.0005,642.02,1584.18,1396.9,554.13,47.41,521.95,8.4104,23.3353,0
1,32,0.0005,-0.0003,642.33,1591.38,1400.36,554.96,47.25,521.92,8.4148,23.4999,0
1,33,-0.0042,-0.0004,642.71,1588.4,1402.43,554.61,47.28,521.91,8.3753,23.3506,0
1,34,0.0015,-0.0001,642.54,1581.47,1400.48,554.3,47.47,521.7,8.4349,23.3092,0
1,35,0.0003,0.0002,642.44,1590.0,1403.0,554.3,47.31,521.75,8.443,23.4164,0
1,36,-0.0004,-0.0002,642.54,1581.72,1405.54,554.53,47.25,522.32,8.4246,23.4308,0
1,37,-0.0004,-0.0,641.99,1579.11,1398.9,554.63,47.29,522.29,8.4142,23.4352,0
1,38,-0.0018,-0.0002,641.93,1589.6,1399.5,554.7,47.27,522.42,8.4158,23.4768,0
1,39,-0.003,-0.0001,642.01,1583.21,1400.69,553.97,47.12,522.23,8.414,23.3699,0
1,40,-0.0,-0.0004,642.24,1582.08,1401.77,554.57,47.33,521.84,8.3784,23.3769,0
1,41,0.0033,0.0004,642.4,1591.31,1403.21,553.72,47.09,522.07,8.437,23.4444,0
1,42,0.0005,-0.0004,642.12,1584.66,1401.38,553.94,47.49,522.23,8.4137,23.375,0
1,43,-0.0027,0.0005,642.24,1591.52,1406.05,553.68,47.32,522.74,8.4068,23.3148,0
1,44,-0.0001,0.0002,641.93,1586.94,1401.2,554.15,47.45,522.3,8.4201,23.4753,0
1,45,-0.0013,-0.0,642.53,1582.42,1399.16,553.83,47.45,521.73,8.4099,23.3943,0
1,46,0.0003,0.0001,642.43,1588.29,1401.27,553.76,47.2,522.02,8.3977,23.3745,0
1,47,0.0,0.0005,642.21,1580.32,1402.89,554.38,47.22,521.84,8.3973,23.4873,0
1,48,0.0019,0.0001,641.89,1588.51,1399.16,554.02,47.4,521.91,8.4376,23.365,0
1,49,-0.0014,0.0005,642.23,1584.35,1397.76,554.23,47.22,521.37,8.4151,23.4498,0
1,50,-0.0032,-0.0001,642.77,1588.49,1403.62,553.92,47.47,522.33,8.4116,23.4106,0
1,51,-0.001,0.0003,642.81,1585.54,1400.42,553.73,47.12,521.91,8.4504,23.3651,0
1,52,0.0018,-0.0001,642.76,1583.77,1395.57,553.04,47.07,522.1,8.4539,23.3388,0
1,53,0.0021,-0.0001,642.61,1579.82,1402.26,554.16,47.29,521.96,8.4418,23.3775,0
1,54,-0.0002,0.0005,642.42,1592.59,1401.2,553.95,47.38,522.44,8.4189,23.2348,0
1,55,0.0009,-0.0,642.41,1584.95,1401.58,554.45,47.4,522.11,8.4071,23.3567,0
1,56,0.0007,-0.0002,642.49,1586.33,1400.76,553.98,47.26,522.48,8.4022,23.3408,0
1,57,-0.0033,0.0,642.13,1583.67,1402.79,553.42,47.29,521.62,8.4263,23.3567,0
1,58,-0.0014,0.0001,641.9,1590.46,1397.99,554.14,47.26,522.21,8.4319,23.2893,0
1,59,-0.0006,0.0002,642.33,1596.72,1403.51,554.62,47.26,521.32,8.4476,23.4444,0
1,60,-0.001,-0.0002,642.34,1582.75,1403.07,554.0,47.41,522.49,8.3878,23.387,0
1,61,0.0004,0.0005,642.1,1583.55,1405.52,554.09,47.31,522.34,8.4264,23.3638,0
1,62,0.0004,0.0001,642.17,1581.59,1399.54,554.45,47.28,522.19,8.4071,23.2707,0
1,63,0.0015,0.0002,642.6,1592.14,1395.38,553.48,47.51,521.56,8.4357,23.3436,0
1,64,0.0017,0.0002,642.23,1584.51,1400.11,553.88,47.45,521.82,8.4066,23.384,0
1,65,-0.0,0.0005,642.28,1584.72,1403.24,553.97,47.56,521.54,8.4406,23.3752,0
1,66,-0.0007,-0.0004,642.5,1588.5,1399.52,554.0,47.14,521.76,8.3911,23.3152,0
1,67,0.0016,-0.0004,642.33,1590.22,1403.02,554.31,47.39,522.64,8.3925,23.291,0
1,68,-0.0018,0.0,642.51,1582.06,1404.42,554.04,47.36,521.72,8.4242,23.3174,0
1,69,-0.0022,0.0005,642.44,1590.7,1401.24,554.65,47.41,522.22,8.4292,23.3742,0
1,70,-0.0005,0.0002,642.22,1584.02,1402.78,554.01,47.41,521.93,8.4279,23.4513,0
1,71,0.0016,-0.0003,642.21,1580.41,1403.09,554.06,47.3,521.72,8.423,23.3881,0
1,72,-0.0017,0.0001,642.41,1579.25,1406.81,553.76,47.27,521.97,8.3951,23.3085,0
1,73,-0.0012,-0.0002,642.29,1592.04,1397.93,553.88,47.29,522.04,8.404,23.3975,0
1,74,0.0027,0.0001,642.96,1584.65,1401.48,554.03,47.58,522.25,8.4135,23.382,0
1,75,0.0009,-0.0004,641.96,1582.32,1394.82,553.6,47.22,521.77,8.4621,23.3521,0
1,76,-0.0015,0.0002,642.21,1589.21,1398.94,553.66,47.44,521.58,8.3996,23.4428,0
1,77,0.0022,0.0004,642.55,1586.3,1400.97,554.61,47.41,521.6,8.453,23.275,0
1,78,0.004,0.0002,641.99,1580.76,1404.1,553.47,47.4,522.28,8.3793,23.3486,0
1,79,0.0022,-0.0002,642.12,1582.46,1403.93,553.77,47.35,521.85,8.4132,23.3121,0
1,80,-0.0002,-0.0004,641.94,1591.96,1393.58,553.91,47.64,521.52,8.4235,23.3613,0
1,81,-0.0018,-0.0004,642.73,1584.82,1402.04,553.88,47.43,521.66,8.4247,23.373,0
1,82,-0.0012,0.0001,642.04,1589.07,1399.17,554.18,47.25,521.95,8.3986,23.2713,0
1,83,0.0004,0.0005,642.66,1588.05,1406.38,553.49,47.22,521.93,8.4128,23.3274,0
1,84,0.0005,0.0002,642.64,1585.52,1406.6,553.91,47.38,521.54,8.4139,23.2653,0
1,85,0.0025,0.0003,642.28,1590.12,1405.96,554.4,47.36,522.3,8.4499,23.284,0
1,86,-0.0012,0.0004,641.84,1588.8,1403.56,553.69,47.38,521.82,8.4173,23.3945,0
1,87,0.0,-0.0004,642.33,1586.69,1413.1,554.1,47.34,521.43,8.4326,23.3402,0
1,88,0.0029,0.0003,641.96,1581.29,1406.09,554.48,47.46,522.2,8.4586,23.3086,0
1,89,0.0008,-0.0001,642.24,1584.73,1402.22,553.91,47.46,521.55,8.4489,23.3288,0
1,90,0.0017,-0.0001,642.67,1584.38,1412.93,552.88,47.32,521.49,8.3961,23.4712,0
1,91,0.0025,-0.0004,641.98,1584.84,1404.76,553.54,47.32,521.55,8.3949,23.3842,0
1,92,0.001,-0.0002,642.89,1590.03,1400.77,553.81,47.45,521.91,8.3982,23.3522,0
1,93,0.0032,0.0002,642.85,1593.74,1408.48,554.07,47.46,521.43,8.421,23.2477,0
1,94,-0.0021,0.0002,642.45,1583.27,1404.94,553.86,47.48,521.61,8.4524,23.3758,0
1,95,0.0019,0.0003,642.86,1577.6,1410.1,553.91,47.38,521.92,8.4575,23.3269,0
1,96,-0.0034,0.0001,642.19,1584.07,1395.16,553.34,47.39,521.66,8.4311,23.3255,0
1,97,0.0035,-0.0003,642.07,1595.77,1407.81,553.4,47.46,521.67,8.4105,23.2963,0
1,98,0.0006,0.0004,642.0,1591.11,1404.56,552.75,47.37,522.31,8.4012,23.2554,0
1,99,-0.0005,-0.0,642.46,1592.73,1406.13,553.76,47.4,521.42,8.4481,23.2323,0
1,100,-0.0021,-0.0003,642.22,1589.63,1411.35,554.22,47.64,521.55,8.4241,23.409,0
1,101,0.0012,0.0003,642.75,1584.18,1403.41,553.37,47.62,521.89,8.4353,23.4149,0
1,102,0.0017,0.0005,642.85,1589.11,1403.42,553.42,47.49,521.38,8.4561,23.3653,0
1,103,-0.0013,0.0001,642.21,1581.27,1403.21,553.64,47.57,521.41,8.4263,23.4289,0
1,104,-0.0001,0.0001,642.29,1590.63,1406.25,553.66,47.34,522.38,8.4021,23.3393,0
1,105,0.0024,0.0004,642.01,1588.28,1403.22,553.11,47.31,521.81,8.4326,23.3857,0
1,106,0.0,0.0001,642.68,1589.05,1404.45,553.6,47.44,521.51,8.4664,23.4148,0
1,107,-0.0012,-0.0001,642.53,1595.13,1407.73,553.74,47.35,521.75,8.4241,23.4086,0
1,108,0.0008,0.0001,643.49,1585.91,1399.47,554.43,47.61,521.52,8.4133,23.3032,0
1,109,-0.0011,-0.0003,642.49,1586.45,1409.1,553.59,47.58,521.62,8.3757,23.3561,0
1,110,-0.0,0.0004,642.55,1590.01,1401.27,554.08,47.55,522.01,8.4638,23.2951,0
1,111,0.0008,0.0004,642.67,1584.38,1408.11,553.49,47.62,521.53,8.4447,23.2135,0
1,112,0.0005,0.0003,642.66,1586.46,1401.84,553.19,47.22,521.9,8.4445,23.3207,0
1,113,0.0007,0.0001,642.68,1590.85,1406.59,552.91,47.46,521.75,8.458,23.3101,0
1,114,0.0003,0.0004,642.31,1588.42,1402.97,554.29,47.58,521.68,8.429,23.3754,0
1,115,-0.0017,0.0005,642.66,1594.84,1406.6,554.13,47.43,521.36,8.4345,23.3022,0
1,116,-0.002,-0.0003,642.64,1580.31,1401.99,554.4,47.43,521.6,8.4059,23.3512,0
1,117,0.0005,0.0004,642.38,1589.77,1409.35,554.59,47.52,521.22,8.4256,23.1766,0
1,118,-0.0006,-0.0004,642.34,1585.67,1409.34,554.25,47.55,521.31,8.4197,23.2966,0
1,119,0.0013,0.0005,642.67,1596.8,1404.46,553.77,47.55,521.46,8.4194,23.3188,0
1,120,-0.0024,0.0005,642.81,1593.78,1407.68,553.66,47.6,521.34,8.4029,23.3061,0
1,121,-0.0033,0.0004,642.63,1593.56,1411.9,553.7,47.44,521.3,8.4263,23.422,0
1,122,0.0026,-0.0001,643.3,1593.68,1413.97,553.43,47.6,520.92,8.4256,23.2793,0
1,123,0.0016,-0.0002,643.39,1586.66,1403.04,552.64,47.41,521.6,8.4396,23.292,0
1,124,0.0025,0.0002,642.48,1587.14,1402.28,552.26,47.55,521.4,8.4416,23.2341,0
1,125,-0.0004,0.0005,642.96,1585.47,1406.42,552.44,47.63,521.57,8.4079,23.3039,0
1,126,0.0016,0.0001,642.49,1582.64,1418.5,553.72,47.49,521.35,8.4378,23.2289,0
1,127,-0.001,0.0002,642.99,1586.9,1399.49,553.81,47.63,521.34,8.4626,23.2772,0
1,128,-0.0006,0.0003,642.47,1593.87,1407.06,552.74,47.62,521.96,8.4413,23.2641,0
1,129,-0.0033,0.0003,642.41,1591.33,1408.42,552.42,47.61,522.02,8.4681,23.2656,0
1,130,-0.0007,0.0002,642.7,1585.9,1412.25,552.66,47.46,521.49,8.3938,23.3461,0
1,131,0.0002,-0.0001,643.01,1585.78,1413.25,553.7,47.7,521.45,8.4328,23.3435,0
1,132,0.0032,-0.0001,643.19,1596.06,1405.76,553.16,47.56,521.64,8.4227,23.3186,0
1,133,0.0032,-0.0002,642.45,1592.64,1410.11,553.82,47.57,521.23,8.4604,23.2521,0
1,134,-0.0014,0.0,642.85,1583.62,1402.67,553.2,47.75,521.52,8.4293,23.2833,0
1,135,-0.0017,0.0001,642.45,1585.55,1406.83,553.09,47.34,520.99,8.4242,23.2744,0
1,136,0.003,-0.0001,642.84,1584.72,1404.39,554.18,47.43,521.54,8.4469,23.1699,0
1,137,-0.0011,0.0,642.43,1594.69,1405.15,553.39,47.89,521.63,8.449,23.2593,0
1,138,-0.0011,0.0001,642.79,1589.82,1413.34,552.91,47.4,521.57,8.4208,23.3664,0
1,139,-0.0014,0.0005,643.11,1592.28,1412.6,553.25,47.67,521.03,8.4621,23.3422,0
1,140,-0.0006,-0.0001,643.05,1590.89,1408.36,552.15,47.51,521.27,8.4397,23.3704,0
1,141,-0.0023,0.0005,642.39,1590.02,1415.25,553.45,47.49,521.06,8.4641,23.2382,0
1,142,0.0026,0.0002,642.51,1595.29,1413.42,553.11,47.59,520.44,8.4291,23.2816,0
1,143,-0.0005,-0.0003,642.77,1593.1,1404.21,553.62,47.52,520.98,8.4419,23.2305,0
1,144,0.0025,-0.0004,643.09,1591.89,1405.76,553.77,47.57,521.11,8.4601,23.2249,0
1,145,-0.0004,-0.0001,642.95,1594.92,1409.63,553.03,47.54,521.13,8.4644,23.149,0
1,146,0.0002,-0.0003,642.72,1586.75,1408.82,552.6,47.63,521.13,8.4312,23.3233,0
1,147,0.0047,0.0001,642.25,1594.85,1409.96,553.09,47.8,520.92,8.4428,23.2684,0
1,148,0.001,-0.0004,643.02,1590.03,1411.89,552.84,47.49,521.08,8.4276,23.2498,0
1,149,0.0025,0.0004,642.9,1592.78,1410.7,552.54,47.83,521.13,8.4731,23.2565,0
1,150,0.001,-0.0003,643.06,1589.01,1409.22,553.57,47.6,520.5,8.4726,23.2082,0
1,151,-0.0019,-0.0001,642.82,1592.39,1411.94,552.41,47.58,520.94,8.4612,23.2277,0
1,152,0.0009,-0.0001,642.67,1598.6,1420.83,552.62,47.72,520.39,8.4572,23.2369,0
1,153,0.0011,-0.0004,642.99,1589.17,1414.56,552.68,47.74,520.69,8.4435,23.1719,0
1,154,-0.0012,0.0,642.81,1597.03,1416.07,552.57,47.73,520.72,8.4794,23.2366,0
1,155,-0.0033,0.0002,642.83,1590.4,1414.89,552.89,47.61,521.23,8.4729,23.2749,0
1,156,-0.002,0.0003,643.04,1585.61,1421.23,553.24,47.58,520.75,8.4432,23.2791,0
1,157,-0.0018,0.0002,642.2,1598.04,1412.47,552.32,47.72,520.94,8.4328,23.2354,0
1,158,-0.0023,0.0001,642.88,1596.82,1410.09,553.19,47.68,520.88,8.4368,23.2894,0
1,159,-0.0006,0.0001,642.89,1589.54,1420.37,552.18,47.76,520.65,8.4403,23.253,0
1,160,-0.0006,-0.0004,643.45,1590.65,1418.08,551.87,47.84,520.47,8.4433,23.2817,0
1,161,0.0008,0.0001,643.0,1594.2,1417.31,552.8,47.77,520.47,8.4405,23.2962,0
1,162,-0.0005,0.0004,643.15,1592.22,1423.48,552.68,47.79,520.44,8.5015,23.1538,1
1,163,0.0003,-0.0004,642.85,1600.54,1421.09,552.41,47.89,520.3,8.5129,23.1419,1
1,164,0.0005,-0.0002,643.17,1598.96,1416.76,551.9,47.7,520.63,8.4803,23.1761,1
1,165,0.001,0.0004,642.76,1597.03,1408.09,552.79,47.89,520.69,8.4922,23.2129,1
1,166,-0.0022,-0.0003,643.34,1596.72,1422.37,552.13,47.86,520.02,8.4663,23.145,1
1,167,0.0012,0.0003,643.02,1593.83,1414.72,552.57,47.85,520.49,8.4632,23.3011,1
1,168,-0.0043,0.0002,642.68,1591.19,1415.7,552.09,47.84,520.78,8.4925,23.277,1
1,169,-0.0017,0.0004,643.2,1590.16,1418.05,552.71,47.88,520.44,8.4767,23.187,1
1,170,-0.0017,-0.0002,642.92,1592.71,1417.41,552.02,47.86,520.23,8.49,23.1615,1
1,171,0.0004,-0.0003,643.26,1592.06,1414.99,552.71,48.03,519.85,8.4922,23.2444,1
1,172,-0.0014,-0.0003,643.33,1591.71,1413.73,551.69,48.07,520.54,8.4595,23.1585,1
1,173,-0.0032,0.0002,642.97,1590.69,1425.27,552.13,47.9,520.11,8.5091,23.1789,1
1,174,-0.0001,-0.0002,642.64,1599.81,1422.58,552.32,48.0,520.22,8.4476,23.0357,1
1,175,0.0001,0.0002,643.61,1603.29,1422.52,551.64,47.86,520.38,8.489,23.1573,1
1,176,-0.002,-0.0003,642.86,1592.27,1422.73,551.91,47.84,519.8,8.4853,23.2491,1
1,177,-0.0038,-0.0003,643.79,1602.02,1423.99,551.93,48.03,520.24,8.4779,23.1673,1
1,178,-0.0001,0.0002,643.38,1605.33,1424.65,552.18,48.0,520.2,8.477,23.177,1
1,179,0.0023,-0.0003,642.86,1592.56,1429.45,551.57,48.02,520.38,8.4947,23.1888,1
1,180,-0.0024,0.0,643.58,1599.87,1417.14,552.91,47.85,519.84,8.4737,23.007,1
1,181,-0.0006,0.0005,643.44,1596.71,1420.64,551.83,48.1,520.43,8.472,23.1652,1
1,182,-0.001,0.0003,644.21,1602.08,1426.62,551.9,47.98,520.46,8.5158,23.1787,1
1,183,0.0001,0.0001,643.24,1597.23,1419.03,551.38,48.03,520.05,8.5041,23.1302,1
1,184,0.0004,0.0003,644.07,1605.44,1432.52,551.0,48.07,519.77,8.5133,23.0146,1
1,185,0.0008,0.0001,643.8,1603.46,1424.4,551.64,48.15,519.82,8.4984,23.07,1
1,186,0.0027,-0.0003,643.51,1595.16,1426.3,552.57,48.12,520.08,8.5227,23.0564,1
1,187,-0.0047,-0.0,643.32,1592.1,1427.27,551.08,48.23,519.53,8.5218,23.0822,1
1,188,-0.0067,0.0003,643.75,1602.38,1422.78,551.94,48.0,519.79,8.5207,22.9588,1
1,189,-0.0006,0.0002,644.18,1596.17,1428.01,550.7,48.08,519.58,8.5183,23.1127,1
1,190,-0.0027,0.0001,643.64,1599.22,1425.95,551.29,48.33,520.04,8.5223,23.0675,1
1,191,-0.0,-0.0004,643.34,1602.36,1425.77,550.92,48.15,519.57,8.5174,23.1295,1
1,192,0.0009,-0.0,643.54,1601.41,1427.2,551.25,48.25,520.08,8.5113,22.9649,1
2,1,-0.0018,0.0006,641.89,1583.84,1391.28,554.53,46.93,522.33,8.3905,23.4585,0
2,2,0.0043,-0.0003,641.82,1587.05,1393.13,554.77,47.24,522.7,8.4167,23.4085,0
2,3,0.0018,0.0003,641.55,1588.32,1398.96,555.14,47.22,522.58,8.3802,23.425,0
2,4,0.0035,-0.0004,641.68,1584.15,1396.08,554.25,47.1,522.49,8.4018,23.5027,0
2,5,0.0005,0.0004,641.73,1579.03,1402.52,555.12,47.25,522.27,8.3867,23.4234,0
2,6,-0.001,0.0004,641.3,1577.5,1396.76,554.98,47.05,522.8,8.38,23.427,0
2,7,0.0001,-0.0002,642.03,1587.49,1400.65,554.84,47.1,522.14,8.3941,23.4718,0
2,8,0.0015,-0.0004,642.55,1590.41,1395.39,554.65,47.2,522.77,8.3861,23.4381,0
2,9,0.0017,-0.0004,641.98,1581.99,1395.01,554.69,47.14,522.4,8.3868,23.4875,0
2,10,-0.0045,0.0002,641.99,1586.37,1394.86,554.63,47.21,521.99,8.3982,23.6005,0
2,11,0.0006,0.0004,642.26,1589.21,1401.29,554.7,47.21,522.2,8.4188,23.3888,0
2,12,0.0002,0.0006,641.64,1579.99,1401.9,554.57,47.13,521.94,8.3925,23.4201,0
2,13,0.0007,0.0005,641.78,1586.77,1401.53,554.69,47.03,522.33,8.3742,23.4317,0
2,14,-0.0024,-0.0004,641.66,1584.04,1395.46,554.47,47.12,523.07,8.3887,23.4074,0
2,15,-0.0012,-0.0003,642.21,1579.84,1402.11,554.17,47.17,521.96,8.3704,23.4311,0
2,16,-0.001,0.0003,641.81,1581.99,1393.46,554.53,47.24,522.49,8.3805,23.4462,0
2,17,0.0003,-0.0001,642.43,1583.58,1390.27,553.62,47.13,522.71,8.3714,23.5245,0
2,18,0.0014,0.0001,641.95,1588.43,1400.25,554.83,47.22,522.92,8.4053,23.4203,0
2,19,0.0025,0.0001,641.75,1576.84,1401.77,555.25,47.14,522.38,8.4035,23.4102,0
2,20,0.0042,-0.0004,642.34,1582.94,1394.38,554.64,47.14,522.54,8.3698,23.3821,0
2,21,-0.0023,0.0001,642.05,1579.51,1392.28,554.72,47.04,522.58,8.3954,23.5014,0
2,22,0.0024,0.0006,642.16,1580.18,1397.67,554.35,47.17,521.73,8.3792,23.4241,0
2,23,-0.0013,0.0003,642.37,1580.89,1387.5,554.69,47.21,522.26,8.3937,23.2867,0
2,24,-0.0019,-0.0,641.99,1580.97,1398.67,553.5,47.15,522.25,8.3866,23.3981,0
2,25,0.0063,0.0001,641.81,1585.38,1396.62,554.14,47.19,522.31,8.3959,23.4883,0
2,26,-0.0011,0.0003,641.87,1575.38,1392.3,554.03,47.12,522.8,8.3472,23.4691,0
2,27,0.0006,0.0005,642.12,1585.44,1402.31,555.16,47.03,522.11,8.4077,23.4275,0
2,28,0.0037,0.0005,642.04,1581.6,1397.45,554.77,46.99,522.68,8.3734,23.4395,0
2,29,-0.0032,-0.0003,642.08,1583.78,1398.08,554.75,47.11,522.26,8.37,23.4249,0
2,30,0.0012,0.0,641.78,1590.32,1395.07,554.62,47.2,522.43,8.419,23.3985,0
2,31,-0.0009,0.0005,641.97,1579.86,1390.94,554.8,47.05,522.17,8.4393,23.4154,0
2,32,0.0013,-0.0001,641.58,1584.52,1391.11,554.56,47.12,522.54,8.3783,23.4006,0
2,33,-0.0032,0.0004,641.79,1585.17,1396.15,553.62,47.09,522.26,8.4102,23.4434,0
2,34,0.0042,0.0003,642.12,1584.08,1394.24,555.09,47.22,522.64,8.4188,23.4571,0
2,35,0.002,0.0002,641.37,1575.73,1392.55,554.73,47.25,522.0,8.4164,23.5283,0
2,36,0.0013,0.0004,641.27,1581.56,1397.13,554.59,47.21,522.32,8.3709,23.3881,0
2,37,0.005,0.0005,642.1,1585.63,1396.29,555.01,47.16,522.69,8.3609,23.4047,0
2,38,0.0013,0.0005,642.22,1585.15,1397.75,554.21,47.22,522.13,8.4069,23.4191,0
2,39,-0.0018,0.0005,642.0,1585.69,1391.49,554.05,47.2,522.79,8.3755,23.4489,0
2,40,0.0005,0.0005,642.02,1582.69,1398.38,554.07,47.22,522.3,8.401,23.4402,0
2,41,0.0015,0.0006,642.41,1578.97,1398.74,554.34,47.26,522.22,8.3856,23.3071,0
2,42,0.0016,0.0005,642.27,1579.21,1392.13,553.98,47.14,522.87,8.3449,23.4631,0
2,43,0.0027,0.0,642.02,1580.59,1391.6,554.14,47.08,522.9,8.4144,23.4966,0
2,44,0.0003,0.0003,642.01,1584.33,1398.69,554.16,47.22,522.77,8.4087,23.4546,0
2,45,-0.0014,-0.0002,642.05,1586.41,1397.6,554.2,47.17,522.27,8.3847,23.4284,0
2,46,0.0002,-0.0003,642.15,1575.45,1392.6,554.54,47.19,522.08,8.3994,23.5041,0
2,47,0.0021,0.0003,642.4,1583.85,1396.46,554.96,47.03,522.73,8.3756,23.3447,0
2,48,0.0006,-0.0001,642.09,1586.71,1397.95,554.67,47.18,522.41,8.3821,23.4336,0
2,49,-0.0006,0.0005,642.85,1583.86,1396.5,554.04,47.18,522.83,8.4024,23.4871,0
2,50,-0.0002,-0.0004,642.02,1577.86,1399.78,554.73,47.16,522.16,8.4042,23.353,0
2,51,0.0008,0.0003,642.03,1585.34,1393.06,555.02,47.03,522.34,8.3731,23.3239,0
2,52,-0.001,-0.0001,641.52,1588.48,1401.66,554.76,47.09,522.58,8.4064,23.3668,0
2,53,-0.0023,-0.0001,642.0,1584.9,1397.09,554.33,46.98,522.73,8.411,23.5307,0
2,54,0.0004,-0.0003,641.58,1583.46,1405.33,554.42,47.1,522.48,8.4057,23.3626,0
2,55,-0.0035,-0.0004,642.33,1585.59,1387.16,554.54,47.18,522.7,8.4077,23.3779,0
2,56,-0.0035,0.0002,641.84,1587.04,1388.97,554.72,47.03,522.1,8.393,23.3796,0
2,57,-0.0003,-0.0001,642.5,1584.13,1389.62,553.87,47.17,521.98,8.4008,23.4544,0
2,58,-0.0,-0.0002,642.3,1582.93,1389.91,554.46,47.3,522.24,8.3731,23.3861,0
2,59,0.0032,-0.0,642.48,1584.24,1397.95,554.6,47.17,522.78,8.4036,23.4347,0
2,60,0.0014,-0.0002,642.09,1584.57,1396.84,554.06,47.12,521.93,8.4003,23.3928,0
2,61,-0.0044,0.0001,642.41,1585.45,1399.71,555.08,47.09,522.69,8.4006,23.2745,0
2,62,-0.0017,-0.0001,641.81,1577.87,1401.66,554.52,47.27,521.78,8.4193,23.4442,0
2,63,-0.0014,0.0005,641.91,1575.83,1395.05,554.63,47.17,522.15,8.3867,23.325,0
2,64,-0.0,0.0001,641.66,1581.65,1401.46,554.93,47.11,522.18,8.4144,23.398,0
2,65,0.0008,0.0,641.7,1582.59,1395.4,554.28,47.34,522.52,8.4128,23.3455,0
2,66,0.0005,-0.0002,642.26,1584.6,1394.01,554.11,47.17,522.65,8.4121,23.426,0
2,67,-0.0036,-0.0001,642.17,1587.63,1395.44,554.99,46.96,522.58,8.3761,23.3933,0
2,68,0.0008,0.0001,642.5,1577.16,1399.27,554.07,47.16,522.2,8.4141,23.4076,0
2,69,-0.0004,0.0,642.73,1586.47,1399.73,554.35,47.33,522.21,8.4116,23.3783,0
2,70,0.0005,-0.0002,641.76,1593.24,1397.3,554.47,47.26,522.17,8.4118,23.3894,0
2,71,-0.0004,0.0002,642.39,1586.68,1403.09,555.01,47.24,522.02,8.3993,23.317,0
2,72,-0.0007,-0.0001,642.48,1583.11,1393.85,554.54,47.19,522.4,8.4012,23.4393,0
2,73,-0.0004,-0.0001,641.73,1586.57,1400.98,554.41,47.15,522.95,8.3896,23.4567,0
2,74,-0.0013,0.0001,642.39,1584.04,1396.13,555.36,47.25,521.97,8.3932,23.4015,0
2,75,0.0025,0.0004,641.64,1578.27,1390.64,555.45,47.09,522.54,8.3944,23.421,0
2,76,-0.0037,0.0001,642.01,1586.91,1399.66,554.05,46.99,522.08,8.3629,23.4591,0
2,77,0.0003,0.0,641.97,1588.54,1395.38,554.06,46.95,522.36,8.4399,23.4969,0
2,78,0.0004,-0.0001,642.44,1587.2,1394.24,554.83,47.12,522.57,8.4018,23.5367,0
2,79,0.0021,0.0004,641.62,1585.59,1398.51,554.19,47.23,522.26,8.3931,23.2873,0
2,80,0.0027,-0.0,641.37,1588.33,1394.0,554.94,47.2,523.26,8.3889,23.4198,0
2,81,0.0006,-0.0001,641.72,1578.31,1390.12,555.25,47.25,522.62,8.4162,23.4685,0
2,82,0.0035,-0.0001,641.86,1587.24,1402.78,554.17,47.19,522.3,8.3428,23.4491,0
2,83,0.0,-0.0004,641.73,1585.18,1398.81,554.18,47.13,523.13,8.3997,23.4056,0
2,84,-0.0037,-0.0004,642.41,1586.46,1402.26,554.86,47.29,522.75,8.394,23.4055,0
2,85,0.0002,0.0004,641.73,1588.31,1398.33,554.5,47.19,522.63,8.3954,23.4072,0
2,86,0.0004,-0.0,641.85,1579.31,1399.12,554.51,47.27,522.26,8.3958,23.4982,0
2,87,0.0019,-0.0002,642.36,1582.64,1399.51,554.77,47.26,522.59,8.3952,23.2916,0
2,88,0.0007,-0.0002,642.23,1587.88,1398.17,554.71,47.04,522.62,8.3851,23.4173,0
2,89,0.0017,0.0005,641.95,1584.62,1394.07,554.18,47.18,522.42,8.4143,23.4148,0
2,90,0.0019,-0.0003,642.06,1580.77,1405.34,554.1,47.21,522.04,8.3922,23.4878,0
2,91,-0.0007,-0.0002,642.09,1583.57,1399.47,553.79,47.15,522.48,8.4026,23.3972,0
2,92,-0.0006,0.0005,642.36,1584.87,1399.17,554.28,47.13,522.45,8.3919,23.2772,0
2,93,0.0019,-0.0004,642.21,1591.68,1392.48,553.92,47.24,522.52,8.4005,23.3075,0
2,94,0.0,0.0005,642.1,1585.62,1395.39,554.53,47.38,522.74,8.4075,23.4165,0
2,95,-0.0022,0.0002,642.56,1579.26,1402.79,553.99,47.06,522.37,8.3773,23.4318,0
2,96,-0.0026,0.0006,642.42,1576.94,1399.59,554.4,47.07,521.66,8.3698,23.3285,0
2,97,0.0008,0.0001,642.04,1586.12,1400.5,554.42,47.19,522.22,8.4202,23.3578,0
2,98,-0.0001,0.0003,641.73,1587.84,1401.08,554.57,47.21,522.92,8.4115,23.5011,0
2,99,-0.0034,-0.0004,642.04,1585.48,1400.97,554.43,47.13,522.5,8.4179,23.3414,0
2,100,0.0076,-0.0001,642.04,1586.01,1402.72,554.48,47.21,522.01,8.4107,23.331,0
2,101,0.0031,-0.0,641.96,1582.66,1397.81,555.07,47.37,522.4,8.3835,23.4257,0
2,102,0.0016,0.0001,642.44,1590.24,1407.05,554.44,47.19,522.05,8.4052,23.3453,0
2,103,-0.0022,0.0002,642.05,1587.75,1392.16,554.44,47.23,522.36,8.4148,23.4403,0
2,104,-0.0034,0.0002,642.41,1582.04,1397.31,554.91,47.26,522.18,8.4037,23.4053,0
2,105,-0.005,0.0004,641.94,1585.65,1397.45,554.81,47.32,522.11,8.4056,23.3467,0
2,106,0.0002,-0.0004,641.87,1584.61,1402.62,553.96,47.32,522.11,8.3727,23.4154,0
2,107,0.0011,-0.0001,642.52,1581.7,1402.93,554.21,47.16,522.34,8.3723,23.5191,0
2,108,0.0014,0.0004,642.24,1578.45,1396.25,554.29,47.23,522.27,8.3978,23.4441,0
2,109,0.0014,0.0,642.12,1590.41,1392.9,553.72,47.28,522.0,8.4061,23.3497,0
2,110,-0.0013,-0.0002,642.29,1583.3,1398.47,554.5,47.31,522.27,8.3723,23.3997,0
2,111,0.0039,0.0,642.24,1576.85,1393.76,554.42,47.18,522.32,8.4437,23.4703,0
2,112,-0.0023,-0.0002,642.49,1588.35,1397.2,554.33,47.37,522.23,8.4025,23.3444,0
2,113,-0.003,0.0,641.95,1584.21,1404.74,554.07,47.23,522.1,8.3994,23.5029,0
2,114,-0.0005,-0.0002,642.13,1576.56,1397.05,555.1,47.19,522.13,8.4119,23.3784,0
2,115,-0.0041,-0.0001,642.16,1583.27,1401.33,554.37,47.14,522.1,8.395,23.313,0
2,116,-0.001,0.0004,642.38,1577.87,1398.39,554.45,47.01,522.48,8.3895,23.4542,0
2,117,-0.0031,-0.0,641.97,1583.84,1395.4,554.6,47.23,522.39,8.4365,23.432,0
2,118,-0.0013,0.0004,641.95,1580.49,1400.99,553.96,47.11,522.23,8.3735,23.2912,0
2,119,0.0,-0.0002,642.67,1585.06,1401.87,554.32,47.24,522.21,8.4236,23.3731,0
2,120,-0.0001,0.0004,642.01,1589.61,1394.39,554.42,47.22,521.62,8.3666,23.4077,0
2,121,0.0027,0.0003,642.04,1580.19,1391.52,554.51,47.28,522.31,8.4134,23.3381,0
2,122,0.0011,0.0003,642.08,1585.52,1405.27,553.82,47.23,521.96,8.3783,23.3284,0
2,123,-0.001,-0.0004,642.11,1588.59,1403.23,554.31,47.21,522.14,8.3887,23.4492,0
2,124,-0.0002,0.0004,642.37,1583.12,1399.26,554.58,47.06,522.64,8.4049,23.3364,0
2,125,-0.0015,0.0001,642.71,1586.32,1397.94,554.81,47.31,522.23,8.4012,23.3785,0
2,126,0.0006,0.0005,642.07,1587.45,1403.41,554.03,47.28,521.95,8.4243,23.3592,0
2,127,-0.0002,-0.0004,642.26,1586.65,1400.81,554.08,47.21,522.2,8.4476,23.34,0
2,128,-0.0008,0.0,641.54,1592.2,1397.34,554.16,47.2,522.36,8.4098,23.3966,0
2,129,0.0007,0.0004,641.66,1590.59,1400.25,554.6,47.23,522.19,8.3986,23.4331,0
2,130,0.0035,-0.0003,642.06,1584.83,1409.98,554.42,47.26,522.4,8.4145,23.3645,0
2,131,-0.0001,0.0001,641.96,1587.61,1394.26,554.88,47.36,522.37,8.4074,23.4016,0
2,132,0.0002,0.0006,642.01,1586.66,1398.78,554.4,47.12,522.25,8.4102,23.313,0
2,133,-0.0016,-0.0004,642.84,1581.22,1393.87,554.21,47.18,521.71,8.4054,23.2668,0
2,134,0.0026,0.0001,642.76,1586.44,1406.2,553.88,47.17,521.95,8.381,23.3367,0
2,135,0.0009,-0.0002,642.02,1580.12,1404.56,554.52,47.34,522.13,8.4108,23.3992,0
2,136,0.001,-0.0003,642.06,1582.91,1402.67,554.5,47.09,521.86,8.3889,23.4236,0
2,137,0.0044,-0.0004,642.46,1585.36,1406.79,554.42,47.39,522.21,8.369,23.3517,0
2,138,0.0012,0.0004,642.34,1585.19,1398.95,555.03,47.16,521.73,8.4125,23.4346,0
2,139,-0.0003,0.0005,642.63,1590.88,1400.87,554.24,47.3,522.61,8.3919,23.4316,0
2,140,0.0014,-0.0001,642.29,1593.7,1403.14,554.86,47.32,522.49,8.4243,23.474,0
2,141,0.0019,0.0003,642.07,1585.09,1403.25,554.7,47.43,522.5,8.4254,23.4038,0
2,142,-0.0007,0.0004,641.91,1586.41,1401.27,554.18,47.3,522.18,8.3936,23.4716,0
2,143,0.0001,0.0004,642.31,1588.88,1400.49,554.05,47.3,521.73,8.423,23.4197,0
2,144,-0.0005,0.0002,642.02,1584.35,1401.21,553.96,47.32,522.11,8.3836,23.3494,0
2,145,-0.0021,0.0001,642.01,1582.72,1403.53,554.1,47.33,521.93,8.3967,23.5167,0
2,146,0.0043,-0.0001,642.52,1590.06,1405.09,554.25,47.3,522.0,8.4074,23.4017,0
2,147,0.0004,-0.0001,642.27,1588.78,1394.58,554.16,47.48,521.91,8.3896,23.3356,0
2,148,0.0018,0.0004,642.65,1584.5,1398.3,554.32,47.31,522.57,8.4128,23.3971,0
2,149,-0.002,-0.0003,642.03,1587.88,1404.41,553.84,47.31,521.87,8.387,23.4024,0
2,150,-0.0021,0.0004,642.62,1585.43,1393.74,554.13,47.15,522.22,8.4175,23.2996,0
2,151,0.0051,-0.0004,642.54,1590.21,1398.31,553.66,47.33,522.28,8.4173,23.3831,0
2,152,-0.0004,0.0003,642.38,1583.49,1400.9,553.86,47.25,522.06,8.4123,23.3666,0
2,153,0.0043,0.0002,641.96,1594.33,1397.52,553.78,47.29,521.82,8.4262,23.3222,0
2,154,0.0012,0.0001,642.34,1591.3,1413.28,554.45,47.23,522.21,8.4161,23.4216,0
2,155,-0.0022,-0.0003,642.17,1580.93,1397.45,553.84,47.23,521.91,8.4029,23.3634,0
2,156,-0.0045,0.0004,642.15,1578.73,1399.13,554.7,47.31,522.14,8.4075,23.3474,0
2,157,-0.0014,-0.0004,642.04,1588.7,1400.63,553.71,47.45,522.25,8.4137,23.2225,0
2,158,0.0014,0.0001,641.99,1586.95,1404.68,554.67,47.45,522.32,8.4324,23.422,0
2,159,-0.0018,-0.0003,641.81,1593.89,1399.71,553.7,47.26,522.2,8.4138,23.3979,0
2,160,0.0033,-0.0003,642.53,1585.65,1409.72,554.65,47.46,521.96,8.4012,23.4119,0
2,161,-0.0031,0.0003,642.08,1586.65,1396.32,554.18,47.19,521.96,8.4601,23.4036,0
2,162,0.0028,0.0003,641.71,1588.83,1401.23,553.95,47.42,522.09,8.3739,23.4045,0
2,163,0.0007,0.0004,642.88,1589.56,1396.2,553.96,47.29,521.55,8.3904,23.4442,0
2,164,0.0043,0.0003,642.82,1588.23,1405.5,554.31,47.32,521.74,8.4304,23.4381,0
2,165,-0.0043,0.0004,642.17,1588.55,1402.96,553.71,47.39,522.28,8.4068,23.4707,0
2,166,-0.0068,0.0002,641.79,1589.09,1394.26,553.71,47.43,521.96,8.4111,23.4352,0
2,167,0.0005,-0.0001,642.25,1588.74,1395.35,553.62,47.39,522.11,8.4261,23.3977,0
2,168,-0.0026,-0.0003,642.55,1593.95,1404.01,554.32,47.3,521.89,8.4329,23.3787,0
2,169,-0.0004,0.0003,642.26,1581.85,1406.06,553.06,47.33,521.77,8.4214,23.3766,0
2,170,0.0025,0.0004,642.14,1577.26,1405.93,553.84,47.35,522.36,8.4079,23.3532,0
2,171,0.0012,0.0005,642.21,1587.94,1410.34,553.84,47.34,521.89,8.4027,23.287,0
2,172,-0.0041,0.0004,642.07,1589.42,1398.26,553.69,47.25,521.42,8.4109,23.3496,0
2,173,0.0003,-0.0002,642.66,1589.0,1403.22,554.64,47.27,521.4,8.4288,23.3576,0
2,174,-0.0009,-0.0003,642.34,1588.01,1403.24,553.76,47.31,521.85,8.3994,23.3513,0
2,175,-0.0005,0.0005,642.46,1584.58,1398.37,554.01,47.45,522.2,8.417,23.3065,0
2,176,-0.001,-0.0004,642.32,1585.73,1405.47,554.15,47.22,521.54,8.4189,23.4372,0
2,177,0.0004,-0.0001,642.35,1586.88,1400.31,554.59,47.42,521.95,8.4153,23.3538,0
2,178,0.0031,0.0003,642.43,1590.29,1404.39,553.83,47.56,521.97,8.3914,23.353,0
2,179,-0.0024,-0.0001,642.33,1584.55,1399.3,553.86,47.37,522.48,8.4462,23.3329,0
2,180,-0.0011,0.0,642.5,1593.51,1402.27,554.21,47.52,521.76,8.4404,23.3712,0
2,181,0.0003,-0.0002,642.01,1585.87,1399.24,554.29,47.27,522.19,8.4148,23.3777,0
2,182,-0.0,-0.0002,642.39,1586.42,1406.61,553.63,47.52,522.39,8.4072,23.2931,0
2,183,-0.0015,-0.0002,642.6,1584.95,1406.15,554.35,47.24,521.84,8.4225,23.3851,0
2,184,0.0037,0.0,642.43,1585.66,1408.13,554.99,47.47,521.86,8.3996,23.4003,0
2,185,-0.002,0.0004,642.66,1581.09,1407.11,554.53,47.23,522.22,8.42,23.2801,0
2,186,-0.0004,0.0002,642.8,1582.46,1404.35,554.42,47.47,521.82,8.4131,23.3416,0
2,187,0.0019,0.0002,642.69,1588.88,1407.54,553.32,47.51,521.09,8.4101,23.3926,0
2,188,0.0024,0.0002,642.64,1582.97,1402.72,554.26,47.37,522.34,8.4124,23.306,0
2,189,0.0003,0.0002,642.81,1583.54,1403.09,554.03,47.42,521.7,8.4253,23.2923,0
2,190,0.0013,0.0004,642.48,1592.5,1405.73,554.4,47.2,521.73,8.4128,23.2623,0
2,191,-0.0009,0.0004,642.23,1584.59,1407.64,553.42,47.4,521.92,8.4694,23.3507,0
2,192,0.0003,0.0002,642.18,1589.95,1404.07,553.09,47.49,521.7,8.4309,23.3049,0
2,193,-0.0021,-0.0003,642.13,1588.28,1399.59,553.54,47.3,521.16,8.4143,23.2606,0
2,194,-0.0003,-0.0003,643.1,1592.38,1404.64,553.86,47.69,522.17,8.4304,23.3282,0
2,195,-0.0026,0.0004,643.24,1591.55,1410.18,553.22,47.32,521.92,8.4224,23.3326,0
2,196,0.0003,0.0004,642.64,1591.39,1408.59,554.31,47.43,522.02,8.4614,23.3682,0
2,197,0.0018,0.0005,642.55,1588.64,1403.29,554.07,47.36,521.47,8.4387,23.3426,0
2,198,-0.0051,0.0003,643.21,1596.17,1402.91,553.94,47.14,521.5,8.441,23.2813,0
2,199,0.0026,0.0001,642.44,1587.17,1409.39,554.06,47.49,521.22,8.429,23.2433,0
2,200,-0.0017,0.0,642.74,1589.73,1406.28,553.13,47.44,521.69,8.4143,23.4101,0
2,201,0.0021,0.0002,642.31,1595.57,1400.92,554.25,47.44,521.88,8.4458,23.3551,0
2,202,-0.0001,0.0003,642.56,1589.47,1408.72,554.14,47.45,522.01,8.4287,23.1814,0
2,203,0.0048,0.0001,641.95,1593.02,1410.33,553.2,47.58,521.41,8.4197,23.1596,0
2,204,0.0012,0.0003,642.46,1591.84,1404.01,553.94,47.43,521.33,8.4779,23.3788,0
2,205,-0.0021,0.0003,642.65,1586.59,1409.11,552.83,47.42,521.48,8.4298,23.3266,0
2,206,-0.0004,-0.0003,642.51,1588.18,1411.14,553.86,47.24,521.37,8.4086,23.3974,0
2,207,-0.0003,-0.0004,642.73,1591.04,1402.94,553.06,47.39,521.55,8.4175,23.308,0
2,208,0.0004,0.0004,642.6,1590.29,1407.93,553.09,47.51,521.64,8.458,23.2931,0
2,209,0.004,0.0002,642.27,1590.92,1409.2,553.66,47.43,520.72,8.4281,23.3362,0
2,210,-0.005,0.0001,642.88,1583.56,1396.99,553.5,47.51,521.77,8.4317,23.2484,0
2,211,-0.0017,-0.0002,642.8,1584.65,1409.23,552.47,47.48,521.67,8.452,23.2252,0
2,212,0.0005,-0.0004,642.54,1586.71,1406.43,553.32,47.51,521.74,8.461,23.2138,0
2,213,-0.0039,-0.0,642.39,1594.64,1407.38,554.04,47.56,521.65,8.4354,23.3246,0
2,214,0.0017,-0.0002,642.39,1588.17,1402.21,553.86,47.49,521.81,8.4428,23.2857,0
2,215,-0.0004,0.0005,642.97,1591.44,1411.63,553.75,47.57,521.02,8.4192,23.117,0
2,216,-0.0021,0.0005,642.46,1583.46,1408.68,553.01,47.53,522.19,8.452,23.3221,0
2,217,0.0023,0.0005,643.3,1585.11,1407.97,553.22,47.51,521.29,8.4982,23.2658,0
2,218,0.0033,-0.0002,642.91,1592.69,1412.7,553.09,47.56,521.7,8.4763,23.2734,0
2,219,0.0029,0.0001,642.88,1592.52,1412.91,553.28,47.71,521.74,8.46,23.371,0
2,220,-0.0036,-0.0002,642.87,1600.76,1406.68,552.92,47.54,520.77,8.4123,23.3541,0
2,221,0.0032,-0.0001,643.09,1586.57,1408.21,553.77,47.47,521.46,8.4446,23.3309,0
2,222,0.001,0.0001,643.16,1590.78,1411.66,553.56,47.52,521.46,8.4414,23.3147,0
2,223,-0.0002,0.0003,643.06,1596.47,1406.28,553.91,47.62,520.84,8.4348,23.2077,0
2,224,-0.001,0.0001,642.86,1592.47,1414.63,553.17,47.74,521.16,8.4495,23.2336,0
2,225,0.0014,-0.0,642.68,1590.59,1409.87,553.96,47.67,521.33,8.4357,23.209,0
2,226,-0.0018,0.0002,643.23,1601.02,1408.9,553.45,47.46,521.59,8.4744,23.3575,0
2,227,0.0014,0.0004,642.8,1587.46,1410.4,553.73,47.66,521.28,8.4472,23.2895,0
2,228,-0.0017,0.0001,642.67,1592.83,1406.88,553.35,47.46,521.18,8.4493,23.2553,0
2,229,0.0008,-0.0001,642.32,1593.83,1407.69,553.0,47.65,521.66,8.4447,23.1824,0
2,230,-0.0002,0.0004,642.68,1593.67,1412.71,553.43,47.69,520.94,8.4482,23.2213,0
2,231,-0.0004,-0.0001,642.99,1593.78,1404.68,552.61,47.64,521.73,8.462,23.2847,0
2,232,0.0027,0.0004,642.98,1590.33,1411.66,553.53,47.56,520.9,8.4395,23.2459,0
2,233,-0.0023,-0.0004,642.96,1599.65,1413.34,553.49,47.66,521.63,8.448,23.3894,0
2,234,-0.0022,-0.0002,643.49,1588.68,1412.07,553.31,47.58,521.42,8.4341,23.2635,0
2,235,0.0019,0.0002,642.63,1594.54,1406.42,552.42,47.85,521.66,8.4699,23.2137,0
2,236,-0.0044,0.0003,643.01,1598.16,1410.66,553.52,47.63,521.17,8.4679,23.275,0
2,237,0.0027,0.0004,643.14,1593.05,1419.76,552.78,47.65,520.7,8.4742,23.2618,0
2,238,-0.0018,-0.0,643.13,1599.64,1413.73,552.98,47.52,521.34,8.4681,23.1829,0
2,239,0.0026,-0.0003,642.73,1598.37,1417.49,553.05,47.83,520.66,8.4318,23.2728,0
2,240,-0.0017,-0.0002,642.61,1599.71,1406.54,553.18,47.66,521.18,8.482,23.314,0
2,241,-0.0026,0.0001,643.14,1598.65,1418.33,552.36,47.7,521.1,8.4423,23.1703,0
2,242,-0.0008,0.0004,643.77,1593.7,1408.71,553.07,47.54,521.6,8.4377,23.2157,0
2,243,0.0042,-0.0002,643.04,1593.98,1411.41,552.71,47.55,521.05,8.4661,23.2729,0
2,244,-0.0013,0.0005,642.88,1595.99,1413.04,552.68,47.71,520.6,8.4785,23.3427,0
2,245,-0.0016,0.0005,642.7,1590.93,1418.05,552.75,47.75,521.03,8.4748,23.2067,0
2,246,0.0001,0.0003,642.85,1589.74,1420.2,552.57,47.72,521.27,8.4702,23.27,0
2,247,-0.0013,-0.0002,642.88,1601.2,1413.56,552.46,47.7,520.61,8.4745,23.2229,0
2,248,0.0048,0.0001,643.06,1599.41,1417.22,552.52,47.75,520.49,8.5015,23.19,0
2,249,0.0013,-0.0004,643.79,1599.77,1419.19,551.56,47.66,520.7,8.4615,23.2251,0
2,250,-0.0029,0.0004,643.15,1598.28,1415.35,553.0,47.79,520.37,8.4495,23.1868,0
2,251,-0.0017,-0.0003,642.47,1598.68,1418.61,552.01,47.92,520.99,8.467,23.2506,0
2,252,-0.004,0.0004,642.83,1596.89,1422.69,552.51,47.7,519.98,8.4779,23.2033,0
2,253,0.0009,-0.0002,643.01,1596.43,1416.12,553.07,47.69,520.7,8.4662,23.17,0
2,254,-0.0009,0.0005,643.31,1593.88,1423.55,551.99,47.95,520.83,8.4604,23.1766,0
2,255,0.0012,0.0006,643.48,1598.25,1412.73,553.26,47.67,520.85,8.4829,23.2282,0
2,256,-0.0044,0.0004,642.92,1598.83,1421.46,552.68,47.77,520.67,8.5297,23.2518,0
2,257,0.0,-0.0002,643.06,1593.17,1426.94,552.19,48.02,520.95,8.4847,23.2133,1
2,258,0.0007,-0.0,642.93,1599.77,1421.07,552.71,47.66,520.79,8.4796,23.1194,1
2,259,0.0006,-0.0003,642.78,1597.65,1416.63,552.58,47.91,520.52,8.5312,23.1053,1
2,260,0.0027,0.0001,642.94,1593.51,1419.41,552.02,47.94,520.54,8.4766,23.153,1
2,261,-0.0009,0.0003,643.69,1594.0,1419.92,552.31,48.03,519.98,8.4775,23.1426,1
2,262,0.0068,-0.0002,643.05,1588.3,1418.2,553.01,47.82,520.68,8.467,23.1573,1
2,263,-0.0023,0.0001,643.16,1592.32,1422.82,552.81,47.91,521.04,8.5205,23.1446,1
2,264,-0.0017,0.0005,643.47,1610.1,1424.48,552.17,48.07,520.47,8.522,23.2342,1
2,265,-0.0035,0.0004,643.03,1593.48,1420.27,552.45,47.66,520.27,8.5185,23.0402,1
2,266,0.002,-0.0001,643.14,1591.54,1422.54,551.84,47.84,520.52,8.461,23.1815,1
2,267,-0.0,0.0003,642.96,1602.23,1422.12,552.61,47.8,520.2,8.4596,23.1591,1
2,268,0.0006,-0.0,643.1,1602.53,1419.61,552.1,47.96,520.93,8.5129,23.1937,1
2,269,-0.0002,-0.0002,643.11,1594.52,1419.23,551.28,48.09,519.74,8.5043,22.9897,1
2,270,0.0005,-0.0002,643.12,1604.32,1424.27,551.75,48.04,520.35,8.5204,23.1713,1
2,271,0.0001,0.0002,643.87,1607.43,1425.06,551.73,48.14,519.97,8.5014,22.9721,1
2,272,-0.0004,0.0001,643.27,1600.02,1426.7,552.44,47.96,520.56,8.5126,23.1781,1
2,273,-0.0036,-0.0003,643.71,1598.88,1418.55,552.47,47.88,519.72,8.5098,23.1182,1
2,274,-0.0,0.0004,643.18,1598.98,1427.83,551.25,48.07,519.73,8.488,23.1046,1
2,275,0.001,0.0001,643.67,1595.3,1421.8,551.86,48.02,520.0,8.5136,23.198,1
2,276,-0.0018,0.0004,643.82,1605.46,1429.66,551.43,47.98,520.09,8.5177,23.0895,1
2,277,0.0017,-0.0004,643.91,1601.47,1424.78,552.45,48.03,519.93,8.5206,23.0609,1
2,278,-0.0,-0.0003,643.44,1597.61,1423.67,551.49,47.99,519.72,8.5285,23.0702,1
2,279,0.0006,0.0005,643.64,1594.8,1426.95,551.16,48.13,519.66,8.5237,23.046,1
2,280,-0.0061,-0.0,643.63,1594.21,1422.89,551.84,48.12,519.91,8.4889,23.1462,1
2,281,-0.0009,-0.0003,643.6,1598.25,1424.36,551.44,48.17,519.48,8.5377,23.0385,1
2,282,0.0012,-0.0,643.94,1598.56,1426.87,552.29,48.27,520.05,8.5149,23.094,1
2,283,0.0046,0.0002,643.78,1602.03,1429.67,551.46,48.21,520.07,8.5199,23.0358,1
2,284,-0.0006,0.0001,643.91,1601.35,1430.04,551.96,48.18,519.95,8.5291,23.1196,1
2,285,-0.0007,0.0004,643.67,1596.84,1431.17,550.85,48.27,519.91,8.5242,23.1155,1
2,286,-0.001,-0.0003,643.44,1603.63,1429.57,551.61,48.14,519.51,8.4932,23.0169,1
2,287,-0.0005,0.0006,643.85,1608.5,1430.84,551.66,48.12,519.81,8.5365,23.0848,1
3,1,0.0008,0.0005,642.04,1584.2,1398.13,553.96,47.14,522.24,8.4207,23.3205,0
3,2,-0.001,0.0,642.66,1587.04,1398.62,554.76,47.35,522.03,8.3949,23.4369,0
3,3,0.0013,-0.0002,642.07,1580.75,1401.1,554.51,46.94,522.16,8.382,23.3162,0
3,4,0.0008,-0.0002,642.5,1580.12,1395.76,554.48,47.44,522.31,8.394,23.4901,0
3,5,0.002,0.0004,641.97,1581.48,1394.05,554.14,47.16,522.0,8.4233,23.419,0
3,6,-0.001,-0.0003,642.65,1581.26,1397.98,554.86,47.12,522.58,8.4126,23.4656,0
3,7,-0.0018,-0.0003,642.62,1583.68,1405.76,554.29,47.26,522.08,8.4369,23.4051,0
3,8,0.0017,-0.0005,642.23,1581.6,1401.86,554.11,47.13,521.87,8.4197,23.3564,0
3,9,0.0,0.0003,642.6,1581.04,1398.3,554.61,47.16,522.47,8.4151,23.3873,0
3,10,-0.0009,0.0003,642.72,1582.2,1400.07,554.28,47.22,522.4,8.4063,23.3129,0
3,11,-0.0009,0.0002,641.94,1591.43,1400.59,554.88,47.4,522.02,8.4237,23.4161,0
3,12,-0.0029,0.0003,642.61,1583.92,1404.93,553.45,47.17,522.07,8.3779,23.3028,0
3,13,0.0002,0.0003,642.63,1583.25,1403.52,555.25,47.25,522.26,8.3743,23.3372,0
3,14,0.0,0.0004,642.16,1591.03,1396.35,554.31,47.27,521.69,8.4339,23.3506,0
3,15,-0.0015,0.0001,641.83,1585.29,1398.77,554.36,47.15,522.0,8.4311,23.2825,0
3,16,-0.0064,-0.0002,642.65,1589.05,1392.15,554.17,47.26,522.25,8.4147,23.4078,0
3,17,-0.0018,-0.0001,642.78,1588.94,1395.76,553.74,47.35,522.37,8.4018,23.4031,0
3,18,-0.0013,-0.0005,642.26,1584.36,1402.3,554.52,47.38,521.8,8.4244,23.3709,0
3,19,0.0029,-0.0004,642.05,1580.67,1402.82,553.99,47.23,522.18,8.413,23.4505,0
3,20,-0.002,-0.0002,642.25,1580.73,1394.57,554.54,47.1,522.29,8.398,23.3357,0
3,21,-0.0006,0.0004,642.18,1586.78,1398.83,554.32,47.27,522.67,8.4302,23.3923,0
3,22,-0.0052,-0.0001,642.34,1589.55,1405.28,554.71,47.3,522.53,8.432,23.4213,0
3,23,-0.0004,-0.0002,642.07,1585.2,1395.59,554.04,47.12,522.22,8.3839,23.3791,0
3,24,-0.0038,-0.0002,642.24,1585.08,1395.73,554.65,47.26,521.66,8.3768,23.3903,0
3,25,-0.0005,-0.0004,642.24,1579.4,1390.93,554.21,47.17,522.15,8.3845,23.4004,0
3,26,-0.0023,-0.0005,641.61,1586.92,1401.63,553.9,47.28,521.93,8.4062,23.2767,0
3,27,0.001,0.0002,642.36,1581.83,1400.85,554.67,47.17,521.69,8.4095,23.3769,0
3,28,0.0001,-0.0,641.48,1590.59,1400.68,553.51,47.22,522.27,8.3998,23.4092,0
3,29,0.0038,0.0004,642.01,1584.71,1396.05,554.94,47.24,522.15,8.4387,23.3378,0
3,30,0.0012,0.0004,642.21,1584.95,1398.1,554.05,47.23,522.35,8.3927,23.3824,0
3,31,0.0039,0.0001,642.33,1588.68,1393.95,553.06,47.33,521.92,8.393,23.3272,0
3,32,0.0018,0.0002,642.55,1583.7,1400.58,554.32,47.3,522.11,8.392,23.3545,0
3,33,0.0004,0.0002,641.82,1583.55,1403.93,554.27,47.31,522.1,8.4086,23.4537,0
3,34,-0.0014,0.0005,642.83,1584.17,1397.47,554.42,47.2,522.34,8.4035,23.3728,0
3,35,-0.0013,0.0001,642.08,1584.57,1396.92,554.1,47.26,522.19,8.3924,23.343,0
3,36,-0.0018,0.0001,642.06,1580.96,1399.12,554.11,47.33,522.77,8.3794,23.3414,0
3,37,0.0058,0.0001,641.68,1582.96,1396.65,555.28,47.17,522.14,8.4142,23.2711,0
3,38,0.0006,0.0001,641.72,1577.99,1401.83,554.11,47.44,521.81,8.4094,23.3501,0
3,39,0.0011,0.0004,641.94,1580.42,1400.8,554.18,47.1,522.0,8.3738,23.3514,0
3,40,-0.0038,0.0001,641.97,1579.38,1403.24,553.75,47.09,521.84,8.3987,23.4079,0
3,41,0.0009,-0.0002,642.79,1586.38,1394.92,554.68,47.32,522.69,8.3682,23.3774,0
3,42,0.0027,-0.0003,642.61,1586.25,1404.49,554.31,47.31,522.02,8.3828,23.4412,0
3,43,0.0044,-0.0003,642.58,1587.9,1401.51,554.18,47.35,521.7,8.4397,23.3024,0
3,44,-0.0022,-0.0005,642.21,1586.83,1395.48,554.45,47.17,522.47,8.4259,23.448,0
3,45,-0.0025,-0.0005,642.15,1582.99,1398.33,554.43,47.06,522.17,8.4342,23.4284,0
3,46,0.0015,0.0004,642.42,1590.25,1401.55,554.0,47.38,521.88,8.4024,23.3352,0
3,47,-0.0013,-0.0004,642.26,1587.55,1395.3,554.82,47.29,522.2,8.4134,23.4428,0
3,48,0.0002,0.0001,642.01,1587.21,1392.94,554.41,47.32,521.88,8.4199,23.406,0
3,49,-0.0002,-0.0,642.16,1583.53,1396.11,554.28,47.33,522.28,8.3716,23.3813,0
3,50,0.0012,-0.0004,642.51,1586.16,1402.64,553.87,47.27,522.07,8.4054,23.4013,0
3,51,0.0022,0.0001,642.39,1592.16,1401.05,554.15,47.14,522.18,8.4004,23.3874,0
3,52,0.0042,-0.0,642.29,1582.66,1404.99,554.39,47.36,522.73,8.3954,23.4006,0
3,53,0.0032,0.0002,642.02,1588.04,1399.78,554.54,47.21,522.54,8.4046,23.3824,0
3,54,0.0003,0.0002,642.03,1585.66,1407.04,554.28,47.45,522.19,8.3958,23.4086,0
3,55,-0.0001,0.0002,642.41,1594.2,1399.08,554.34,47.22,522.09,8.4135,23.4306,0
3,56,-0.0001,-0.0002,642.73,1586.08,1403.97,554.47,47.14,522.08,8.4042,23.4319,0
3,57,0.0004,-0.0005,642.56,1581.97,1398.55,553.99,47.28,522.06,8.4128,23.366,0
3,58,0.004,-0.0005,642.52,1581.31,1403.99,553.58,47.35,521.85,8.4032,23.3982,0
3,59,0.0011,0.0002,642.31,1587.46,1397.56,553.88,47.22,522.85,8.4039,23.388,0
3,60,0.0011,0.0003,641.8,1586.82,1405.66,553.34,47.47,522.23,8.4616,23.2905,0
3,61,-0.0006,0.0002,642.5,1585.5,1392.35,554.01,47.26,521.8,8.4046,23.3697,0
3,62,0.0009,0.0002,642.18,1591.5,1403.57,553.67,47.28,522.16,8.417,23.4182,0
3,63,0.0018,0.0004,642.1,1583.42,1398.98,554.61,47.27,522.27,8.4241,23.3903,0
3,64,0.0004,0.0001,642.53,1590.04,1404.68,553.9,47.24,522.24,8.4227,23.3791,0
3,65,-0.0024,-0.0003,641.69,1586.21,1400.69,554.63,47.29,522.25,8.4379,23.4958,0
3,66,-0.0003,0.0,642.25,1577.22,1397.9,553.79,47.31,522.15,8.4032,23.432,0
3,67,-0.004,-0.0005,642.0,1584.55,1403.87,553.84,47.29,521.81,8.419,23.4697,0
3,68,0.0034,-0.0002,642.94,1587.27,1400.37,554.43,47.31,522.14,8.4005,23.3725,0
3,69,0.0051,-0.0001,642.05,1581.93,1404.2,555.14,47.24,521.69,8.4404,23.3595,0
3,70,-0.0011,0.0004,642.54,1587.02,1397.09,553.8,47.44,521.88,8.4183,23.4527,0
3,71,0.0002,0.0001,642.9,1579.41,1401.19,554.59,47.43,522.0,8.3895,23.3944,0
3,72,-0.0014,-0.0002,642.25,1590.21,1389.86,554.25,47.48,521.66,8.4042,23.293,0
3,73,0.0009,0.0002,642.42,1585.01,1400.06,554.31,47.23,523.18,8.406,23.4922,0
3,74,0.0023,-0.0001,642.75,1589.64,1405.76,554.4,47.14,521.78,8.4211,23.3845,0
3,75,-0.0007,-0.0002,642.25,1592.23,1406.98,553.73,47.25,522.24,8.4043,23.41,0
3,76,-0.0032,-0.0001,642.52,1589.35,1405.34,553.91,47.35,522.25,8.3813,23.4065,0
3,77,-0.0001,0.0001,642.98,1584.13,1405.99,554.08,47.16,522.52,8.4375,23.4131,0
3,78,-0.0003,-0.0005,642.43,1579.52,1400.53,553.62,47.38,521.57,8.4174,23.3301,0
3,79,0.0006,0.0004,642.31,1582.4,1403.49,553.6,47.28,522.72,8.384,23.3451,0
3,80,-0.0003,-0.0003,641.74,1580.95,1405.37,553.21,47.34,521.97,8.3935,23.5181,0
3,81,-0.0007,0.0002,642.55,1581.73,1402.65,553.88,47.46,521.34,8.4145,23.3728,0
3,82,-0.003,-0.0003,642.24,1583.69,1400.4,553.7,47.22,522.16,8.4089,23.3822,0
3,83,-0.0007,-0.0004,642.27,1591.3,1398.73,553.79,47.51,522.02,8.3789,23.4426,0
3,84,-0.0031,0.0004,642.18,1593.32,1400.62,554.01,47.51,522.19,8.3901,23.3873,0
3,85,0.0043,-0.0001,641.95,1587.14,1414.11,554.09,47.25,521.84,8.3949,23.314,0
3,86,-0.0018,0.0003,642.69,1586.09,1401.01,553.83,47.37,522.19,8.4188,23.3333,0
3,87,-0.0005,0.0,642.32,1588.25,1402.17,554.11,47.32,522.1,8.3939,23.3373,0
3,88,0.0031,-0.0,642.27,1585.9,1400.09,553.59,47.33,521.9,8.4078,23.2656,0
3,89,0.0006,0.0004,642.33,1582.29,1404.14,555.01,47.39,521.93,8.4044,23.3864,0
3,90,-0.0008,-0.0002,642.36,1597.84,1406.26,554.58,47.4,521.92,8.3972,23.2711,0
3,91,0.0051,-0.0004,641.99,1582.81,1399.5,553.72,47.38,521.83,8.4327,23.3909,0
3,92,0.0022,-0.0004,642.29,1590.07,1400.27,553.5,47.39,521.96,8.373,23.4344,0
3,93,0.0002,-0.0001,642.1,1593.66,1409.21,553.83,47.43,521.6,8.4032,23.2352,0
3,94,0.0023,0.0005,642.58,1588.9,1401.08,554.76,47.48,521.94,8.4166,23.4437,0
3,95,-0.0006,-0.0001,642.37,1585.69,1406.13,554.41,47.32,521.79,8.4012,23.4594,0
3,96,-0.0003,0.0001,642.89,1582.86,1400.62,554.08,47.31,521.48,8.4333,23.378,0
3,97,0.0008,-0.0005,642.94,1587.51,1408.05,554.13,47.41,522.71,8.4313,23.3339,0
3,98,0.0006,-0.0004,642.4,1586.19,1403.62,553.85,47.35,521.93,8.4405,23.2921,0
3,99,0.0005,-0.0001,642.67,1589.42,1398.72,553.82,47.37,522.06,8.4388,23.3834,0
3,100,0.0008,-0.0004,642.29,1579.98,1404.16,554.94,47.3,522.01,8.4212,23.3073,0
3,101,0.0002,-0.0003,642.24,1587.77,1405.55,554.34,47.42,522.6,8.4112,23.3883,0
3,102,0.0003,0.0,642.63,1579.35,1408.84,553.87,47.39,521.95,8.3913,23.3669,0
3,103,0.0003,-0.0003,642.28,1585.62,1395.4,553.38,47.48,522.05,8.4025,23.3251,0
3,104,0.0051,0.0,642.46,1586.74,1403.37,554.63,47.44,521.66,8.4345,23.2958,0
3,105,-0.0022,0.0004,641.85,1591.89,1397.73,553.69,47.32,521.73,8.4312,23.321,0
3,106,-0.0014,-0.0001,642.51,1586.44,1405.62,554.31,47.32,522.11,8.4098,23.3755,0
3,107,0.0004,0.0003,642.36,1586.96,1410.67,553.57,47.45,521.79,8.4326,23.3666,0
3,108,-0.0005,-0.0002,642.98,1583.29,1405.94,553.52,47.25,521.48,8.4371,23.4032,0
3,109,-0.0006,-0.0003,642.48,1588.21,1402.77,554.91,47.32,521.59,8.4285,23.2637,0
3,110,-0.0008,0.0001,642.92,1592.41,1403.14,554.15,47.41,521.46,8.4157,23.2577,0
3,111,0.001,-0.0005,642.25,1583.83,1401.73,553.74,47.41,522.09,8.4242,23.3791,0
3,112,-0.0007,0.0002,642.65,1584.14,1400.61,553.64,47.41,521.35,8.4176,23.314,0
3,113,0.0029,-0.0,642.5,1590.74,1408.52,554.0,47.41,522.28,8.4318,23.3993,0
3,114,0.0019,-0.0005,642.46,1588.4,1407.81,554.04,47.18,521.68,8.4222,23.3687,0
3,115,-0.001,0.0001,642.22,1588.97,1400.56,553.54,47.53,521.6,8.4566,23.3428,0
3,116,0.0008,0.0002,642.62,1591.56,1407.84,553.54,47.36,521.91,8.4083,23.4147,0
3,117,0.0012,0.0001,642.76,1587.74,1402.28,553.84,47.48,521.74,8.423,23.4284,0
3,118,0.0004,0.0,642.26,1590.05,1408.53,553.52,47.44,522.37,8.4675,23.2813,0
3,119,0.0022,-0.0002,642.0,1588.1,1398.22,553.47,47.53,521.72,8.4442,23.2826,0
3,120,-0.0012,0.0005,642.6,1585.58,1408.79,553.63,47.35,521.47,8.4458,23.3816,0
3,121,-0.0036,-0.0003,642.27,1585.86,1413.79,553.75,47.48,521.77,8.4103,23.2834,0
3,122,0.0011,-0.0002,642.72,1586.83,1406.06,553.77,47.43,521.94,8.413,23.2005,0
3,123,-0.0009,0.0001,642.49,1594.72,1408.04,554.28,47.56,522.27,8.4506,23.4,0
3,124,-0.0048,-0.0003,642.0,1588.41,1405.29,553.12,47.31,521.32,8.4264,23.3056,0
3,125,-0.0007,0.0002,642.82,1580.5,1405.04,553.25,47.34,521.86,8.464,23.2509,0
3,126,0.0013,0.0004,642.76,1583.13,1409.96,554.41,47.41,521.56,8.4597,23.2845,0
3,127,0.0029,0.0001,642.67,1593.61,1395.95,554.01,47.54,521.42,8.437,23.2823,0
3,128,-0.0008,-0.0003,642.22,1592.24,1409.32,553.67,47.55,522.15,8.4587,23.3247,0
3,129,0.0003,0.0005,643.1,1597.5,1405.91,553.56,47.33,522.43,8.43,23.2454,0
3,130,-0.0006,0.0,642.57,1584.08,1410.11,553.51,47.53,521.55,8.4656,23.322,0
3,131,-0.0042,0.0002,642.5,1589.91,1406.13,553.7,47.44,521.22,8.4311,23.2491,0
3,132,-0.0013,-0.0001,642.35,1592.88,1408.51,553.0,47.57,521.22,8.4631,23.3883,0
3,133,-0.001,-0.0003,642.62,1589.14,1409.48,553.52,47.47,521.44,8.4447,23.3143,0
3,134,0.0005,-0.0005,642.45,1586.99,1406.61,554.21,47.64,521.6,8.4601,23.208,0
3,135,0.0012,-0.0,642.52,1588.65,1407.5,553.69,47.54,521.63,8.4512,23.3407,0
3,136,0.0015,-0.0001,642.6,1592.25,1405.41,553.83,47.6,521.37,8.4234,23.272,0
3,137,-0.0039,0.0004,642.75,1589.57,1409.77,554.36,47.33,521.66,8.4339,23.244,0
3,138,0.0013,-0.0,642.3,1599.56,1407.3,553.57,47.52,521.91,8.4614,23.2957,0
3,139,-0.0022,0.0005,643.08,1594.87,1415.14,553.81,47.53,521.71,8.4823,23.3022,0
3,140,-0.0009,0.0002,642.87,1589.67,1414.46,553.12,47.39,521.33,8.4544,23.2051,0
3,141,0.0025,0.0003,643.08,1584.87,1412.02,553.08,47.66,521.7,8.4394,23.2201,0
3,142,-0.0012,0.0003,643.03,1587.35,1413.05,552.85,47.69,521.23,8.4786,23.3298,0
3,143,0.0012,0.0004,642.48,1594.94,1402.45,553.0,47.56,521.36,8.4217,23.3126,0
3,144,0.004,-0.0001,642.48,1593.19,1416.18,552.94,47.49,521.33,8.4587,23.2089,0
3,145,-0.0022,-0.0003,642.65,1591.66,1403.51,553.55,47.47,521.27,8.4219,23.2711,0
3,146,0.0017,0.0004,643.71,1589.2,1413.64,553.85,47.43,521.16,8.458,23.331,0
3,147,0.0023,0.0001,643.07,1590.59,1411.55,553.79,47.62,521.37,8.4965,23.3225,0
3,148,-0.0013,0.0003,642.69,1589.28,1421.05,553.37,47.5,521.1,8.4426,23.2463,0
3,149,0.0014,-0.0,643.26,1594.66,1414.51,552.71,47.64,521.18,8.4499,23.3094,1
3,150,0.0002,-0.0003,643.08,1591.34,1407.58,553.35,47.78,521.77,8.4995,23.2518,1
3,151,0.0009,-0.0,643.04,1594.47,1420.87,552.82,47.61,521.26,8.442,23.2479,1
3,152,-0.002,-0.0003,643.34,1599.53,1411.65,553.59,47.66,520.99,8.4818,23.3026,1
3,153,-0.001,0.0004,642.89,1594.75,1416.95,553.63,47.63,521.06,8.4479,23.1607,1
3,154,0.0021,-0.0001,643.15,1599.04,1414.53,553.26,47.63,521.48,8.4483,23.1781,1
3,155,0.0006,0.0002,642.83,1588.51,1413.92,553.47,47.69,521.28,8.462,23.2262,1
3,156,-0.0002,-0.0003,643.52,1597.3,1411.91,553.03,47.67,521.1,8.4749,23.1933,1
3,157,-0.0006,0.0004,642.84,1599.31,1414.01,552.54,47.82,521.11,8.4683,23.0792,1
3,158,-0.0003,-0.0003,643.19,1593.16,1421.83,553.21,47.74,521.26,8.4977,23.1803,1
3,159,-0.0005,-0.0004,642.71,1597.8,1415.2,553.19,47.72,521.08,8.4882,23.1906,1
3,160,0.0058,0.0002,642.48,1595.61,1415.88,553.16,47.76,521.16,8.4458,23.2144,1
3,161,-0.0015,-0.0001,643.6,1594.41,1416.4,552.82,47.68,520.48,8.4779,23.19,1
3,162,0.0022,0.0002,643.11,1594.78,1420.33,552.97,47.89,521.51,8.4726,23.0617,1
3,163,-0.0016,0.0,643.0,1597.51,1422.22,553.11,47.58,521.34,8.4766,23.1448,1
3,164,0.0007,-0.0003,643.09,1601.99,1416.56,552.81,47.81,520.78,8.5019,23.0846,1
3,165,-0.0005,-0.0001,642.96,1601.94,1416.31,552.94,47.97,521.1,8.4846,23.123,1
3,166,0.003,-0.0002,642.9,1598.82,1419.27,552.56,47.79,520.98,8.5133,23.1578,1
3,167,0.0027,0.0004,643.38,1605.41,1415.96,551.95,47.97,520.47,8.4815,23.147,1
3,168,-0.0012,0.0002,643.46,1593.72,1422.59,552.04,47.93,520.75,8.5141,23.2036,1
3,169,0.0016,-0.0001,643.55,1602.9,1424.39,552.76,47.9,520.19,8.4936,23.1723,1
3,170,-0.0015,-0.0003,643.35,1606.1,1428.52,553.34,48.14,520.62,8.4758,23.1829,1
3,171,-0.0011,-0.0003,643.36,1603.48,1419.33,551.57,47.91,520.75,8.5011,23.1225,1
3,172,-0.0017,-0.0004,643.62,1597.73,1426.38,552.89,47.64,520.25,8.5219,23.2086,1
3,173,0.0028,-0.0002,643.64,1604.78,1417.29,552.16,48.16,520.7,8.4763,23.1498,1
3,174,0.0034,-0.0005,643.46,1602.86,1424.79,552.29,47.84,520.02,8.5363,23.0144,1
3,175,-0.003,0.0004,643.15,1603.74,1424.17,551.47,48.12,520.34,8.5066,22.9909,1
3,176,-0.0008,0.0002,643.93,1595.61,1438.51,551.93,47.98,520.91,8.5245,23.0656,1
3,177,-0.0041,-0.0002,643.68,1601.21,1423.5,552.17,48.1,520.19,8.5286,23.0336,1
3,178,-0.001,0.0001,643.66,1606.5,1430.55,551.31,48.38,520.14,8.5351,23.1323,1
3,179,0.0012,0.0,643.51,1604.8,1428.23,551.91,48.09,519.53,8.5056,22.9562,1
4,1,0.0025,0.0005,642.6,1585.4,1402.85,553.97,47.29,521.94,8.42,23.3814,0
4,2,0.0002,-0.0004,642.45,1583.54,1410.36,554.62,47.35,521.7,8.3999,23.4437,0
4,3,-0.0025,-0.0,642.16,1586.59,1398.65,553.52,47.4,521.35,8.415,23.3314,0
4,4,0.0024,-0.0003,642.73,1583.96,1400.32,553.58,47.39,522.0,8.4309,23.4338,0
4,5,0.0012,-0.0002,642.11,1590.62,1399.42,552.91,47.26,521.35,8.4164,23.2896,0
4,6,0.0023,0.0005,642.46,1588.76,1407.78,553.12,47.18,521.9,8.4313,23.3491,0
4,7,-0.002,0.0002,642.26,1586.91,1404.44,554.42,47.45,521.96,8.4372,23.4134,0
4,8,0.0014,-0.0004,641.97,1584.18,1406.22,553.93,47.24,521.77,8.4169,23.4044,0
4,9,0.0059,0.0005,642.59,1584.78,1403.51,553.78,47.43,522.23,8.388,23.3179,0
4,10,0.0006,-0.0003,642.78,1586.0,1400.12,553.54,47.5,521.54,8.4233,23.3154,0
4,11,0.0034,0.0003,642.21,1588.75,1395.79,553.58,47.31,522.35,8.4134,23.4153,0
4,12,0.0014,-0.0001,642.63,1584.33,1403.67,554.39,47.35,521.77,8.4208,23.2962,0
4,13,-0.0018,0.0005,642.24,1587.74,1395.23,553.5,47.29,521.78,8.433,23.3162,0
4,14,-0.0019,0.0005,642.62,1583.38,1407.62,553.65,47.49,521.91,8.4236,23.4073,0
4,15,-0.0021,-0.0001,642.47,1592.08,1401.13,554.7,47.35,521.98,8.4369,23.3439,0
4,16,0.0014,-0.0001,642.17,1585.39,1409.84,554.72,47.3,521.66,8.4203,23.313,0
4,17,0.0014,0.0004,642.06,1587.82,1406.43,553.57,47.39,522.35,8.4309,23.2397,0
4,18,0.0002,-0.0002,642.36,1589.62,1403.75,554.23,47.52,521.96,8.4229,23.2961,0
4,19,-0.0029,0.0005,643.02,1589.9,1406.34,553.62,47.28,521.95,8.4111,23.2799,0
4,20,0.0022,-0.0003,642.53,1589.76,1401.19,553.97,47.26,521.62,8.3897,23.3725,0
4,21,-0.0029,-0.0001,642.49,1593.11,1398.49,554.01,47.33,521.5,8.4263,23.2878,0
4,22,0.0025,-0.0003,642.68,1594.65,1405.05,554.28,47.7,521.78,8.3904,23.2002,0
4,23,0.0022,0.0,642.41,1592.74,1401.8,554.49,47.44,521.97,8.4255,23.3787,0
4,24,0.0022,-0.0002,642.51,1589.01,1400.24,553.74,47.46,522.11,8.4394,23.2943,0
4,25,0.0011,-0.0004,642.05,1592.65,1399.14,554.33,47.52,521.87,8.3954,23.3862,0
4,26,0.0031,0.0001,642.35,1589.28,1399.54,553.62,47.21,521.71,8.4235,23.338,0
4,27,0.0022,0.0001,642.08,1582.09,1402.27,553.71,47.37,522.37,8.4328,23.3876,0
4,28,-0.0002,0.0001,642.59,1583.69,1400.85,553.79,47.61,521.72,8.4004,23.2796,0
4,29,-0.0002,0.0,642.34,1585.53,1401.61,554.14,47.42,521.56,8.418,23.3161,0
4,30,-0.0011,-0.0002,642.7,1584.4,1403.21,554.09,47.57,521.68,8.4294,23.357,0
4,31,-0.001,0.0001,642.42,1580.87,1400.49,554.05,47.4,521.84,8.4268,23.3364,0
4,32,-0.0012,0.0004,642.1,1589.33,1406.42,553.8,47.3,521.76,8.4672,23.4112,0
4,33,-0.0002,-0.0004,642.79,1590.98,1405.72,554.62,47.34,521.7,8.4295,23.349,0
4,34,0.0006,-0.0002,642.29,1587.97,1396.73,553.61,47.5,521.65,8.4369,23.2764,0
4,35,0.0003,-0.0002,642.42,1587.89,1398.89,553.72,47.38,521.49,8.4134,23.3307,0
4,36,-0.0004,0.0,642.08,1589.48,1406.77,552.71,47.32,522.12,8.4194,23.3539,0
4,37,0.0011,0.0001,642.62,1582.75,1411.83,553.92,47.28,521.23,8.4065,23.4505,0
4,38,-0.0015,-0.0004,642.69,1591.19,1400.63,553.4,47.36,521.87,8.4118,23.4142,0
4,39,-0.0002,-0.0003,642.14,1581.05,1406.06,553.06,47.56,521.81,8.4111,23.3571,0
4,40,0.0026,0.0003,642.77,1596.22,1407.38,553.77,47.38,522.2,8.3846,23.3047,0
4,41,0.0029,-0.0001,642.44,1588.31,1403.4,553.44,47.27,521.95,8.3683,23.3804,0
4,42,-0.0003,-0.0003,642.62,1587.0,1401.08,553.94,47.42,521.83,8.4684,23.5074,0
4,43,-0.0029,-0.0002,642.12,1589.99,1407.47,553.71,47.47,521.67,8.4196,23.4416,0
4,44,-0.0003,0.0005,641.81,1585.87,1403.08,553.47,47.29,522.07,8.4386,23.4158,0
4,45,-0.0023,0.0001,642.58,1587.46,1403.12,553.89,47.3,521.96,8.4115,23.3737,0
4,46,-0.0007,-0.0003,642.99,1584.18,1415.57,553.59,47.54,521.66,8.4334,23.3137,0
4,47,-0.0035,-0.0003,642.15,1591.57,1409.99,553.8,47.51,521.69,8.4093,23.2122,0
4,48,0.0028,-0.0004,642.33,1586.8,1405.17,554.54,47.46,522.02,8.3869,23.3181,0
4,49,-0.0006,-0.0002,642.82,1590.52,1408.42,553.87,47.52,521.75,8.3928,23.3336,0
4,50,0.004,-0.0002,642.05,1586.99,1403.54,552.53,47.35,521.85,8.4348,23.2186,0
4,51,-0.0007,0.0005,642.3,1584.29,1407.61,553.63,47.22,521.8,8.3844,23.4029,0
4,52,-0.0022,-0.0001,642.82,1593.22,1407.67,553.9,47.31,521.99,8.4321,23.3655,0
4,53,0.0023,-0.0,642.41,1586.77,1407.4,554.5,47.38,521.19,8.4154,23.4327,0
4,54,-0.0002,-0.0001,642.54,1592.6,1405.04,553.9,47.28,521.34,8.4348,23.2384,0
4,55,0.0004,0.0002,642.02,1587.01,1406.46,554.03,47.16,521.4,8.401,23.3281,0
4,56,-0.0035,0.0001,642.8,1594.24,1403.34,553.93,47.35,521.47,8.42,23.3547,0
4,57,0.0018,0.0003,642.3,1585.96,1404.0,553.5,47.43,521.84,8.4312,23.4221,0
4,58,0.0002,0.0003,642.66,1590.94,1405.24,553.27,47.39,522.02,8.4203,23.2575,0
4,59,-0.0002,0.0,642.32,1600.12,1398.12,554.75,47.46,522.35,8.383,23.3164,0
4,60,-0.0024,-0.0003,642.31,1576.64,1404.66,553.49,47.29,521.94,8.4349,23.3673,0
4,61,-0.0012,0.0003,642.56,1587.51,1407.15,553.77,47.39,521.79,8.4231,23.3748,0
4,62,0.0003,0.0004,642.69,1588.08,1407.72,553.74,47.16,521.39,8.4133,23.2919,0
4,63,0.0015,0.0002,642.45,1587.6,1410.95,553.89,47.39,522.11,8.4424,23.3359,0
4,64,-0.003,0.0,642.68,1591.76,1403.8,554.25,47.33,521.61,8.4002,23.2918,0
4,65,0.0002,0.0005,642.8,1590.85,1407.01,554.03,47.24,522.14,8.4314,23.4812,0
4,66,0.0023,0.0,642.9,1583.9,1402.56,554.13,47.35,521.43,8.405,23.3588,0
4,67,0.0029,-0.0003,642.21,1592.37,1395.74,553.47,47.43,521.63,8.4517,23.4225,0
4,68,0.0041,-0.0001,642.44,1587.83,1408.43,554.03,47.53,521.92,8.433,23.4063,0
4,69,-0.0002,-0.0003,642.74,1588.44,1409.93,553.75,47.33,521.74,8.4094,23.3788,0
4,70,0.0002,0.0003,642.42,1590.37,1403.68,553.6,47.37,521.9,8.4232,23.2755,0
4,71,-0.0022,-0.0003,642.63,1585.71,1410.7,554.23,47.37,521.71,8.417,23.3652,0
4,72,-0.0021,0.0002,642.69,1584.72,1408.21,553.62,47.27,521.5,8.4053,23.3367,0
4,73,0.0001,0.0001,642.35,1588.43,1409.32,554.1,47.4,521.85,8.4666,23.2982,0
4,74,0.0044,0.0001,642.6,1588.1,1407.74,553.31,47.31,521.67,8.431,23.3864,0
4,75,-0.0003,-0.0003,642.42,1593.17,1400.47,554.13,47.43,521.95,8.4095,23.3053,0
4,76,0.0055,0.0,641.86,1588.78,1405.44,553.56,47.42,521.95,8.4142,23.2617,0
4,77,0.002,0.0004,642.77,1588.91,1398.16,553.43,47.32,521.22,8.423,23.2448,0
4,78,-0.0014,0.0001,642.66,1587.09,1408.49,554.03,47.46,521.53,8.4084,23.3512,0
4,79,0.0014,0.0004,642.14,1592.26,1407.47,553.13,47.39,521.93,8.4384,23.4146,0
4,80,-0.0,0.0001,642.98,1588.2,1405.22,554.66,47.36,521.78,8.3982,23.2887,0
4,81,-0.0003,0.0,642.26,1582.27,1408.32,553.51,47.39,521.35,8.4252,23.34,0
4,82,-0.0003,0.0004,642.66,1582.04,1404.73,553.76,47.3,521.87,8.4169,23.2496,0
4,83,-0.0002,0.0005,642.13,1588.16,1406.59,554.25,47.34,521.82,8.4433,23.3686,0
4,84,-0.0029,0.0006,642.91,1589.92,1403.9,553.48,47.52,521.63,8.4081,23.4161,0
4,85,-0.0001,0.0001,642.29,1579.9,1399.07,553.85,47.27,521.6,8.4401,23.3839,0
4,86,0.0016,-0.0,642.21,1591.36,1407.58,553.52,47.42,521.74,8.4306,23.3293,0
4,87,-0.0015,0.0005,642.7,1587.37,1406.05,553.83,47.5,522.01,8.4359,23.3269,0
4,88,0.0001,-0.0003,642.68,1584.7,1398.74,554.23,47.32,521.36,8.4428,23.2128,0
4,89,0.0006,-0.0002,641.97,1578.65,1394.77,553.55,47.56,522.15,8.4233,23.3807,0
4,90,0.0001,0.0003,643.32,1586.92,1408.45,553.98,47.32,522.22,8.4484,23.322,0
4,91,0.0018,0.0002,642.79,1589.6,1404.18,553.48,47.15,522.23,8.4301,23.2897,0
4,92,0.0015,0.0004,642.41,1590.17,1403.99,554.49,47.55,521.56,8.4255,23.284,0
4,93,-0.003,0.0005,642.24,1588.28,1398.67,554.07,47.58,521.54,8.3856,23.3528,0
4,94,-0.0036,0.0004,642.5,1588.54,1406.69,553.76,47.34,521.82,8.4313,23.3703,0
4,95,0.0041,0.0004,642.48,1586.25,1398.8,553.44,47.5,521.88,8.4065,23.3431,0
4,96,-0.0015,0.0003,642.18,1578.8,1406.96,554.08,47.36,521.8,8.4226,23.3729,0
4,97,0.0001,0.0006,642.95,1586.68,1411.12,553.05,47.5,521.96,8.4375,23.2882,0
4,98,-0.0011,0.0001,643.06,1583.61,1403.34,553.68,47.3,521.65,8.4055,23.2429,0
4,99,-0.0005,-0.0004,642.79,1592.78,1405.64,554.62,47.28,521.35,8.4113,23.1897,0
4,100,-0.0005,-0.0003,642.67,1588.11,1406.26,553.72,47.25,521.77,8.4332,23.3289,0
4,101,0.0005,0.0003,642.29,1590.1,1412.21,553.91,47.42,521.3,8.4383,23.3956,0
4,102,0.0002,0.0002,642.5,1593.07,1400.79,553.63,47.54,521.4,8.435,23.2938,0
4,103,-0.0024,0.0001,642.83,1596.05,1400.74,553.62,47.39,521.69,8.4328,23.4523,0
4,104,0.0012,0.0005,642.27,1593.03,1403.56,553.84,47.39,522.48,8.4194,23.3294,0
4,105,0.0001,0.0002,642.48,1587.15,1406.58,553.9,47.31,521.63,8.4449,23.3576,0
4,106,-0.0032,-0.0004,642.24,1588.91,1402.75,553.63,47.53,521.62,8.444,23.2776,0
4,107,0.0,-0.0002,642.55,1585.56,1400.45,553.78,47.4,521.19,8.4383,23.3614,0
4,108,-0.0026,0.0,642.13,1585.18,1412.75,553.97,47.44,521.99,8.4316,23.3725,0
4,109,0.0007,-0.0004,642.89,1586.34,1407.61,553.4,47.36,522.15,8.4531,23.364,0
4,110,-0.0009,0.0004,642.47,1581.85,1401.8,553.86,47.37,521.74,8.428,23.4095,0
4,111,-0.0013,-0.0003,642.16,1584.52,1405.22,554.14,47.31,521.69,8.4456,23.2463,0
4,112,0.0016,0.0002,642.15,1597.05,1400.11,552.93,47.42,522.25,8.4411,23.3104,0
4,113,0.0004,0.0,642.41,1592.69,1416.04,552.71,47.43,521.8,8.4388,23.3268,0
4,114,0.0011,0.0001,642.5,1585.29,1404.61,553.9,47.61,521.65,8.4342,23.3543,0
4,115,0.0017,0.0,643.11,1584.82,1399.39,552.89,47.61,521.77,8.4147,23.3361,0
4,116,0.0015,0.0003,642.57,1587.97,1409.77,553.1,47.49,521.75,8.427,23.2845,0
4,117,-0.0047,-0.0,642.97,1588.0,1409.2,552.71,47.32,521.82,8.4302,23.2139,0
4,118,-0.0015,0.0,642.45,1595.31,1404.31,554.2,47.6,521.78,8.4114,23.3721,0
4,119,0.0005,-0.0002,642.81,1587.57,1411.87,553.91,47.56,521.37,8.4816,23.2425,0
4,120,0.0015,0.0001,642.13,1590.46,1405.88,553.5,47.52,521.55,8.4146,23.1853,0
4,121,-0.0022,-0.0003,642.58,1598.61,1403.36,553.35,47.59,521.67,8.4659,23.341,0
4,122,0.0003,-0.0004,643.12,1594.36,1405.56,553.28,47.42,521.2,8.4275,23.2929,0
4,123,0.0007,0.0004,642.56,1586.4,1411.81,553.42,47.59,521.67,8.4384,23.3391,0
4,124,-0.0019,0.0001,642.64,1587.87,1400.87,552.7,47.49,521.33,8.4403,23.3158,0
4,125,0.0002,0.0002,642.59,1580.17,1404.02,554.55,47.41,521.68,8.4458,23.3211,0
4,126,0.0012,-0.0003,642.56,1592.43,1405.07,553.81,47.58,521.34,8.4565,23.3087,0
4,127,0.0027,-0.0001,641.87,1591.59,1410.29,553.36,47.49,521.72,8.4477,23.309,0
4,128,0.0008,0.0001,642.77,1592.21,1417.91,553.31,47.79,521.41,8.4198,23.3167,0
4,129,0.0026,0.0001,642.3,1589.44,1403.6,553.88,47.45,521.31,8.4495,23.372,0
4,130,-0.002,0.0002,642.28,1593.61,1406.21,553.45,47.48,521.63,8.4323,23.4297,0
4,131,-0.0022,-0.0003,642.81,1593.8,1399.75,553.55,47.5,521.17,8.4256,23.2136,0
4,132,0.0007,0.0004,642.41,1591.45,1409.15,552.95,47.75,521.67,8.4385,23.2413,0
4,133,-0.0006,0.0,642.95,1592.11,1412.36,553.82,47.62,521.53,8.4652,23.1877,0
4,134,-0.0001,0.0006,642.82,1590.54,1413.59,553.25,47.61,521.45,8.43,23.3469,0
4,135,-0.0009,-0.0002,642.8,1586.98,1406.54,553.14,47.67,521.43,8.4922,23.2783,0
4,136,-0.0009,0.0001,642.88,1588.88,1410.65,553.84,47.76,521.58,8.4835,23.2597,0
4,137,0.0021,0.0004,642.35,1585.35,1408.59,553.73,47.39,521.1,8.477,23.2531,0
4,138,0.0001,-0.0003,642.62,1589.11,1403.15,553.42,47.46,521.47,8.4499,23.1688,0
4,139,0.002,-0.0001,642.51,1590.51,1411.62,553.22,47.45,521.29,8.4225,23.3399,0
4,140,-0.0014,0.0005,642.43,1589.98,1410.55,553.09,47.56,521.39,8.4522,23.2221,0
4,141,0.0051,0.0004,642.78,1586.02,1408.52,553.54,47.65,521.74,8.4545,23.2515,0
4,142,-0.0003,0.0002,642.15,1595.19,1409.14,553.18,47.69,521.28,8.4665,23.1726,0
4,143,-0.0012,0.0003,642.74,1586.75,1406.34,553.08,47.54,520.98,8.4173,23.3044,0
4,144,-0.0008,0.0003,642.6,1588.23,1411.01,552.42,47.69,521.76,8.4334,23.2699,0
4,145,0.0006,0.0005,643.07,1594.62,1405.43,553.62,47.57,521.38,8.4518,23.2125,0
4,146,0.0005,0.0003,642.72,1595.94,1417.08,553.21,47.61,521.18,8.4524,23.1458,0
4,147,-0.0004,0.0004,642.82,1590.96,1411.57,552.95,47.66,520.91,8.4496,23.1977,0
4,148,-0.0018,-0.0001,643.09,1593.59,1418.28,553.32,47.67,521.91,8.4355,23.2993,0
4,149,-0.0008,0.0004,642.58,1595.24,1414.42,553.21,47.76,520.79,8.4816,23.2122,0
4,150,-0.0007,-0.0003,642.46,1598.82,1407.68,553.14,47.64,521.43,8.4365,23.1649,0
4,151,0.0013,0.0003,643.25,1594.25,1410.11,552.94,47.65,521.43,8.4765,23.3152,0
4,152,-0.0026,-0.0002,642.68,1588.06,1415.81,552.63,47.55,521.42,8.461,23.2845,0
4,153,-0.0003,0.0001,643.02,1589.96,1410.75,553.13,47.64,520.97,8.43,23.2261,0
4,154,0.0038,0.0002,642.87,1596.48,1407.58,553.0,47.76,521.02,8.4262,23.3318,0
4,155,0.0022,0.0001,643.05,1591.94,1406.1,552.85,47.84,520.72,8.4545,23.2332,0
4,156,-0.0002,-0.0001,642.54,1594.01,1414.19,552.21,47.65,521.36,8.4546,23.2384,0
4,157,0.0027,0.0,642.8,1597.71,1413.68,553.49,47.6,521.41,8.43,23.277,0
4,158,-0.003,-0.0004,643.0,1593.74,1420.79,553.11,47.63,520.95,8.46,23.3178,0
4,159,0.002,0.0005,642.82,1590.08,1417.62,552.63,47.61,520.9,8.475,23.276,1
4,160,-0.0004,0.0005,643.24,1597.66,1412.93,553.83,47.7,520.75,8.4473,23.2558,1
4,161,-0.0,0.0004,643.02,1590.53,1413.51,552.28,47.64,521.19,8.4741,23.1832,1
4,162,-0.0028,0.0004,642.91,1589.2,1419.09,553.87,47.63,520.91,8.4931,23.3013,1
4,163,-0.0041,-0.0002,643.32,1596.69,1417.32,552.17,47.92,520.94,8.4594,23.1648,1
4,164,-0.0029,-0.0002,643.2,1588.21,1411.81,552.75,47.91,520.75,8.4816,23.1351,1
4,165,0.0037,0.0003,643.38,1598.42,1413.9,552.16,47.56,521.46,8.4613,23.2052,1
4,166,-0.0043,-0.0003,642.83,1595.07,1410.18,552.22,47.82,520.54,8.4633,23.1746,1
4,167,-0.0006,0.0,642.97,1596.98,1410.22,552.3,47.91,521.24,8.4678,23.1656,1
4,168,-0.0028,0.0002,642.86,1594.46,1416.01,552.58,47.83,521.13,8.4806,23.2878,1
4,169,0.0011,0.0001,643.25,1592.7,1419.62,552.91,47.8,521.24,8.4926,23.1847,1
4,170,0.0023,0.0002,643.6,1595.73,1412.94,552.45,47.8,520.77,8.492,23.2325,1
4,171,0.002,-0.0003,643.69,1594.79,1416.71,552.21,47.74,520.85,8.49,23.2471,1
4,172,0.0015,-0.0002,643.28,1597.1,1417.89,552.65,47.88,520.72,8.5017,23.0502,1
4,173,-0.0033,-0.0,642.87,1598.3,1422.56,552.08,47.61,520.53,8.4829,23.1664,1
4,174,0.0021,-0.0003,643.09,1600.79,1423.58,552.74,47.85,520.61,8.4928,23.2417,1
4,175,0.0027,0.0004,643.17,1598.28,1419.52,552.39,47.95,520.47,8.4826,23.1571,1
4,176,0.0033,0.0003,643.36,1601.11,1427.72,552.62,47.83,520.61,8.4822,23.1426,1
4,177,0.0034,-0.0001,643.15,1603.1,1424.69,552.77,47.99,520.82,8.5026,23.1635,1
4,178,0.0006,0.0003,643.38,1606.48,1431.78,551.71,47.86,520.28,8.4992,23.1181,1
4,179,0.0014,0.0,643.6,1604.11,1424.1,552.19,48.0,520.52,8.5289,23.0599,1
4,180,0.0001,-0.0002,643.58,1610.29,1425.23,551.7,47.95,520.33,8.4966,23.1739,1
4,181,0.0004,-0.0002,643.34,1597.16,1413.99,551.82,47.95,520.24,8.4821,23.1169,1
4,182,0.0007,-0.0,643.42,1603.95,1429.48,551.77,47.96,520.55,8.5069,23.0709,1
4,183,0.0034,0.0002,644.5,1602.97,1426.55,551.6,48.08,520.17,8.5034,23.0511,1
4,184,-0.001,0.0003,643.44,1608.22,1426.27,552.01,48.04,520.07,8.5011,23.0651,1
4,185,-0.0031,0.0005,643.27,1607.57,1429.22,551.91,48.19,520.12,8.5254,23.118,1
4,186,-0.0003,-0.0001,643.45,1608.24,1427.17,551.9,48.21,520.26,8.4873,23.1353,1
4,187,-0.0005,0.0005,643.69,1603.04,1422.74,552.02,48.08,519.6,8.5283,23.0135,1
4,188,0.0006,0.0001,643.48,1602.23,1434.12,551.81,48.15,520.12,8.5462,23.071,1
4,189,-0.0024,-0.0002,644.53,1612.11,1432.55,551.93,48.15,519.84,8.5246,23.1006,1
5,1,0.0031,0.0002,641.77,1583.59,1395.26,554.39,47.19,522.34,8.4102,23.4468,0
5,2,0.0002,0.0003,642.42,1589.69,1394.88,555.57,47.09,522.6,8.4053,23.4075,0
5,3,0.0002,-0.0005,642.07,1582.45,1396.29,554.49,47.11,522.85,8.399,23.3298,0
5,4,0.0017,-0.0004,642.08,1586.84,1397.94,555.16,47.29,522.11,8.3876,23.4306,0
5,5,-0.0007,0.0001,642.03,1581.45,1394.28,554.59,47.09,522.6,8.4129,23.3331,0
5,6,0.0018,0.0002,642.32,1586.1,1390.56,554.53,47.16,522.87,8.4204,23.3878,0
5,7,0.0019,0.0001,642.78,1585.21,1399.1,554.85,47.14,522.52,8.3913,23.382,0
5,8,-0.0016,-0.0002,642.49,1585.88,1393.41,554.33,47.03,522.41,8.4054,23.4495,0
5,9,0.0029,0.0002,641.69,1581.46,1394.2,554.67,47.34,522.58,8.3796,23.3762,0
5,10,0.0001,0.0003,642.18,1583.92,1390.3,554.84,47.32,522.67,8.4089,23.4213,0
5,11,-0.0026,-0.0003,641.9,1585.25,1393.09,554.2,47.3,522.0,8.4091,23.4847,0
5,12,-0.0009,-0.0001,641.97,1583.89,1394.07,554.27,47.12,522.96,8.4233,23.3806,0
5,13,-0.0051,-0.0005,641.9,1579.55,1402.31,554.75,47.11,522.42,8.386,23.4476,0
5,14,-0.0,0.0004,641.93,1578.03,1396.28,554.52,47.26,522.19,8.4214,23.3733,0
5,15,0.0011,-0.0001,641.88,1589.42,1394.11,554.45,47.09,522.74,8.4073,23.4795,0
5,16,-0.0037,0.0004,641.56,1578.43,1390.29,555.11,47.08,522.24,8.4266,23.4884,0
5,17,-0.0008,-0.0001,642.0,1581.87,1400.59,554.31,47.11,522.89,8.4072,23.4556,0
5,18,-0.0027,0.0001,642.05,1584.71,1391.09,554.25,46.98,522.64,8.4151,23.461,0
5,19,-0.0009,-0.0002,642.36,1588.06,1397.43,554.38,46.98,522.65,8.3674,23.3752,0
5,20,0.0019,0.0002,642.27,1582.85,1393.07,554.69,47.13,522.0,8.3831,23.3702,0
5,21,-0.0017,-0.0003,642.05,1581.71,1397.41,554.37,47.23,522.4,8.4071,23.3812,0
5,22,0.0014,-0.0002,642.38,1581.33,1399.59,554.31,47.16,522.75,8.3886,23.4457,0
5,23,0.0052,-0.0001,641.57,1582.59,1399.12,554.48,47.18,522.7,8.3548,23.3328,0
5,24,0.0002,0.0002,642.13,1592.43,1400.89,554.1,47.25,522.21,8.4095,23.4933,0
5,25,0.0026,-0.0005,642.05,1582.82,1397.33,554.78,47.19,522.81,8.4151,23.4193,0
5,26,0.0012,0.0,641.61,1578.77,1398.19,554.93,47.17,522.41,8.3536,23.5227,0
5,27,-0.0001,-0.0002,642.22,1582.69,1394.22,554.27,47.01,522.5,8.4066,23.3803,0
5,28,-0.0015,-0.0005,641.97,1575.77,1402.43,554.6,47.3,522.4,8.3934,23.3974,0
5,29,0.0037,-0.0005,642.48,1576.5,1392.82,554.63,46.97,522.78,8.3735,23.41,0
5,30,0.0007,-0.0004,642.66,1574.8,1397.69,555.05,47.24,522.87,8.4038,23.4437,0
5,31,-0.0014,-0.0003,642.06,1585.84,1402.33,554.3,47.08,522.24,8.3824,23.5503,0
5,32,0.0043,-0.0001,642.41,1582.76,1397.12,554.32,47.39,522.4,8.3851,23.4547,0
5,33,0.0017,-0.0002,641.76,1591.02,1402.42,554.4,47.13,522.07,8.3967,23.433,0
5,34,0.0017,-0.0,641.68,1581.62,1392.22,554.29,47.21,522.15,8.395,23.3981,0
5,35,0.0039,0.0001,642.16,1580.02,1395.31,553.66,47.14,522.45,8.4074,23.4449,0
5,36,-0.0032,0.0001,641.3,1586.91,1394.4,554.14,47.09,521.96,8.4091,23.4607,0
5,37,-0.0011,0.0001,642.04,1585.52,1394.71,554.97,47.06,522.39,8.397,23.4577,0
5,38,0.002,-0.0002,642.38,1584.21,1396.82,554.48,47.22,522.25,8.3893,23.458,0
5,39,-0.0,-0.0002,641.82,1578.77,1396.39,555.04,47.2,522.43,8.4239,23.5068,0
5,40,0.0001,-0.0002,642.76,1583.56,1402.27,554.38,47.25,522.25,8.4272,23.3585,0
5,41,0.0011,-0.0001,642.82,1585.13,1399.13,554.75,47.22,522.21,8.398,23.4126,0
5,42,0.0001,-0.0002,641.92,1589.59,1394.97,554.13,47.37,522.62,8.3654,23.4851,0
5,43,-0.0015,-0.0004,641.78,1587.27,1394.26,554.64,47.01,522.37,8.3975,23.442,0
5,44,-0.0011,-0.0001,641.77,1583.83,1395.7,555.48,47.32,522.68,8.4219,23.3576,0
5,45,0.0028,0.0004,642.32,1584.3,1399.71,554.7,47.0,522.54,8.3735,23.3398,0
5,46,-0.0023,-0.0003,642.24,1586.87,1400.55,554.49,47.27,521.62,8.4055,23.3304,0
5,47,0.0002,-0.0002,641.95,1579.17,1397.44,554.74,47.05,522.57,8.4182,23.4378,0
5,48,0.0037,0.0,641.38,1576.29,1395.62,554.93,47.24,522.65,8.3869,23.4698,0
5,49,0.0004,-0.0004,642.11,1583.18,1394.48,554.64,47.07,522.5,8.398,23.311,0
5,50,-0.0011,-0.0001,642.2,1586.48,1403.06,554.98,47.37,522.56,8.4228,23.3994,0
5,51,-0.0037,0.0,642.32,1580.84,1393.67,555.05,47.27,521.92,8.4279,23.513,0
5,52,0.0006,-0.0,641.86,1585.97,1403.88,554.94,47.06,522.03,8.431,23.3502,0
5,53,0.0008,0.0001,642.2,1582.71,1393.24,554.25,47.2,522.72,8.3814,23.5408,0
5,54,-0.0023,0.0005,642.14,1577.1,1399.58,554.19,47.25,522.25,8.3797,23.4374,0
5,55,-0.0004,-0.0005,641.98,1586.8,1394.57,555.17,47.11,522.39,8.4043,23.4353,0
5,56,-0.0016,0.0003,642.12,1581.49,1397.74,554.59,47.2,522.7,8.3772,23.4661,0
5,57,-0.0002,0.0001,641.95,1578.24,1394.93,554.47,47.18,522.61,8.4152,23.458,0
5,58,-0.0008,0.0004,642.61,1581.9,1399.9,554.31,47.18,522.44,8.4093,23.3758,0
5,59,0.001,0.0005,642.05,1589.45,1400.43,554.4,47.24,522.46,8.4024,23.4878,0
5,60,-0.0008,-0.0005,642.0,1582.34,1396.08,554.45,47.0,522.22,8.4251,23.3856,0
5,61,-0.0024,0.0001,642.36,1586.95,1396.92,554.64,47.12,522.82,8.3844,23.3773,0
5,62,0.0025,-0.0001,641.94,1581.42,1406.63,554.57,47.33,522.33,8.4145,23.4888,0
5,63,0.003,0.0003,642.18,1585.76,1392.17,554.81,47.31,522.15,8.3846,23.4232,0
5,64,0.0001,-0.0002,642.4,1586.2,1396.45,554.12,47.15,522.26,8.3905,23.4054,0
5,65,0.0006,-0.0001,641.96,1578.21,1389.19,554.64,47.02,522.18,8.4485,23.5078,0
5,66,0.005,0.0004,642.16,1582.39,1402.35,554.21,47.0,522.25,8.3881,23.3782,0
5,67,0.0005,-0.0004,641.67,1582.01,1396.82,555.49,47.11,522.57,8.4105,23.3088,0
5,68,-0.0018,0.0001,642.0,1579.94,1395.59,554.06,47.27,522.92,8.425,23.3948,0
5,69,-0.0017,-0.0002,641.9,1589.43,1390.32,554.63,47.1,522.89,8.4083,23.414,0
5,70,0.0009,-0.0004,641.86,1583.3,1389.87,554.51,47.1,522.38,8.3582,23.3696,0
5,71,0.0011,0.0004,642.35,1581.52,1401.7,554.13,47.26,521.97,8.3996,23.3416,0
5,72,0.0036,-0.0003,641.76,1580.74,1399.84,554.47,47.06,522.41,8.4018,23.4505,0
5,73,-0.0012,-0.0002,642.28,1586.66,1396.49,554.24,47.45,522.42,8.4145,23.5003,0
5,74,-0.005,-0.0002,642.05,1576.18,1403.57,553.43,47.22,523.04,8.3815,23.4514,0
5,75,0.0011,-0.0004,642.34,1576.87,1395.05,554.16,47.08,522.12,8.4485,23.3528,0
5,76,0.0014,0.0005,642.29,1585.43,1402.8,554.33,47.46,522.81,8.3913,23.4149,0
5,77,-0.0016,-0.0001,642.99,1582.03,1400.14,554.69,47.43,522.21,8.3842,23.4504,0
5,78,0.0011,-0.0005,642.15,1593.61,1407.48,554.27,47.16,521.77,8.3796,23.3962,0
5,79,-0.0004,-0.0001,642.16,1583.08,1401.35,554.27,47.2,522.78,8.4122,23.4195,0
5,80,-0.0032,0.0003,642.18,1582.73,1396.24,554.33,47.34,522.68,8.422,23.4154,0
5,81,0.0009,-0.0005,642.38,1592.17,1400.48,554.47,47.26,522.34,8.4031,23.4464,0
5,82,-0.0001,-0.0001,642.5,1584.27,1400.08,555.48,47.19,522.64,8.4127,23.333,0
5,83,0.0018,-0.0003,642.19,1588.18,1395.2,554.3,47.29,522.79,8.3695,23.4349,0
5,84,-0.0018,0.0001,642.59,1587.38,1396.86,554.86,47.2,522.1,8.4186,23.41,0
5,85,0.0015,-0.0003,642.42,1582.86,1403.16,554.41,47.24,522.75,8.425,23.359,0
5,86,0.0017,-0.0002,642.21,1585.24,1402.72,554.86,47.29,522.21,8.4018,23.362,0
5,87,-0.0001,-0.0005,642.39,1588.63,1399.65,554.98,47.2,522.54,8.4232,23.4197,0
5,88,0.0014,-0.0005,642.38,1588.61,1400.56,554.18,47.09,522.95,8.3992,23.3229,0
5,89,-0.0028,0.0003,642.54,1580.0,1399.09,554.3,47.18,522.33,8.3848,23.3537,0
5,90,0.0025,0.0001,641.75,1587.26,1398.29,554.88,47.18,522.32,8.4278,23.4179,0
5,91,-0.0052,-0.0001,642.4,1584.88,1397.86,554.37,47.3,522.69,8.4312,23.476,0
5,92,-0.0015,-0.0002,641.96,1584.87,1397.48,554.48,47.19,522.91,8.3722,23.3706,0
5,93,-0.0028,0.0001,642.14,1586.11,1407.84,554.78,47.23,522.39,8.3897,23.3175,0
5,94,0.0021,-0.0003,642.44,1589.66,1402.46,554.69,47.26,522.37,8.4148,23.4094,0
5,95,0.0002,0.0001,642.27,1580.93,1394.89,554.31,47.35,522.12,8.396,23.3527,0
5,96,0.0004,-0.0001,642.62,1580.17,1403.38,554.06,47.17,522.42,8.4102,23.3657,0
5,97,-0.0029,0.0004,641.94,1580.56,1403.69,554.62,47.14,522.36,8.4089,23.5044,0
5,98,0.0028,-0.0002,641.62,1581.93,1395.22,554.37,47.2,522.18,8.4027,23.4596,0
5,99,-0.0012,-0.0002,642.17,1591.08,1391.43,554.22,47.18,522.54,8.4152,23.4228,0
5,100,-0.0027,-0.0003,641.92,1585.75,1397.44,553.54,47.17,522.76,8.4161,23.3163,0
5,101,0.0004,-0.0002,642.7,1579.62,1397.41,553.76,47.42,522.09,8.4371,23.3793,0
5,102,0.0027,-0.0002,642.63,1579.47,1393.14,554.64,47.25,521.98,8.3718,23.3448,0
5,103,0.0027,-0.0003,641.39,1585.05,1397.75,553.78,47.18,522.33,8.4155,23.3841,0
5,104,-0.0001,-0.0002,642.13,1588.35,1405.5,553.94,47.32,522.53,8.4004,23.4793,0
5,105,0.0034,-0.0001,642.52,1582.74,1399.72,554.3,47.32,522.66,8.4357,23.3791,0
5,106,0.0022,-0.0,642.42,1585.81,1399.66,554.65,47.33,521.77,8.402,23.4664,0
5,107,-0.0009,0.0002,642.12,1580.22,1403.27,554.18,47.03,521.47,8.4003,23.3522,0
5,108,-0.0004,0.0002,642.61,1592.57,1406.74,554.05,47.16,522.49,8.4056,23.3899,0
5,109,0.0012,0.0002,642.03,1581.03,1391.38,554.31,47.35,521.91,8.3903,23.3034,0
5,110,0.003,-0.0005,641.57,1580.4,1400.61,554.33,47.11,522.08,8.4118,23.428,0
5,111,0.0008,-0.0001,642.12,1588.25,1399.03,553.91,47.31,521.67,8.3775,23.3769,0
5,112,0.0035,0.0,642.18,1578.36,1398.63,553.6,47.22,522.31,8.4042,23.472,0
5,113,-0.0047,-0.0005,642.47,1581.8,1397.04,554.59,47.33,522.01,8.4125,23.4274,0
5,114,0.0023,-0.0004,642.12,1586.53,1399.95,554.2,47.42,522.84,8.4299,23.4386,0
5,115,-0.0003,0.0,642.77,1582.08,1402.61,555.09,47.24,522.32,8.3732,23.5323,0
5,116,0.0029,-0.0003,641.54,1578.3,1397.36,554.95,47.24,522.38,8.4089,23.4573,0
5,117,0.0002,0.0001,642.57,1585.3,1406.58,554.4,47.23,521.54,8.3931,23.3632,0
5,118,-0.0023,0.0004,642.04,1589.99,1394.96,554.57,47.36,522.24,8.4122,23.369,0
5,119,0.0028,-0.0002,642.25,1585.03,1391.47,554.5,47.35,522.22,8.4193,23.3717,0
5,120,0.0003,-0.0002,641.96,1587.16,1405.61,554.14,47.33,521.61,8.4223,23.3627,0
5,121,0.0007,-0.0004,642.57,1584.87,1402.45,554.38,47.31,522.52,8.4385,23.4894,0
5,122,0.0015,0.0003,641.78,1580.36,1396.67,554.41,47.26,522.73,8.4298,23.2826,0
5,123,0.0015,-0.0004,641.65,1588.78,1401.27,554.09,47.19,522.02,8.3626,23.3777,0
5,124,0.0045,0.0003,642.63,1589.31,1397.74,554.24,47.37,522.08,8.4326,23.3583,0
5,125,-0.0017,0.0001,641.73,1578.0,1406.98,554.33,47.3,522.24,8.3917,23.355,0
5,126,-0.0009,-0.0001,641.86,1582.79,1410.79,553.99,47.17,522.12,8.4112,23.4284,0
5,127,-0.0006,-0.0,642.43,1583.6,1408.51,554.6,47.33,522.54,8.3721,23.4354,0
5,128,-0.005,0.0002,642.35,1589.76,1404.39,553.89,47.41,521.77,8.3979,23.315,0
5,129,0.0023,-0.0003,642.68,1588.84,1397.11,554.65,47.19,522.49,8.3929,23.3206,0
5,130,0.0021,0.0001,643.07,1586.07,1408.21,553.76,47.27,522.11,8.4067,23.363,0
5,131,0.0001,-0.0002,642.21,1586.16,1397.93,554.12,47.38,522.6,8.4124,23.2558,0
5,132,0.0021,-0.0002,642.43,1591.74,1399.12,554.63,47.26,522.04,8.4106,23.2871,0
5,133,-0.0037,-0.0003,642.28,1589.63,1404.86,553.91,47.3,521.62,8.4125,23.2596,0
5,134,-0.0029,-0.0003,641.32,1585.83,1399.74,554.34,47.38,521.86,8.4053,23.4019,0
5,135,0.0007,0.0001,641.98,1587.28,1402.53,554.09,47.23,522.34,8.4215,23.4529,0
5,136,-0.0021,-0.0002,641.52,1578.2,1402.29,554.81,47.2,521.98,8.4259,23.3288,0
5,137,-0.0024,-0.0002,642.24,1584.09,1401.1,554.89,47.4,522.14,8.4328,23.3137,0
5,138,-0.0025,0.0003,641.67,1583.46,1399.78,554.45,47.18,521.86,8.3749,23.4072,0
5,139,-0.0009,0.0003,642.33,1584.72,1401.56,555.09,47.27,522.2,8.4223,23.3578,0
5,140,0.003,0.0,642.83,1585.38,1401.41,553.73,47.21,522.32,8.4191,23.2958,0
5,141,0.0013,0.0004,641.74,1588.78,1399.09,554.44,47.33,521.88,8.4425,23.4524,0
5,142,-0.0006,0.0004,642.36,1585.52,1402.08,554.61,47.2,522.07,8.4021,23.3333,0
5,143,0.0004,-0.0003,642.4,1587.63,1397.69,554.91,47.28,522.06,8.3784,23.4932,0
5,144,0.0006,0.0001,642.35,1580.32,1398.33,554.21,47.32,522.06,8.3952,23.3937,0
5,145,0.0015,-0.0003,642.31,1592.74,1402.0,554.58,47.32,522.15,8.4079,23.3737,0
5,146,0.0009,0.0001,642.77,1593.16,1407.3,553.9,47.24,521.91,8.396,23.2991,0
5,147,0.0022,-0.0004,642.01,1591.29,1400.0,553.86,47.33,522.35,8.3754,23.3927,0
5,148,-0.002,-0.0001,642.24,1583.74,1397.13,554.64,47.35,522.37,8.4175,23.4523,0
5,149,-0.0008,-0.0002,642.53,1585.65,1401.78,553.95,47.12,521.78,8.4133,23.3417,0
5,150,0.0004,0.0001,641.86,1583.1,1410.38,553.81,47.44,522.02,8.4127,23.3477,0
5,151,0.001,-0.0,642.03,1588.2,1406.3,554.4,47.28,521.81,8.4232,23.3254,0
5,152,0.0002,-0.0003,641.87,1583.85,1395.92,553.55,47.36,522.37,8.4163,23.3302,0
5,153,0.0019,0.0002,642.62,1589.26,1406.59,554.39,47.44,522.07,8.425,23.3812,0
5,154,-0.0019,-0.0001,642.24,1581.11,1394.88,554.47,47.44,521.91,8.4069,23.4176,0
5,155,0.0005,-0.0002,642.32,1584.17,1399.99,554.56,47.32,521.83,8.4703,23.3817,0
5,156,-0.0012,-0.0003,642.24,1590.06,1401.26,553.05,47.37,522.19,8.4005,23.2654,0
5,157,0.0006,0.0001,642.13,1589.32,1404.11,554.02,47.44,521.76,8.412,23.3554,0
5,158,-0.0001,-0.0005,641.88,1592.3,1400.2,553.82,47.23,521.6,8.4106,23.2331,0
5,159,-0.0007,-0.0001,642.42,1585.25,1410.83,553.99,47.45,521.64,8.3972,23.3098,0
5,160,0.0022,0.0004,642.28,1589.77,1407.02,553.84,47.11,521.65,8.4285,23.3987,0
5,161,0.0019,-0.0005,642.04,1587.84,1408.28,553.85,47.47,522.19,8.4065,23.3001,0
5,162,-0.0017,0.0004,642.07,1586.84,1401.45,554.61,47.29,522.25,8.4047,23.3782,0
5,163,-0.001,0.0004,642.63,1594.42,1403.54,553.72,47.49,521.72,8.4168,23.2216,0
5,164,-0.0019,-0.0001,642.56,1591.76,1397.82,554.5,47.55,521.95,8.431,23.3994,0
5,165,0.0007,0.0003,642.53,1592.1,1405.58,553.89,47.38,522.03,8.3896,23.2691,0
5,166,-0.0021,-0.0004,642.7,1587.64,1398.78,554.41,47.41,522.02,8.4194,23.3141,0
5,167,-0.0004,0.0003,642.54,1585.36,1398.88,554.44,47.3,522.33,8.4001,23.3531,0
5,168,-0.0004,-0.0004,642.22,1584.33,1406.51,553.71,47.22,521.54,8.4284,23.3666,0
5,169,-0.003,0.0001,642.61,1584.53,1404.83,553.94,47.51,521.47,8.4577,23.3704,0
5,170,0.0009,-0.0004,642.8,1590.51,1406.09,553.83,47.57,521.96,8.3779,23.4814,0
5,171,-0.0032,0.0003,642.41,1585.41,1405.3,553.62,47.53,521.62,8.4307,23.3103,0
5,172,0.0019,0.0001,642.05,1581.11,1409.15,554.47,47.48,521.97,8.4525,23.2871,0
5,173,0.0055,0.0,642.61,1578.99,1399.72,554.43,47.38,522.11,8.4031,23.3066,0
5,174,0.001,0.0,642.28,1585.0,1405.4,553.46,47.37,521.69,8.3928,23.4187,0
5,175,-0.0002,0.0004,642.07,1591.64,1407.55,553.65,47.45,521.74,8.4409,23.263,0
5,176,-0.0029,-0.0,642.25,1587.02,1406.02,553.7,47.39,521.87,8.4462,23.2718,0
5,177,-0.0043,-0.0002,642.32,1593.2,1404.8,554.05,47.49,522.42,8.4426,23.4318,0
5,178,-0.0022,-0.0004,642.19,1584.35,1400.44,553.8,47.28,521.81,8.4278,23.3663,0
5,179,0.001,0.0002,642.66,1585.57,1404.91,553.92,47.33,521.72,8.4047,23.3704,0
5,180,-0.0023,0.0003,642.93,1589.16,1401.28,554.39,47.3,521.83,8.4082,23.3568,0
5,181,0.0012,-0.0,642.13,1585.09,1406.41,553.92,47.24,521.95,8.4198,23.37,0
5,182,-0.0015,0.0001,641.97,1587.0,1410.72,553.43,47.5,522.09,8.4283,23.3856,0
5,183,0.0004,-0.0003,642.35,1587.85,1414.51,554.04,47.57,521.88,8.446,23.2491,0
5,184,0.0018,-0.0005,642.56,1590.2,1405.85,553.53,47.45,522.23,8.4128,23.3167,0
5,185,-0.0014,-0.0004,642.49,1589.31,1409.3,553.25,47.38,521.81,8.4278,23.3935,0
5,186,0.0002,-0.0004,641.84,1589.4,1403.46,554.15,47.47,521.63,8.4043,23.3886,0
5,187,-0.0003,0.0004,642.99,1586.12,1401.97,553.8,47.52,521.82,8.4362,23.322,0
5,188,0.0004,-0.0004,642.91,1587.14,1406.65,553.35,47.32,521.95,8.4366,23.2728,0
5,189,0.0005,-0.0004,643.18,1582.91,1411.05,553.77,47.32,521.53,8.4415,23.3599,0
5,190,-0.0063,-0.0005,641.95,1592.58,1405.86,552.91,47.41,521.8,8.44,23.3148,0
5,191,-0.0042,0.0002,642.4,1580.79,1401.97,553.1,47.46,521.68,8.4429,23.4181,0
5,192,-0.0008,0.0004,643.06,1589.78,1408.25,553.33,47.43,521.74,8.4332,23.3124,0
5,193,-0.0003,0.0001,642.55,1589.42,1414.49,552.88,47.57,521.71,8.4162,23.2404,0
5,194,0.0003,0.0004,642.47,1592.41,1405.27,553.82,47.53,521.62,8.4461,23.2218,0
5,195,-0.0005,-0.0,642.4,1590.34,1421.88,553.55,47.36,521.68,8.4053,23.215,0
5,196,0.0025,0.0,642.36,1596.19,1412.29,553.47,47.57,521.4,8.4615,23.3996,0
5,197,0.0021,-0.0003,642.43,1590.01,1403.3,553.4,47.33,521.47,8.4338,23.3149,0
5,198,0.0039,-0.0004,642.75,1591.13,1409.6,553.37,47.49,521.25,8.434,23.3705,0
5,199,0.0001,-0.0005,642.77,1595.73,1399.32,553.35,47.66,521.76,8.4662,23.1856,0
5,200,0.0028,0.0,642.45,1585.8,1404.94,553.35,47.43,521.18,8.4308,23.1455,0
5,201,-0.0025,0.0003,642.26,1589.08,1407.48,553.72,47.51,521.6,8.4336,23.1862,0
5,202,-0.0019,-0.0,642.63,1592.03,1418.05,553.57,47.53,521.42,8.4207,23.281,0
5,203,0.0015,0.0004,643.22,1589.02,1406.81,552.99,47.52,521.88,8.4343,23.2729,0
5,204,-0.0005,-0.0,642.67,1595.31,1414.63,553.85,47.5,520.88,8.4085,23.354,0
5,205,-0.001,-0.0005,642.58,1584.22,1402.8,553.92,47.47,521.79,8.4667,23.3226,0
5,206,0.0012,-0.0004,642.6,1589.26,1412.15,553.33,47.53,521.6,8.4329,23.2004,0
5,207,0.0008,-0.0003,642.59,1585.09,1418.64,553.19,47.69,521.33,8.4453,23.3964,0
5,208,-0.0006,-0.0001,643.29,1598.96,1410.31,553.17,47.42,521.75,8.4586,23.2974,0
5,209,-0.0002,0.0001,642.75,1588.4,1407.83,552.95,47.79,521.94,8.4047,23.3604,0
5,210,0.0015,0.0004,643.25,1601.16,1414.9,553.48,47.56,521.56,8.4438,23.3408,0
5,211,0.0004,-0.0001,642.81,1593.96,1410.44,553.41,47.45,520.91,8.4713,23.2832,0
5,212,-0.0026,-0.0001,643.46,1588.53,1407.63,553.14,47.74,521.0,8.4559,23.17,0
5,213,-0.0027,0.0001,642.61,1592.49,1411.76,553.11,47.64,521.22,8.4424,23.2581,0
5,214,-0.0007,-0.0,642.41,1590.22,1415.59,553.06,47.56,521.9,8.41,23.2393,0
5,215,0.003,-0.0,643.25,1598.9,1414.35,552.63,47.58,521.17,8.4817,23.1971,0
5,216,0.0014,-0.0004,642.33,1597.02,1419.51,553.25,47.6,520.88,8.4257,23.2079,0
5,217,-0.001,0.0004,642.69,1590.44,1411.58,553.41,47.58,521.49,8.4691,23.2088,0
5,218,-0.0014,0.0001,643.14,1593.78,1412.19,553.2,47.55,521.84,8.4446,23.0964,0
5,219,-0.0027,-0.0002,642.85,1591.7,1410.72,552.88,47.71,521.26,8.4295,23.2752,0
5,220,-0.0011,-0.0,642.63,1591.54,1412.16,553.48,47.59,521.68,8.4664,23.1496,0
5,221,0.0034,0.0001,642.84,1599.89,1411.56,553.3,47.68,520.67,8.4499,23.2008,0
5,222,-0.0009,0.0003,642.6,1593.52,1413.57,553.17,47.7,520.92,8.4755,23.253,0
5,223,0.0015,-0.0003,642.33,1598.78,1414.61,553.29,47.72,520.86,8.4987,23.2127,0
5,224,0.0017,0.0005,642.94,1594.2,1409.75,553.0,47.47,521.18,8.4638,23.3276,0
5,225,0.0009,-0.0004,642.92,1592.04,1420.41,553.01,47.71,520.41,8.4576,23.1596,0
5,226,-0.0031,-0.0001,642.71,1595.56,1410.58,553.43,47.59,521.33,8.4653,23.3102,0
5,227,0.0013,-0.0001,642.72,1597.53,1409.96,552.61,47.85,521.23,8.4805,23.2685,0
5,228,0.0011,-0.0001,642.73,1595.91,1416.9,553.26,47.75,520.64,8.4462,23.2278,0
5,229,-0.0018,-0.0004,643.36,1599.17,1410.49,552.54,47.64,521.14,8.4722,23.245,0
5,230,-0.0011,0.0003,643.4,1595.61,1422.13,552.73,47.69,521.21,8.4637,23.2551,0
5,231,0.0022,0.0003,642.73,1585.5,1418.89,552.79,47.82,521.18,8.4484,23.2363,0
5,232,-0.0011,-0.0001,642.72,1599.3,1412.06,552.8,47.8,520.94,8.4974,23.2672,0
5,233,0.0002,-0.0004,643.7,1596.32,1410.89,553.12,47.78,521.04,8.4873,23.2345,0
5,234,0.0019,0.0002,642.34,1603.24,1414.62,552.73,47.67,521.07,8.4239,23.1835,0
5,235,-0.0026,-0.0002,643.17,1597.63,1414.36,552.8,47.73,520.52,8.4749,23.2203,0
5,236,0.0016,-0.0002,643.25,1593.6,1413.45,553.3,47.78,521.03,8.4957,23.1579,0
5,237,0.0003,-0.0002,643.68,1589.94,1416.89,553.0,47.98,521.55,8.4604,23.17,0
5,238,0.0011,-0.0004,643.14,1595.09,1420.25,553.35,47.77,520.63,8.4438,23.0958,0
5,239,-0.0038,0.0002,643.05,1601.15,1418.73,553.54,47.85,521.51,8.4813,23.192,1
5,240,0.001,0.0001,643.41,1587.88,1420.74,552.8,47.84,521.47,8.4942,23.1828,1
5,241,0.0007,0.0,642.99,1592.89,1428.4,552.57,47.57,521.03,8.487,23.2378,1
5,242,0.0021,-0.0005,643.07,1603.83,1416.36,552.37,47.91,521.5,8.5047,23.2526,1
5,243,0.0029,0.0001,643.25,1599.63,1418.14,552.95,47.95,520.69,8.4759,23.0681,1
5,244,0.0002,-0.0001,642.95,1591.37,1422.41,553.16,47.83,520.75,8.481,23.0463,1
5,245,0.001,0.0001,643.13,1599.31,1421.8,552.46,47.96,520.54,8.4866,23.2506,1
5,246,-0.0003,-0.0001,643.49,1600.21,1422.59,552.52,47.79,520.38,8.4931,23.2279,1
5,247,0.0005,0.0,643.4,1601.11,1416.75,551.86,47.87,520.01,8.482,23.1255,1
5,248,0.0001,0.0001,643.45,1594.09,1422.62,552.66,48.03,520.51,8.4656,23.196,1
5,249,-0.0041,0.0002,643.56,1597.93,1423.94,551.98,47.9,520.36,8.5371,23.2299,1
5,250,0.0004,0.0004,643.14,1596.58,1425.52,552.79,47.85,520.57,8.4391,23.0257,1
5,251,-0.0031,0.0002,643.59,1599.58,1423.26,551.47,47.72,520.49,8.4868,23.125,1
5,252,-0.0013,-0.0001,643.71,1598.85,1419.15,551.81,47.82,520.42,8.4737,23.239,1
5,253,0.0032,-0.0004,643.59,1602.52,1423.22,551.61,48.08,520.82,8.509,23.1336,1
5,254,0.0043,-0.0005,643.3,1591.58,1424.36,551.48,47.85,520.07,8.516,23.0446,1
5,255,-0.0015,-0.0003,643.46,1594.11,1428.03,551.73,48.19,520.38,8.4968,23.2145,1
5,256,0.0007,0.0005,643.66,1602.29,1431.89,551.4,47.82,520.46,8.5036,23.0656,1
5,257,0.0011,0.0004,643.22,1604.25,1424.27,552.21,48.27,519.88,8.5263,23.2326,1
5,258,0.0007,-0.0002,643.44,1596.35,1427.69,552.5,48.06,520.59,8.5105,23.1169,1
5,259,-0.0018,-0.0003,643.78,1608.65,1420.14,551.42,48.05,520.12,8.539,23.0195,1
5,260,0.0046,-0.0004,643.25,1607.39,1425.28,552.24,47.96,520.06,8.4948,23.1449,1
5,261,0.0014,0.0005,643.27,1600.6,1421.13,552.07,48.13,520.63,8.495,23.1152,1
5,262,-0.001,0.0001,643.56,1601.82,1424.81,552.49,47.86,519.95,8.4983,23.0929,1
5,263,-0.0013,-0.0003,643.95,1608.2,1421.15,551.57,48.04,520.05,8.5201,23.1361,1
5,264,0.004,-0.0005,643.77,1606.55,1425.39,551.7,48.26,519.83,8.5297,23.1132,1
5,265,0.0028,-0.0003,643.8,1605.53,1424.57,551.37,48.03,519.8,8.541,23.0857,1
5,266,0.0,-0.0002,643.38,1609.33,1434.4,552.35,48.24,519.57,8.5254,23.1621,1
5,267,0.0018,0.0001,643.73,1609.41,1430.25,551.55,48.26,519.66,8.5292,23.0566,1
5,268,0.0033,-0.0002,644.02,1608.65,1434.59,552.22,48.15,520.1,8.5196,23.118,1
5,269,0.0022,0.0003,643.46,1597.28,1430.74,550.77,48.26,519.86,8.5209,23.0296,1
6,1,-0.0019,0.0003,642.73,1584.4,1412.34,552.99,47.56,521.69,8.4286,23.3086,0
6,2,0.0021,-0.0004,642.07,1590.38,1401.1,553.02,47.65,521.03,8.4343,23.2645,0
6,3,-0.0031,0.0001,642.57,1588.18,1405.86,552.76,47.49,521.68,8.4072,23.2163,0
6,4,0.0006,0.0,641.97,1589.4,1401.21,553.1,47.38,521.84,8.4012,23.3215,0
6,5,0.0029,-0.0005,642.62,1595.13,1409.67,553.27,47.49,521.37,8.4583,23.324,0
6,6,0.0038,0.0002,642.33,1589.59,1408.46,553.91,47.49,521.29,8.4994,23.2869,0
6,7,-0.0003,0.0005,642.44,1586.65,1403.63,553.28,47.49,521.38,8.4163,23.2894,0
6,8,0.0004,-0.0003,642.33,1586.78,1404.99,553.89,47.69,521.71,8.4739,23.287,0
6,9,0.0012,-0.0004,643.36,1585.15,1407.48,553.54,47.6,522.21,8.4614,23.3138,0
6,10,0.0,-0.0003,642.81,1587.89,1414.99,553.28,47.45,521.08,8.4129,23.2454,0
6,11,0.0039,-0.0005,642.5,1586.81,1401.78,552.84,47.67,521.55,8.4694,23.3941,0
6,12,-0.0033,-0.0,642.28,1594.5,1404.65,552.36,47.4,521.25,8.4313,23.3945,0
6,13,0.002,0.0002,642.37,1589.99,1409.91,553.67,47.6,520.78,8.4537,23.3845,0
6,14,-0.0035,0.0003,642.91,1592.99,1406.48,553.98,47.61,521.79,8.4495,23.3262,0
6,15,-0.001,-0.0004,642.55,1584.5,1410.62,553.84,47.59,521.53,8.4468,23.3293,0
6,16,0.0003,0.0002,643.02,1589.35,1411.03,553.15,47.68,521.48,8.4485,23.3919,0
6,17,0.0015,-0.0005,643.11,1588.67,1411.59,552.85,47.49,521.35,8.445,23.2692,0
6,18,0.003,0.0005,642.68,1587.04,1410.2,552.43,47.7,521.41,8.4504,23.4346,0
6,19,0.0031,-0.0,642.19,1588.21,1408.93,552.77,47.59,522.16,8.4358,23.2571,0
6,20,0.0002,-0.0004,642.63,1590.31,1405.84,553.16,47.47,521.32,8.4163,23.2654,0
6,21,0.0014,0.0005,642.41,1587.62,1411.2,553.52,47.51,521.03,8.4108,23.2284,0
6,22,0.0001,0.0004,642.75,1586.8,1412.36,553.78,47.53,521.78,8.4461,23.2824,0
6,23,-0.0035,0.0,642.65,1592.61,1405.78,552.93,47.49,521.47,8.4343,23.2665,0
6,24,0.0013,-0.0002,642.64,1587.84,1408.88,552.66,47.54,521.47,8.4512,23.2691,0
6,25,-0.0025,-0.0005,642.6,1588.2,1404.17,553.01,47.37,521.51,8.4449,23.2809,0
6,26,0.0023,0.0003,643.19,1591.45,1409.38,553.53,47.59,521.75,8.4876,23.3463,0
6,27,-0.002,0.0002,642.91,1587.33,1408.41,553.68,47.56,521.33,8.4485,23.4141,0
6,28,0.0024,0.0003,642.68,1590.93,1407.17,553.42,47.58,521.25,8.4252,23.27,0
6,29,0.0036,-0.0003,642.02,1587.92,1411.63,552.83,47.36,521.17,8.414,23.1688,0
6,30,-0.0012,-0.0001,642.1,1583.0,1409.32,553.29,47.46,521.46,8.4518,23.388,0
6,31,-0.0013,-0.0002,642.36,1591.59,1402.06,553.17,47.48,521.13,8.4004,23.3245,0
6,32,-0.0002,-0.0005,643.03,1588.4,1407.94,553.34,47.53,521.57,8.4248,23.4517,0
6,33,0.0027,-0.0003,642.59,1590.24,1400.61,553.47,47.51,521.73,8.4597,23.3406,0
6,34,-0.001,0.0005,642.41,1593.18,1412.46,553.22,47.53,520.92,8.3972,23.2439,0
6,35,-0.0021,0.0002,642.81,1581.62,1406.36,553.45,47.44,521.76,8.4314,23.2475,0
6,36,-0.0032,0.0003,642.88,1587.89,1410.89,553.71,47.55,520.89,8.4222,23.2876,0
6,37,-0.001,0.0002,642.47,1591.16,1409.57,553.08,47.57,521.27,8.4108,23.3248,0
6,38,0.0013,-0.0001,642.47,1586.16,1407.91,553.28,47.55,521.36,8.439,23.3234,0
6,39,-0.0035,-0.0003,642.68,1588.69,1410.96,553.47,47.5,521.12,8.4124,23.2799,0
6,40,0.0016,-0.0,642.67,1584.77,1414.82,553.58,47.4,521.46,8.4366,23.3596,0
6,41,0.0032,0.0001,643.18,1586.37,1409.15,552.81,47.43,520.88,8.4154,23.2997,0
6,42,-0.001,0.0003,641.82,1583.49,1409.75,553.23,47.51,521.5,8.4311,23.24,0
6,43,0.004,0.0004,642.98,1587.55,1403.0,552.65,47.55,520.8,8.4261,23.3042,0
6,44,0.0022,0.0005,642.42,1594.67,1406.01,553.21,47.62,521.45,8.4426,23.3354,0
6,45,-0.0008,0.0,642.41,1588.48,1409.32,553.61,47.54,520.93,8.4607,23.2485,0
6,46,-0.0001,0.0004,642.94,1587.34,1403.16,553.37,47.5,521.49,8.5029,23.2163,0
6,47,-0.0002,-0.0,642.06,1587.53,1405.63,552.47,47.54,521.19,8.4127,23.3982,0
6,48,0.0027,0.0004,642.64,1586.67,1405.29,552.99,47.54,521.21,8.4406,23.3222,0
6,49,-0.0005,0.0002,642.85,1592.36,1412.66,553.58,47.7,521.57,8.4796,23.3686,0
6,50,-0.0027,0.0001,642.55,1591.46,1401.18,553.22,47.62,521.01,8.4519,23.2389,0
6,51,0.0023,-0.0004,643.18,1587.6,1411.46,553.58,47.54,521.57,8.4422,23.2563,0
6,52,-0.0011,-0.0001,642.81,1591.54,1407.97,553.58,47.52,521.32,8.4499,23.3049,0
6,53,-0.0025,0.0001,642.72,1587.56,1411.47,553.47,47.61,521.41,8.4628,23.3784,0
6,54,-0.0023,-0.0004,643.0,1594.48,1408.17,553.57,47.37,520.91,8.452,23.3575,0
6,55,0.001,-0.0001,642.62,1593.8,1410.73,553.6,47.49,521.44,8.4378,23.3015,0
6,56,-0.0037,0.0004,642.53,1589.29,1411.17,553.4,47.49,521.11,8.4589,23.2232,0
6,57,0.0032,-0.0001,642.4,1592.85,1409.82,553.45,47.53,521.1,8.4325,23.3324,0
6,58,-0.0052,-0.0004,642.83,1585.97,1414.39,553.0,47.61,521.14,8.4269,23.1848,0
6,59,0.0014,0.0005,642.99,1588.01,1410.16,552.76,47.58,521.25,8.4444,23.2489,0
6,60,-0.0026,-0.0002,642.75,1590.14,1406.9,552.75,47.47,521.5,8.4205,23.2712,0
6,61,0.0,0.0002,643.24,1595.27,1413.96,553.3,47.87,521.17,8.4707,23.2791,0
6,62,-0.0007,-0.0001,642.59,1593.19,1404.16,553.03,47.37,520.97,8.431,23.2902,0
6,63,0.0015,-0.0005,642.55,1597.51,1412.65,553.6,47.49,521.93,8.4408,23.4008,0
6,64,0.0006,-0.0004,643.19,1589.76,1407.19,553.58,47.52,520.57,8.4561,23.3289,0
6,65,-0.0017,-0.0004,642.56,1591.75,1411.47,553.4,47.68,521.23,8.4261,23.2611,0
6,66,0.0038,0.0003,642.7,1594.43,1408.8,553.41,47.47,521.27,8.4617,23.2412,0
6,67,-0.0005,0.0005,642.87,1588.19,1412.54,553.11,47.45,521.5,8.4238,23.314,0
6,68,0.002,-0.0002,642.66,1587.59,1413.13,553.19,47.61,521.15,8.4473,23.2079,0
6,69,-0.0037,0.0001,642.48,1592.19,1406.96,553.28,47.68,521.25,8.445,23.2988,0
6,70,0.0022,-0.0003,643.06,1599.27,1409.21,553.1,47.5,521.09,8.4269,23.2539,0
6,71,-0.0019,-0.0002,642.89,1594.41,1412.36,553.41,47.59,521.14,8.4253,23.2522,0
6,72,0.0002,0.0003,642.92,1586.94,1415.8,553.13,47.42,521.11,8.466,23.2914,0
6,73,-0.0005,0.0003,643.07,1590.53,1410.2,552.74,47.7,521.03,8.4582,23.1547,0
6,74,0.0021,0.0004,642.53,1588.12,1409.58,552.94,47.65,521.41,8.4368,23.2868,0
6,75,-0.0003,-0.0002,642.69,1583.72,1410.5,552.67,47.66,520.65,8.4528,23.1768,0
6,76,-0.0002,0.0003,642.28,1592.11,1412.11,552.24,47.52,522.03,8.4406,23.2793,0
6,77,-0.0025,0.0003,643.32,1587.84,1416.71,553.91,47.76,521.18,8.3731,23.2879,0
6,78,-0.0009,0.0001,643.26,1586.98,1411.31,553.99,47.44,520.99,8.4405,23.2259,0
6,79,-0.0004,0.0004,643.12,1593.19,1414.85,553.54,47.83,521.2,8.453,23.2171,0
6,80,0.0012,0.0002,642.86,1593.18,1409.06,552.67,47.53,521.16,8.4183,23.3326,0
6,81,-0.0007,-0.0002,642.38,1595.09,1411.1,553.81,47.51,520.97,8.4261,23.2556,0
6,82,0.0019,-0.0002,642.48,1588.5,1410.57,552.88,47.66,521.26,8.461,23.1779,0
6,83,0.0003,-0.0002,642.74,1593.02,1415.45,552.77,47.67,521.04,8.4679,23.149,0
6,84,-0.0003,0.0002,643.14,1584.71,1409.65,553.22,47.66,520.92,8.4291,23.3213,0
6,85,0.0004,-0.0001,642.75,1600.84,1405.68,552.61,47.55,520.75,8.4785,23.1478,0
6,86,0.0003,0.0003,642.72,1595.44,1416.17,552.66,47.48,521.23,8.4256,23.2822,0
6,87,-0.0052,-0.0004,642.6,1588.86,1409.65,553.3,47.53,521.71,8.4544,23.2917,0
6,88,-0.0008,-0.0001,642.92,1590.45,1404.54,553.89,47.52,520.81,8.4613,23.3254,0
6,89,-0.0006,0.0003,643.03,1596.52,1417.55,552.79,47.62,521.21,8.4588,23.2402,0
6,90,0.0021,-0.0003,642.61,1593.37,1413.78,553.14,47.73,520.96,8.4425,23.2619,0
6,91,-0.0007,-0.0001,643.24,1585.21,1406.95,552.88,47.7,521.83,8.4328,23.3813,0
6,92,-0.003,-0.0004,642.8,1591.9,1407.76,552.35,47.63,520.89,8.4485,23.2665,0
6,93,0.0017,-0.0004,642.76,1597.36,1414.44,553.4,47.69,520.97,8.4366,23.3089,0
6,94,-0.0004,-0.0002,642.65,1587.86,1409.07,553.14,47.75,521.28,8.441,23.1543,0
6,95,0.001,0.0001,643.05,1594.11,1412.55,553.76,47.53,521.31,8.44,23.2977,0
6,96,0.0018,-0.0004,642.87,1593.96,1415.55,552.97,47.77,521.04,8.4585,23.2981,0
6,97,-0.001,0.0005,642.89,1590.23,1408.62,552.68,47.67,520.83,8.4826,23.2104,0
6,98,0.0039,0.0003,642.82,1597.14,1416.6,553.32,47.72,521.27,8.4042,23.2394,0
6,99,-0.0021,-0.0005,643.16,1597.69,1412.9,552.68,47.78,521.51,8.4578,23.3449,0
6,100,0.0016,-0.0005,642.73,1592.11,1406.43,552.83,47.58,521.31,8.4534,23.247,0
6,101,0.0017,0.0005,642.49,1594.92,1419.53,553.13,47.68,521.22,8.4841,23.2526,0
6,102,-0.0,0.0005,642.84,1596.24,1412.98,552.57,47.51,520.73,8.4427,23.3435,0
6,103,-0.0026,0.0001,642.46,1588.07,1414.95,553.43,47.63,521.1,8.4697,23.1537,0
6,104,0.0013,-0.0004,642.87,1590.41,1415.34,553.22,47.62,521.3,8.4603,23.3138,0
6,105,0.0035,0.0003,641.96,1587.32,1411.0,552.88,47.55,521.47,8.4821,23.2931,0
6,106,0.0029,-0.0001,643.18,1592.66,1405.57,553.47,47.77,521.06,8.4704,23.3,0
6,107,-0.0004,-0.0004,642.85,1590.97,1409.77,553.18,47.73,521.58,8.4887,23.2435,0
6,108,0.0007,0.0004,643.17,1589.04,1410.71,552.89,47.69,520.74,8.4718,23.161,0
6,109,-0.0022,0.0001,642.92,1590.02,1411.74,552.94,47.57,521.54,8.4538,23.264,0
6,110,0.001,0.0,642.61,1587.91,1409.73,553.39,47.59,520.66,8.408,23.2346,0
6,111,0.0033,0.0002,642.8,1593.61,1415.82,553.26,47.67,521.47,8.4459,23.1654,0
6,112,-0.0023,0.0005,642.52,1599.51,1415.13,552.97,47.59,520.79,8.4752,23.3133,0
6,113,-0.0032,-0.0002,643.26,1596.12,1415.38,552.35,47.47,520.61,8.4536,23.2642,0
6,114,-0.0011,0.0005,643.31,1590.48,1411.76,552.62,47.58,521.3,8.4292,23.2137,0
6,115,-0.0013,-0.0005,643.01,1598.31,1408.65,552.68,47.69,521.42,8.4618,23.2763,0
6,116,0.0034,0.0,642.85,1594.33,1413.04,553.41,47.72,520.72,8.4525,23.1882,0
6,117,-0.0006,-0.0004,643.36,1593.99,1411.06,553.51,47.69,520.81,8.4787,23.2211,0
6,118,-0.004,-0.0,642.68,1593.66,1420.65,552.54,47.77,520.91,8.4578,23.326,0
6,119,-0.0006,0.0003,643.15,1598.18,1417.57,553.83,47.64,520.88,8.4266,23.2015,0
6,120,-0.0023,-0.0005,642.88,1591.39,1411.38,553.03,47.79,520.86,8.4439,23.1803,0
6,121,0.0037,-0.0,642.64,1588.74,1411.89,552.17,47.66,520.7,8.4645,23.261,0
6,122,0.0009,0.0005,642.8,1600.48,1415.47,553.1,47.65,521.3,8.471,23.3114,0
6,123,-0.0005,-0.0003,642.93,1591.88,1411.83,552.6,47.87,520.61,8.4667,23.2467,0
6,124,0.0008,0.0004,642.77,1587.78,1412.33,552.94,47.85,520.24,8.4617,23.1654,0
6,125,0.0038,-0.0005,643.0,1595.44,1410.66,552.75,47.74,520.87,8.4444,23.2842,0
6,126,-0.0003,0.0004,643.38,1601.09,1413.47,552.44,47.86,520.49,8.4416,23.1861,0
6,127,-0.0011,-0.0001,643.4,1589.95,1413.29,552.63,47.92,520.53,8.4305,23.2081,0
6,128,0.0009,0.0002,642.91,1598.04,1412.09,552.66,47.59,521.33,8.4582,23.169,0
6,129,0.0025,-0.0004,643.04,1586.2,1410.4,552.98,47.74,520.96,8.4189,23.2023,0
6,130,0.0044,-0.0001,642.85,1593.74,1421.59,552.63,47.72,520.85,8.4902,23.2272,0
6,131,0.001,-0.0004,643.31,1594.83,1420.65,552.31,47.87,520.76,8.4566,23.2274,0
6,132,-0.0021,0.0002,642.87,1590.0,1406.78,553.06,47.76,520.99,8.4882,23.1832,0
6,133,0.001,0.0004,642.92,1592.53,1415.54,551.83,47.69,521.01,8.4459,23.1887,0
6,134,-0.0047,0.0005,643.28,1596.67,1419.29,552.27,47.8,521.0,8.4316,23.1851,0
6,135,-0.0011,0.0003,643.1,1591.43,1417.4,552.97,47.69,520.91,8.4711,23.259,0
6,136,-0.0051,-0.0,643.32,1586.81,1413.17,552.54,47.77,520.77,8.4686,23.1808,0
6,137,-0.0001,0.0002,643.11,1588.99,1411.43,552.93,47.72,520.35,8.481,23.2665,0
6,138,0.0034,-0.0002,643.02,1590.59,1416.62,552.7,47.83,521.26,8.4617,23.1353,0
6,139,0.0009,-0.0005,643.28,1591.23,1418.23,552.38,47.94,521.03,8.4807,23.152,0
6,140,-0.0003,0.0001,643.86,1590.28,1414.25,552.22,47.87,520.66,8.4614,23.2593,0
6,141,0.0023,-0.0004,642.88,1593.21,1418.38,552.61,47.86,520.65,8.4774,23.2356,0
6,142,-0.0017,-0.0,642.64,1596.49,1422.25,552.21,47.73,520.64,8.494,23.2209,0
6,143,0.0003,0.0,643.22,1592.7,1415.86,552.52,48.05,520.36,8.4654,23.1573,0
6,144,-0.0001,-0.0005,643.15,1595.07,1415.58,552.47,47.93,520.94,8.5124,23.1998,0
6,145,-0.0019,0.0003,643.09,1595.65,1415.82,552.24,47.84,520.56,8.4829,23.1925,0
6,146,0.0024,-0.0001,642.69,1596.92,1417.09,552.1,47.82,520.25,8.4998,23.1448,0
6,147,0.0008,-0.0003,642.99,1595.61,1416.96,552.76,48.09,520.6,8.4471,23.1658,0
6,148,-0.0003,0.0005,642.95,1604.49,1418.66,552.83,47.94,520.07,8.4855,23.2531,0
6,149,-0.0013,0.0002,643.28,1599.29,1421.19,552.23,47.86,520.73,8.5238,23.1125,0
6,150,0.0039,0.0,643.0,1599.67,1420.07,553.03,48.01,520.39,8.4504,23.1979,0
6,151,0.0014,-0.0003,643.16,1592.0,1423.27,552.71,47.76,520.24,8.4897,23.1737,0
6,152,0.0001,-0.0004,643.34,1600.51,1424.84,552.56,47.91,520.33,8.4706,23.1844,0
6,153,-0.0069,0.0003,643.05,1590.37,1420.74,551.51,47.8,520.46,8.479,23.2475,0
6,154,-0.001,-0.0002,643.4,1600.39,1419.33,552.4,47.95,520.47,8.4693,23.2128,0
6,155,-0.0013,0.0005,642.67,1589.15,1419.23,551.6,47.96,520.22,8.4829,23.1345,0
6,156,-0.004,-0.0003,643.45,1595.36,1417.31,552.31,47.99,519.98,8.4754,23.1299,0
6,157,-0.0004,-0.0002,642.35,1590.18,1419.84,551.98,47.82,520.51,8.4886,23.1102,0
6,158,-0.0028,0.0004,643.66,1596.43,1422.25,552.5,48.12,520.5,8.4734,23.1349,1
6,159,-0.001,-0.0,642.93,1592.5,1417.03,552.26,47.82,520.73,8.492,23.1826,1
6,160,-0.002,-0.0002,643.61,1603.1,1423.05,551.56,47.87,520.61,8.489,23.1757,1
6,161,-0.0011,0.0001,643.77,1593.28,1422.93,552.35,47.89,520.42,8.4941,23.1045,1
6,162,0.002,-0.0005,643.25,1592.09,1420.87,552.15,47.94,519.93,8.498,23.2763,1
6,163,0.0043,0.0003,643.29,1602.42,1423.01,551.51,48.03,520.22,8.504,23.0995,1
6,164,0.0021,0.0002,643.45,1605.92,1423.29,552.42,48.04,520.36,8.4686,23.1184,1
6,165,0.0002,-0.0005,644.03,1603.61,1423.5,551.82,48.06,520.42,8.4762,23.0665,1
6,166,0.0027,-0.0005,644.05,1602.62,1422.7,551.68,48.03,520.29,8.4985,23.1018,1
6,167,0.0,-0.0005,643.48,1599.22,1425.97,551.98,48.03,520.23,8.4969,23.0509,1
6,168,-0.0014,0.0004,642.87,1590.83,1425.2,552.38,48.06,520.17,8.5203,23.0854,1
6,169,-0.0002,-0.0001,644.12,1597.11,1426.68,552.08,48.07,520.27,8.4835,23.2095,1
6,170,0.0009,-0.0003,643.91,1599.73,1425.87,551.35,47.92,519.77,8.4852,23.1057,1
6,171,-0.0027,-0.0002,643.82,1601.73,1423.31,551.38,48.09,520.44,8.5219,23.1045,1
6,172,-0.0026,-0.0003,643.18,1593.7,1432.3,551.45,48.07,520.31,8.4793,23.1505,1
6,173,-0.0029,0.0002,643.45,1597.11,1423.89,551.37,48.05,519.93,8.4775,23.1312,1
6,174,0.0011,0.0004,643.21,1602.11,1426.34,551.65,48.05,520.5,8.4756,23.1942,1
6,175,0.0017,0.0003,643.84,1602.72,1427.35,551.53,48.17,520.12,8.5266,23.1005,1
6,176,0.001,0.0003,643.71,1604.31,1423.22,551.47,48.06,519.41,8.4994,23.1595,1
6,177,0.0,0.0002,643.5,1590.96,1421.52,551.5,48.21,520.17,8.4993,23.0286,1
6,178,-0.0025,0.0004,643.78,1603.27,1424.84,551.24,48.09,519.7,8.5091,23.0738,1
6,179,-0.0026,-0.0003,643.58,1607.63,1424.83,551.62,48.11,519.37,8.5102,23.1191,1
6,180,0.0038,-0.0002,643.76,1598.73,1426.72,551.27,48.06,519.81,8.4948,23.1165,1
6,181,-0.0022,-0.0002,643.44,1603.07,1430.56,551.46,48.15,519.71,8.48,23.1337,1
6,182,0.0035,-0.0004,644.0,1596.51,1423.81,551.95,48.34,519.84,8.5167,22.9966,1
6,183,0.001,0.0005,644.01,1597.82,1430.47,551.7,48.05,519.66,8.5294,23.0273,1
6,184,0.0022,0.0004,643.52,1598.05,1432.22,551.31,48.07,519.42,8.4857,22.9949,1
6,185,0.0022,0.0001,643.78,1603.37,1434.09,551.33,48.21,519.5,8.5261,23.1199,1
6,186,-0.0054,-0.0001,644.01,1603.59,1430.37,550.59,48.27,519.8,8.5013,22.9396,1
6,187,-0.002,0.0003,643.76,1602.69,1423.45,551.45,48.21,519.03,8.5324,23.0449,1
6,188,0.0014,-0.0004,643.47,1600.63,1434.92,550.7,48.21,518.98,8.5358,22.9577,1
7,1,-0.0005,0.0004,642.38,1589.49,1395.48,554.76,47.24,522.19,8.4081,23.4073,0
7,2,0.0008,-0.0003,642.57,1583.11,1395.97,553.97,47.0,522.3,8.4216,23.5043,0
7,3,-0.0014,-0.0002,642.25,1589.44,1397.74,554.95,47.18,522.36,8.4258,23.4113,0
7,4,-0.002,0.0001,642.31,1585.59,1397.85,553.3,47.07,522.09,8.4175,23.4616,0
7,5,0.0016,0.0,642.25,1587.23,1402.54,554.64,47.31,522.0,8.4099,23.4781,0
7,6,0.0011,-0.0005,642.49,1586.12,1403.1,553.89,47.29,521.89,8.406,23.394,0
7,7,-0.0038,0.0002,642.45,1588.36,1391.19,554.66,47.21,522.54,8.3984,23.349,0
7,8,-0.0007,-0.0005,642.41,1586.97,1401.42,554.05,47.19,522.26,8.402,23.381,0
7,9,-0.0026,0.0,642.22,1582.13,1401.77,554.31,47.23,521.78,8.3848,23.4429,0
7,10,0.0019,-0.0002,642.29,1588.96,1393.25,554.14,47.14,522.09,8.4222,23.3398,0
7,11,0.0026,-0.0002,642.74,1585.25,1393.96,554.11,47.39,522.12,8.3948,23.3074,0
7,12,-0.0036,-0.0004,642.08,1590.55,1397.36,554.21,47.28,522.13,8.3766,23.3777,0
7,13,-0.0011,0.0001,642.47,1584.88,1392.15,554.61,47.17,522.55,8.4199,23.4383,0
7,14,0.0009,0.0001,641.76,1579.88,1390.48,554.47,47.18,521.98,8.4196,23.4888,0
7,15,-0.005,0.0004,642.29,1582.42,1398.41,554.02,47.24,521.89,8.3901,23.3772,0
7,16,0.0024,0.0003,642.3,1588.69,1405.02,554.14,47.04,522.54,8.4122,23.3613,0
7,17,-0.0019,0.0001,642.08,1588.75,1397.63,554.94,47.34,522.02,8.419,23.404,0
7,18,-0.0036,0.0002,642.47,1583.49,1394.65,553.92,47.21,522.31,8.388,23.4165,0
7,19,-0.001,-0.0,642.01,1586.11,1397.51,554.2,47.16,522.26,8.4216,23.4083,0
7,20,-0.0028,0.0004,641.99,1585.03,1395.92,554.26,47.22,522.61,8.4111,23.3776,0
7,21,0.0001,-0.0002,641.77,1589.77,1404.33,554.69,47.23,521.78,8.3926,23.3863,0
7,22,0.0011,0.0004,641.44,1578.03,1394.58,554.63,47.25,522.02,8.3609,23.2512,0
7,23,-0.0057,-0.0001,641.76,1586.41,1398.09,554.38,47.21,522.48,8.4143,23.3937,0
7,24,0.0057,0.0002,642.44,1583.32,1398.75,553.84,47.3,522.65,8.4022,23.4204,0
7,25,-0.0009,-0.0004,641.79,1578.13,1397.07,554.2,47.26,522.27,8.4361,23.3838,0
7,26,0.0009,-0.0001,641.87,1585.88,1401.19,554.88,47.12,522.7,8.3712,23.3981,0
7,27,0.0005,-0.0001,642.68,1585.5,1397.39,553.65,47.27,522.38,8.4167,23.4148,0
7,28,-0.0006,0.0004,642.68,1586.11,1405.38,553.65,47.21,521.65,8.4114,23.376,0
7,29,-0.0012,-0.0001,641.9,1589.95,1396.71,555.01,47.13,522.52,8.3806,23.4833,0
7,30,-0.0016,-0.0004,642.18,1585.13,1396.49,554.78,47.19,522.06,8.4228,23.4269,0
7,31,-0.0004,0.0001,641.99,1589.16,1402.76,554.51,47.14,522.51,8.4266,23.3568,0
7,32,0.0018,-0.0005,642.15,1589.46,1397.4,554.74,47.18,522.37,8.3815,23.359,0
7,33,0.0026,-0.0003,642.19,1585.17,1399.12,554.47,47.28,522.75,8.387,23.2902,0
7,34,-0.0024,-0.0002,642.09,1583.36,1402.93,554.36,47.19,521.87,8.4168,23.4113,0
7,35,-0.0055,0.0003,642.67,1591.02,1409.12,554.6,47.3,522.72,8.4014,23.3942,0
7,36,0.0012,-0.0004,642.54,1581.96,1393.49,554.98,47.32,522.31,8.4154,23.4273,0
7,37,-0.004,-0.0001,642.4,1584.97,1400.55,554.36,47.12,522.42,8.4042,23.4181,0
7,38,0.004,-0.0004,642.41,1590.3,1393.57,554.52,47.13,522.53,8.4168,23.4189,0
7,39,0.0065,-0.0,642.39,1582.33,1403.52,554.04,47.35,522.05,8.4314,23.3436,0
7,40,0.0007,-0.0002,642.14,1587.0,1393.32,554.96,47.32,522.63,8.3988,23.4054,0
7,41,-0.0014,-0.0002,642.39,1590.4,1406.12,554.64,47.08,522.49,8.401,23.3194,0
7,42,0.0018,-0.0002,642.7,1580.26,1398.14,554.05,47.21,522.68,8.4047,23.3355,0
7,43,0.0009,0.0004,642.32,1582.93,1397.5,555.01,47.2,521.93,8.4454,23.3467,0
7,44,0.002,0.0001,642.64,1587.5,1398.15,554.95,47.31,522.52,8.4042,23.4205,0
7,45,0.0019,0.0001,642.25,1587.23,1399.97,554.07,47.17,522.39,8.3894,23.4295,0
7,46,-0.0037,0.0003,642.37,1586.17,1405.02,554.9,47.42,522.22,8.3882,23.4833,0
7,47,-0.0019,0.0003,641.94,1587.72,1401.47,553.74,47.2,522.02,8.407,23.2798,0
7,48,0.0003,0.0,641.94,1585.35,1398.81,554.05,47.11,522.33,8.4164,23.3583,0
7,49,0.003,-0.0004,642.43,1586.42,1396.88,554.21,47.33,522.03,8.4129,23.4089,0
7,50,-0.0008,0.0004,642.41,1590.47,1400.31,553.68,47.22,522.43,8.4159,23.5133,0
7,51,-0.0012,-0.0,642.17,1580.05,1397.42,553.66,47.41,522.55,8.4323,23.3101,0
7,52,0.0002,0.0003,641.91,1585.51,1402.13,555.14,47.18,522.42,8.414,23.4335,0
7,53,0.0006,-0.0002,642.38,1582.33,1395.45,553.87,47.31,522.3,8.4169,23.3092,0
7,54,0.0007,-0.0004,641.8,1590.77,1400.98,553.78,47.41,522.21,8.4129,23.4177,0
7,55,0.0002,0.0004,642.19,1585.93,1399.74,554.13,47.09,522.02,8.3869,23.42,0
7,56,0.0008,0.0,642.53,1584.43,1395.08,554.66,47.37,522.45,8.4122,23.2743,0
7,57,-0.0024,-0.0003,643.02,1585.71,1398.43,553.87,47.25,522.5,8.41,23.3419,0
7,58,-0.0043,-0.0001,642.09,1587.14,1400.97,555.14,47.19,523.0,8.383,23.2486,0
7,59,0.0002,-0.0,642.29,1585.96,1397.92,554.73,47.29,521.81,8.433,23.4702,0
7,60,-0.0001,-0.0003,642.19,1581.21,1396.21,554.44,47.24,521.99,8.3696,23.2723,0
7,61,0.003,-0.0004,642.08,1586.13,1402.82,553.9,47.26,522.32,8.4018,23.4476,0
7,62,0.0031,-0.0004,642.15,1585.67,1390.39,553.81,47.29,522.74,8.4175,23.3247,0
7,63,0.0008,-0.0002,642.36,1578.24,1400.55,554.64,47.17,521.82,8.4172,23.3449,0
7,64,-0.0006,0.0002,642.54,1589.13,1399.36,554.43,47.28,521.96,8.4112,23.4167,0
7,65,-0.0035,-0.0003,642.31,1578.07,1396.6,554.11,47.28,522.18,8.4259,23.5043,0
7,66,0.0,-0.0002,642.54,1586.72,1399.23,554.53,47.42,522.88,8.4027,23.3637,0
7,67,0.0005,0.0,642.61,1582.7,1402.68,554.02,47.35,522.2,8.3811,23.2758,0
7,68,0.0006,-0.0005,641.8,1586.66,1395.57,554.02,47.17,521.64,8.393,23.4418,0
7,69,0.0002,0.0001,642.22,1593.46,1403.5,554.47,47.36,522.14,8.4268,23.3819,0
7,70,-0.002,-0.0005,642.09,1583.19,1399.04,554.01,47.25,521.82,8.363,23.447,0
7,71,0.0032,0.0004,641.53,1584.6,1398.9,554.66,47.37,522.31,8.3882,23.406,0
7,72,0.0012,0.0002,641.78,1582.54,1406.47,554.88,47.1,522.54,8.4404,23.3463,0
7,73,-0.0004,-0.0004,642.12,1588.4,1401.72,554.39,47.12,521.77,8.4095,23.4238,0
7,74,-0.0004,-0.0001,642.1,1587.52,1407.77,553.65,47.28,522.51,8.41,23.4331,0
7,75,-0.001,0.0004,642.29,1582.94,1402.11,554.73,47.52,522.01,8.3808,23.372,0
7,76,0.0017,-0.0,642.11,1585.7,1407.16,554.14,47.36,522.26,8.3883,23.4115,0
7,77,-0.0072,-0.0001,642.36,1588.83,1400.6,554.47,47.29,522.27,8.4149,23.3784,0
7,78,-0.0,0.0001,642.14,1583.3,1399.64,554.86,47.33,522.03,8.4278,23.501,0
7,79,0.0008,0.0003,642.48,1588.28,1404.99,553.91,47.2,521.78,8.45,23.3182,0
7,80,0.0028,0.0003,642.07,1585.35,1402.29,553.99,47.28,522.23,8.4374,23.4108,0
7,81,0.0021,0.0,641.57,1585.23,1408.11,554.77,47.3,522.41,8.402,23.4851,0
7,82,-0.0018,-0.0005,642.13,1588.93,1398.88,554.92,47.27,522.36,8.4272,23.3642,0
7,83,-0.0053,-0.0004,641.94,1588.35,1406.01,554.04,47.32,522.3,8.4268,23.3892,0
7,84,0.0035,0.0001,642.9,1586.44,1400.85,553.75,47.13,522.25,8.4321,23.3648,0
7,85,0.0003,-0.0004,642.75,1583.4,1402.17,554.85,47.22,522.29,8.3837,23.3774,0
7,86,-0.0012,0.0003,641.85,1590.03,1397.76,555.11,47.34,522.19,8.3789,23.2998,0
7,87,-0.004,0.0001,642.23,1578.42,1404.01,554.16,47.37,522.15,8.404,23.43,0
7,88,0.0006,0.0004,642.9,1593.15,1402.65,553.25,47.31,522.26,8.4294,23.2949,0
7,89,0.0001,-0.0002,642.34,1593.84,1397.17,554.59,47.4,521.95,8.4486,23.416,0
7,90,-0.0011,-0.0002,641.88,1580.81,1402.41,554.92,47.22,522.44,8.4045,23.3656,0
7,91,-0.002,-0.0004,641.75,1592.03,1396.28,553.72,47.22,521.88,8.3933,23.2491,0
7,92,0.0016,-0.0004,642.45,1587.27,1397.32,554.28,47.35,521.89,8.3913,23.4673,0
7,93,0.0019,-0.0001,642.7,1587.11,1402.29,554.17,47.43,522.23,8.4343,23.3579,0
7,94,0.0029,0.0002,642.43,1588.87,1401.99,554.2,47.31,522.37,8.4131,23.2955,0
7,95,0.0027,-0.0001,642.19,1583.66,1400.37,554.65,47.31,522.32,8.4025,23.4575,0
7,96,-0.0028,0.0003,641.78,1582.22,1392.46,554.1,47.39,522.64,8.4236,23.4586,0
7,97,0.0007,-0.0004,641.91,1584.35,1401.32,553.96,47.2,522.02,8.4003,23.3957,0
7,98,-0.0009,0.0003,642.46,1587.27,1400.02,553.65,47.14,522.52,8.4259,23.2952,0
7,99,0.0012,0.0003,642.55,1586.95,1402.16,554.15,47.51,521.81,8.4309,23.4321,0
7,100,0.0011,0.0,642.15,1582.66,1402.89,554.86,47.32,521.84,8.4359,23.3657,0
7,101,-0.0026,0.0005,642.05,1593.77,1400.18,553.94,47.31,522.53,8.4318,23.3621,0
7,102,0.0019,-0.0002,642.78,1592.88,1395.88,554.68,47.34,522.4,8.4509,23.3109,0
7,103,0.0023,-0.0004,642.7,1583.74,1405.56,554.22,47.31,521.74,8.3895,23.4005,0
7,104,-0.0005,0.0005,642.23,1582.98,1394.15,553.65,47.27,522.0,8.43,23.2999,0
7,105,0.0001,0.0004,642.35,1583.76,1401.92,554.37,47.3,522.04,8.3575,23.3385,0
7,106,0.0043,0.0001,642.63,1583.08,1409.0,554.22,47.19,522.88,8.4244,23.4925,0
7,107,0.0048,-0.0001,642.16,1587.77,1402.69,554.15,47.26,522.24,8.4425,23.3755,0
7,108,-0.0006,-0.0005,642.39,1587.75,1401.06,554.13,47.34,522.64,8.3605,23.1841,0
7,109,0.0014,0.0003,642.71,1586.93,1395.74,554.65,47.27,522.46,8.3714,23.3796,0
7,110,-0.0066,-0.0004,642.65,1592.97,1414.46,554.33,47.27,522.15,8.4191,23.3376,0
7,111,-0.0028,-0.0005,642.1,1590.37,1402.57,554.17,47.07,522.13,8.4636,23.4173,0
7,112,0.0017,-0.0001,642.28,1578.72,1399.47,554.46,47.08,521.74,8.3952,23.2612,0
7,113,0.001,-0.0005,642.56,1580.83,1402.84,554.2,47.41,521.62,8.4005,23.402,0
7,114,0.0005,0.0002,642.44,1588.32,1405.78,554.95,47.27,522.17,8.4296,23.3857,0
7,115,-0.0006,-0.0004,642.14,1579.89,1405.25,553.3,47.49,521.37,8.4168,23.3281,0
7,116,-0.001,0.0,642.18,1590.92,1400.08,554.0,47.36,522.25,8.3865,23.348,0
7,117,-0.0015,0.0003,642.51,1595.71,1396.29,554.1,47.41,522.23,8.3981,23.3375,0
7,118,0.0029,-0.0004,642.33,1589.6,1396.89,554.32,47.38,521.46,8.416,23.2085,0
7,119,0.0007,-0.0005,641.84,1579.78,1400.87,553.82,47.27,522.02,8.4061,23.3169,0
7,120,0.0017,0.0003,642.02,1588.45,1397.46,553.51,47.26,522.0,8.4042,23.3628,0
7,121,-0.006,-0.0004,642.21,1587.33,1408.25,554.3,47.27,522.07,8.4364,23.4142,0
7,122,0.0028,-0.0004,642.58,1592.39,1403.24,554.64,47.46,521.76,8.4226,23.4416,0
7,123,-0.0018,0.0,642.56,1582.1,1400.06,553.78,47.33,522.12,8.411,23.3709,0
7,124,-0.0007,-0.0,642.25,1592.99,1408.2,553.23,47.42,521.63,8.4018,23.3578,0
7,125,0.0019,-0.0003,642.62,1584.19,1402.5,553.96,47.43,521.7,8.3899,23.3456,0
7,126,0.0053,0.0002,642.37,1582.3,1397.52,553.59,47.42,522.16,8.3736,23.34,0
7,127,-0.0009,0.0001,642.6,1581.37,1402.39,553.71,47.41,521.89,8.4232,23.4135,0
7,128,-0.0007,0.0001,642.51,1588.19,1396.92,553.9,47.39,521.6,8.4411,23.3882,0
7,129,-0.0018,0.0001,642.42,1584.1,1400.77,553.95,47.26,521.83,8.4104,23.2436,0
7,130,0.0008,-0.0,642.08,1580.49,1406.97,554.12,47.24,521.91,8.3917,23.3635,0
7,131,0.0021,-0.0001,642.88,1591.82,1403.05,554.21,47.31,522.42,8.3861,23.3784,0
7,132,0.0011,0.0004,642.89,1582.94,1408.8,553.78,47.43,521.71,8.401,23.3978,0
7,133,-0.0005,0.0002,642.69,1591.77,1398.76,554.34,47.37,521.91,8.4459,23.2516,0
7,134,-0.0033,0.0003,642.76,1587.73,1406.99,554.34,47.14,521.67,8.443,23.3091,0
7,135,0.0035,-0.0004,642.28,1584.28,1405.56,553.93,47.39,521.74,8.3877,23.3403,0
7,136,0.0002,-0.0005,642.34,1586.39,1405.32,553.76,47.46,521.98,8.4344,23.4535,0
7,137,0.0024,0.0004,642.02,1587.49,1399.57,553.59,47.44,521.78,8.3974,23.3354,0
7,138,0.0012,-0.0002,642.54,1586.83,1410.62,553.56,47.28,521.56,8.4162,23.3105,0
7,139,0.0026,-0.0004,642.07,1582.49,1407.34,554.32,47.38,521.52,8.3992,23.3539,0
7,140,-0.0002,-0.0002,641.71,1588.01,1397.47,554.19,47.53,521.99,8.4104,23.3992,0
7,141,0.0026,0.0004,642.56,1584.06,1405.95,554.37,47.49,522.03,8.4209,23.3839,0
7,142,0.0026,0.0004,642.22,1589.54,1408.17,554.43,47.5,522.12,8.4346,23.2755,0
7,143,-0.0008,-0.0002,642.17,1591.24,1411.66,553.98,47.41,521.4,8.4113,23.3028,0
7,144,-0.0006,-0.0003,642.63,1586.99,1401.53,553.87,47.51,521.75,8.4157,23.3975,0
7,145,0.0034,-0.0001,642.17,1584.67,1398.66,554.4,47.44,521.96,8.3993,23.2129,0
7,146,-0.0003,0.0,642.78,1586.7,1404.55,554.03,47.38,521.78,8.419,23.2878,0
7,147,-0.0013,-0.0002,642.68,1589.94,1408.84,553.91,47.38,521.46,8.4228,23.3109,0
7,148,0.0017,-0.0005,642.4,1587.34,1405.2,552.93,47.45,522.17,8.4309,23.3841,0
7,149,0.0001,0.0001,642.77,1589.04,1406.22,553.88,47.46,521.6,8.4117,23.3419,0
7,150,0.0018,0.0004,642.53,1586.93,1408.45,553.38,47.46,521.91,8.4593,23.3603,0
7,151,0.0001,-0.0001,642.46,1587.8,1399.54,553.87,47.61,521.64,8.4323,23.3556,0
7,152,-0.0002,-0.0005,642.56,1586.09,1397.99,553.85,47.36,521.89,8.4056,23.3601,0
7,153,-0.0003,-0.0002,642.4,1587.05,1402.57,554.08,47.54,521.54,8.4617,23.3405,0
7,154,0.0001,-0.0004,642.29,1592.89,1415.0,553.96,47.41,522.12,8.4617,23.4095,0
7,155,-0.0034,0.0002,642.76,1587.23,1405.93,554.02,47.42,521.87,8.438,23.3537,0
7,156,-0.0006,0.0001,642.48,1583.91,1401.34,553.66,47.59,521.92,8.4213,23.2509,0
7,157,-0.0032,-0.0005,642.3,1589.61,1404.74,553.46,47.54,521.3,8.4561,23.3419,0
7,158,-0.0,0.0001,642.44,1588.62,1403.17,553.79,47.59,521.71,8.4214,23.2451,0
7,159,0.0025,0.0,642.88,1587.63,1405.59,553.68,47.62,521.97,8.4538,23.2677,0
7,160,0.0002,0.0001,642.12,1587.0,1408.8,553.73,47.27,521.81,8.4317,23.2458,0
7,161,0.0001,0.0004,642.2,1592.83,1407.45,554.02,47.45,521.95,8.4413,23.3433,0
7,162,-0.0016,0.0001,642.17,1585.91,1416.62,554.24,47.64,522.26,8.4535,23.3432,0
7,163,0.0001,0.0002,642.44,1594.92,1410.41,553.87,47.56,521.35,8.4294,23.3671,0
7,164,0.0008,-0.0003,642.3,1581.71,1413.34,553.68,47.59,521.42,8.4141,23.3462,0
7,165,-0.0034,0.0002,642.48,1586.57,1408.63,553.88,47.34,521.74,8.4178,23.3804,0
7,166,-0.0024,0.0004,643.11,1585.7,1408.71,553.31,47.3,521.61,8.4383,23.3879,0
7,167,0.0017,-0.0005,642.65,1583.62,1401.69,554.11,47.67,521.65,8.4419,23.2703,0
7,168,-0.0013,0.0,642.23,1591.62,1406.7,553.21,47.43,521.35,8.4295,23.2428,0
7,169,0.0036,-0.0003,642.73,1591.4,1405.6,554.35,47.63,522.64,8.4133,23.3726,0
7,170,0.0011,-0.0003,642.52,1585.68,1410.37,553.16,47.26,521.78,8.4452,23.3247,0
7,171,0.0032,-0.0004,642.58,1589.16,1405.96,553.5,47.35,521.78,8.4461,23.3403,0
7,172,-0.0019,-0.0003,642.92,1595.4,1406.01,553.69,47.62,521.78,8.445,23.3599,0
7,173,0.0008,-0.0005,643.01,1587.73,1414.03,552.99,47.5,521.48,8.4491,23.2075,0
7,174,-0.004,-0.0001,642.49,1586.42,1397.74,553.78,47.57,521.19,8.4332,23.2779,0
7,175,-0.0017,-0.0004,642.68,1595.55,1412.11,553.42,47.66,521.59,8.4237,23.1631,0
7,176,-0.0036,0.0001,642.28,1597.97,1415.24,553.17,47.48,521.06,8.428,23.2682,0
7,177,0.0015,0.0003,642.84,1591.36,1410.93,553.6,47.38,521.66,8.4442,23.3785,0
7,178,-0.0012,0.0002,642.67,1588.09,1411.27,553.2,47.49,521.47,8.3954,23.3998,0
7,179,0.0035,-0.0003,643.0,1591.3,1400.94,553.07,47.7,521.34,8.4465,23.3864,0
7,180,0.0038,0.0,642.74,1591.0,1405.0,553.18,47.45,522.0,8.4947,23.2174,0
7,181,0.0001,-0.0001,642.36,1588.42,1412.01,553.78,47.54,521.47,8.47,23.2754,0
7,182,0.002,0.0001,642.8,1587.9,1408.38,553.55,47.54,521.48,8.4141,23.2421,0
7,183,0.0005,0.0003,642.8,1593.35,1410.52,552.82,47.54,521.5,8.4391,23.2958,0
7,184,-0.0,-0.0001,642.51,1598.98,1411.6,553.19,47.31,521.22,8.4299,23.2048,0
7,185,0.0009,-0.0002,642.78,1592.49,1404.86,553.48,47.61,521.51,8.4591,23.3153,0
7,186,-0.0005,0.0002,642.48,1590.97,1403.32,553.17,47.7,521.22,8.4367,23.2934,0
7,187,0.0012,0.0004,642.86,1592.09,1411.99,553.52,47.7,521.34,8.4262,23.2253,0
7,188,0.0014,0.0,642.9,1595.07,1412.29,553.51,47.67,521.14,8.4576,23.2395,0
7,189,-0.0054,-0.0003,642.8,1591.28,1412.55,553.24,47.42,521.13,8.4633,23.1979,0
7,190,0.0006,-0.0003,642.69,1587.13,1415.28,553.74,47.58,521.61,8.4669,23.257,0
7,191,0.0036,0.0004,642.46,1591.4,1411.57,553.03,47.58,520.54,8.4436,23.2104,0
7,192,0.0011,0.0003,642.86,1591.21,1410.83,552.67,47.47,521.58,8.436,23.3127,0
7,193,-0.0024,-0.0004,642.13,1588.41,1409.17,553.42,47.81,521.3,8.4052,23.2723,0
7,194,-0.0,-0.0002,642.53,1596.68,1405.47,552.63,47.47,521.59,8.4198,23.2208,0
7,195,-0.0003,-0.0004,642.42,1590.85,1412.3,552.33,47.66,521.07,8.4353,23.2506,0
7,196,0.0005,0.0003,642.89,1592.59,1414.59,553.03,47.64,520.89,8.5004,23.2805,0
7,197,0.002,-0.0002,642.72,1596.21,1411.61,553.37,47.54,521.09,8.4694,23.2351,0
7,198,0.0023,-0.0002,642.67,1593.2,1407.03,552.71,47.59,521.46,8.4257,23.2046,0
7,199,0.0023,0.0002,642.5,1595.0,1406.95,553.53,47.62,521.57,8.4145,23.3473,0
7,200,-0.0036,0.0002,642.33,1595.56,1415.32,553.4,47.71,520.7,8.4652,23.317,0
7,201,-0.0036,-0.0004,642.44,1596.61,1410.91,553.07,47.44,521.37,8.4671,23.1116,0
7,202,-0.0043,0.0003,642.91,1598.4,1417.06,553.13,47.55,521.1,8.4857,23.3375,0
7,203,0.0033,-0.0004,642.88,1596.16,1411.74,552.47,47.66,521.47,8.4414,23.288,0
7,204,0.0007,-0.0004,642.8,1597.85,1417.15,552.96,47.59,521.02,8.5011,23.3043,0
7,205,-0.0022,-0.0001,642.78,1590.98,1415.44,552.95,47.58,521.62,8.4619,23.2074,0
7,206,0.0009,-0.0002,643.48,1586.96,1403.14,553.47,47.42,520.93,8.4322,23.2442,0
7,207,-0.0003,0.0001,642.98,1593.97,1413.89,552.98,47.81,521.11,8.4815,23.3537,0
7,208,-0.0007,0.0002,642.81,1590.43,1407.37,553.58,47.65,520.94,8.4694,23.2286,0
7,209,0.002,-0.0005,642.67,1595.73,1418.83,552.4,47.72,520.96,8.4664,23.3284,0
7,210,0.0021,-0.0003,643.04,1595.21,1418.31,553.14,47.76,521.08,8.461,23.2624,0
7,211,-0.0006,0.0002,642.97,1593.87,1419.64,553.14,47.58,521.24,8.4667,23.2027,0
7,212,0.0019,-0.0001,642.93,1594.26,1411.21,552.58,47.84,521.24,8.4574,23.2246,0
7,213,0.0008,-0.0001,642.51,1599.51,1414.91,553.05,47.96,521.05,8.4807,23.1737,0
7,214,0.0022,0.0002,642.87,1586.43,1415.25,553.41,47.74,521.44,8.4723,23.2265,0
7,215,-0.0012,0.0002,642.23,1594.07,1417.42,552.95,47.94,521.17,8.4582,23.2131,0
7,216,-0.0029,0.0004,642.94,1592.54,1418.23,553.47,47.78,520.7,8.4858,23.2425,0
7,217,-0.0024,-0.0004,643.26,1600.79,1418.59,552.24,47.71,521.18,8.4958,23.1888,0
7,218,0.0021,-0.0002,642.93,1583.14,1418.41,552.67,47.76,521.2,8.4701,23.0657,0
7,219,0.0022,0.0003,642.92,1593.78,1417.93,552.44,47.83,520.96,8.4666,23.182,0
7,220,-0.0037,-0.0,642.89,1596.6,1416.42,553.2,47.75,520.9,8.4495,23.1952,0
7,221,-0.0018,-0.0004,643.21,1590.76,1416.66,552.35,47.76,521.51,8.4509,23.2386,0
7,222,0.0023,-0.0005,643.44,1593.45,1416.17,552.45,47.89,521.0,8.485,23.2318,0
7,223,0.0031,0.0004,642.46,1592.69,1411.45,553.06,47.95,520.98,8.4877,23.1761,0
7,224,-0.0021,0.0004,643.34,1599.27,1423.7,552.49,47.79,521.02,8.4729,23.2119,0
7,225,0.0013,-0.0002,643.1,1601.64,1404.63,552.11,47.58,520.3,8.4919,23.1872,0
7,226,-0.0015,-0.0001,642.85,1594.71,1417.37,552.49,47.77,520.7,8.4716,23.1233,0
7,227,0.0004,-0.0001,643.3,1600.96,1416.6,551.9,47.98,520.73,8.4869,23.2282,0
7,228,-0.0016,0.0003,643.59,1592.29,1423.21,552.01,47.69,520.44,8.4711,23.275,0
7,229,-0.0024,-0.0001,643.53,1593.53,1418.82,552.58,47.76,520.43,8.5182,23.0911,1
7,230,-0.001,-0.0004,643.66,1594.24,1418.61,551.88,47.86,520.55,8.4526,23.1294,1
7,231,0.0068,0.0003,643.03,1597.7,1415.67,553.04,47.8,520.54,8.477,23.1564,1
7,232,-0.002,-0.0001,643.48,1596.72,1412.12,552.42,47.92,520.45,8.4756,23.0741,1
7,233,0.0045,0.0002,642.87,1597.06,1420.78,551.64,47.88,519.43,8.5079,23.2648,1
7,234,-0.0021,-0.0002,643.51,1601.02,1424.95,552.84,47.83,520.55,8.46,23.1713,1
7,235,0.0016,-0.0001,643.06,1594.95,1419.33,552.44,47.84,520.6,8.4973,23.1397,1
7,236,0.0011,-0.0003,643.14,1595.7,1417.66,552.6,47.91,520.92,8.4736,23.1665,1
7,237,0.0006,0.0004,643.45,1596.98,1414.51,551.59,48.03,520.6,8.5253,23.1135,1
7,238,0.0022,-0.0005,643.21,1593.11,1419.91,552.25,47.89,520.49,8.4559,23.1676,1
7,239,-0.0016,-0.0001,643.13,1597.49,1427.17,552.56,47.94,519.61,8.4994,23.2434,1
7,240,-0.0017,-0.0,643.32,1597.45,1432.67,551.48,47.95,520.18,8.4763,23.071,1
7,241,0.0013,-0.0002,643.14,1603.37,1431.51,552.52,47.95,520.26,8.5086,23.1039,1
7,242,-0.0007,-0.0005,643.45,1598.75,1420.94,551.63,47.82,520.3,8.4831,23.1649,1
7,243,0.0016,0.0004,643.5,1607.7,1417.37,551.88,48.05,520.17,8.517,22.9398,1
7,244,-0.0012,-0.0001,643.11,1601.18,1428.04,551.49,47.94,520.26,8.5106,23.1399,1
7,245,0.0027,-0.0001,644.0,1596.94,1426.25,551.82,47.92,519.86,8.5085,23.1415,1
7,246,0.0005,0.0002,643.41,1596.23,1433.13,552.23,48.16,519.97,8.4742,23.0662,1
7,247,0.0012,0.0002,643.47,1600.74,1424.71,551.26,48.13,520.15,8.5149,23.1767,1
7,248,-0.0043,-0.0001,643.87,1591.09,1427.14,552.06,47.9,519.58,8.5117,23.0795,1
7,249,0.0017,0.0004,643.13,1598.89,1422.5,552.73,48.02,520.01,8.4859,23.073,1
7,250,0.0036,0.0001,643.94,1598.33,1421.79,551.2,48.07,519.54,8.4925,23.1371,1
7,251,0.0021,-0.0,643.83,1601.42,1427.83,551.43,48.03,520.21,8.5101,23.0912,1
7,252,-0.0005,-0.0003,643.91,1601.87,1436.55,551.21,48.3,519.47,8.5229,23.1259,1
7,253,0.0012,-0.0004,643.53,1596.44,1421.13,551.61,48.26,519.5,8.5007,23.0652,1
7,254,-0.001,-0.0004,643.56,1590.69,1423.7,551.12,47.98,519.48,8.5627,23.0196,1
7,255,0.005,-0.0004,643.45,1606.52,1422.76,551.17,48.15,519.88,8.5001,23.0458,1
7,256,0.0019,0.0001,643.35,1597.88,1428.37,551.31,47.96,520.21,8.5104,23.126,1
7,257,-0.0032,-0.0002,644.27,1602.83,1421.92,551.28,48.35,519.65,8.5367,23.0286,1
7,258,-0.0005,0.0001,643.56,1598.95,1425.91,551.59,48.05,519.06,8.5369,22.9854,1
7,259,0.0043,-0.0001,644.15,1599.33,1435.04,551.97,47.97,519.1,8.5162,23.0596,1
8,1,-0.0026,-0.0003,643.18,1585.17,1409.75,552.31,47.3,521.23,8.4808,23.3468,0
8,2,-0.0012,-0.0003,642.92,1585.97,1410.81,552.74,47.62,521.82,8.4209,23.2926,0
8,3,0.0001,0.0002,642.74,1591.11,1403.29,552.79,47.51,521.52,8.4497,23.1812,0
8,4,-0.0021,0.0005,642.76,1592.22,1406.11,552.13,47.68,521.25,8.4405,23.2371,0
8,5,-0.0044,0.0003,643.13,1596.11,1409.34,553.61,47.53,521.5,8.4029,23.2975,0
8,6,0.0028,-0.0005,642.55,1596.3,1418.06,552.32,47.55,521.07,8.4505,23.2799,0
8,7,-0.0024,0.0004,642.86,1586.88,1404.52,553.54,47.28,521.14,8.4438,23.3545,0
8,8,-0.0017,-0.0001,642.75,1589.06,1407.11,552.97,47.38,521.9,8.4281,23.2232,0
8,9,-0.0004,0.0002,643.01,1594.26,1413.87,552.61,47.53,521.17,8.4758,23.2721,0
8,10,-0.005,-0.0001,642.57,1583.85,1406.7,553.56,47.59,521.1,8.4599,23.2683,0
8,11,0.0018,0.0004,642.3,1589.55,1419.87,554.04,47.69,521.0,8.4549,23.2842,0
8,12,0.0013,-0.0004,643.02,1587.92,1406.39,553.47,47.65,521.18,8.4522,23.2671,0
8,13,-0.0024,0.0004,642.46,1588.36,1407.31,553.57,47.35,521.36,8.4268,23.357,0
8,14,0.0001,-0.0004,642.44,1588.9,1413.77,553.13,47.53,521.1,8.4481,23.3671,0
8,15,-0.0028,-0.0003,642.61,1596.78,1411.97,553.06,47.62,521.48,8.4934,23.3259,0
8,16,-0.004,0.0004,641.82,1592.93,1410.4,553.15,47.57,522.08,8.4631,23.2899,0
8,17,-0.0019,-0.0003,642.61,1592.06,1403.1,553.48,47.62,521.25,8.4208,23.2522,0
8,18,-0.0001,-0.0001,642.2,1593.38,1409.63,552.95,47.71,521.19,8.4579,23.2242,0
8,19,-0.0048,-0.0004,642.32,1590.23,1406.79,553.75,47.61,521.0,8.4433,23.2057,0
8,20,-0.0003,0.0,643.33,1590.41,1405.38,553.09,47.41,521.75,8.4265,23.2556,0
8,21,-0.0035,-0.0003,642.74,1586.57,1400.16,553.73,47.51,520.86,8.4506,23.3172,0
8,22,0.0045,-0.0001,642.68,1589.24,1412.59,553.2,47.6,521.51,8.4327,23.2675,0
8,23,0.0002,0.0002,643.08,1585.98,1415.98,553.14,47.54,521.28,8.4517,23.1853,0
8,24,0.0022,-0.0004,642.92,1584.01,1406.58,552.85,47.53,521.63,8.4348,23.3129,0
8,25,0.0006,-0.0003,642.85,1585.05,1410.56,553.29,47.73,521.75,8.4432,23.2746,0
8,26,0.0015,0.0002,642.23,1589.95,1405.69,553.07,47.38,521.88,8.4056,23.2902,0
8,27,-0.002,0.0004,642.83,1590.91,1413.37,553.4,47.57,520.65,8.4211,23.2324,0
8,28,-0.0004,0.0001,642.14,1584.76,1411.85,553.68,47.43,520.94,8.4334,23.2601,0
8,29,-0.0006,-0.0004,642.89,1592.03,1407.7,553.01,47.57,521.34,8.4479,23.3099,0
8,30,0.0004,0.0003,643.08,1588.55,1400.07,552.45,47.59,521.26,8.4222,23.3215,0
8,31,0.0003,0.0,642.63,1584.36,1410.45,553.64,47.59,521.59,8.4893,23.3203,0
8,32,0.0001,0.0002,642.87,1594.16,1413.85,552.92,47.42,521.58,8.4686,23.2709,0
8,33,-0.0025,-0.0001,642.11,1588.7,1416.52,552.9,47.59,521.03,8.4675,23.3081,0
8,34,-0.003,0.0001,642.38,1594.25,1406.27,552.76,47.67,520.91,8.4364,23.2625,0
8,35,-0.0035,-0.0001,642.79,1591.81,1411.73,553.56,47.64,521.09,8.471,23.2182,0
8,36,-0.0018,0.0001,643.05,1588.74,1414.51,553.27,47.5,521.37,8.4597,23.2801,0
8,37,0.0016,-0.0005,642.86,1593.86,1409.9,553.36,47.65,521.28,8.4143,23.2904,0
8,38,-0.0004,0.0002,642.91,1592.65,1403.91,552.94,47.29,521.18,8.4479,23.2445,0
8,39,-0.0008,0.0004,642.67,1594.9,1409.08,553.02,47.55,522.13,8.4429,23.2915,0
8,40,0.0012,0.0004,642.33,1587.05,1409.73,553.2,47.59,521.64,8.414,23.2884,0
8,41,-0.0021,0.0005,643.64,1586.4,1415.03,552.39,47.58,521.33,8.4514,23.2971,0
8,42,0.0007,-0.0001,642.45,1596.61,1413.96,553.39,47.57,521.01,8.4001,23.2418,0
8,43,0.0043,-0.0,642.12,1589.67,1404.92,553.1,47.53,520.99,8.4519,23.2719,0
8,44,0.001,-0.0,642.83,1594.48,1412.23,553.81,47.47,521.38,8.4808,23.2559,0
8,45,0.0022,0.0005,642.7,1594.39,1406.87,553.18,47.38,520.97,8.3967,23.2896,0
8,46,-0.001,-0.0004,642.66,1582.06,1407.98,553.09,47.58,521.52,8.4308,23.274,0
8,47,-0.0017,0.0,643.19,1597.18,1409.66,552.66,47.49,521.09,8.4617,23.2846,0
8,48,-0.0011,-0.0003,643.16,1592.35,1410.66,553.5,47.62,521.2,8.4126,23.3099,0
8,49,0.0022,0.0002,642.47,1597.28,1408.45,553.69,47.81,521.69,8.4282,23.2095,0
8,50,0.0009,-0.0,642.46,1596.48,1418.47,553.05,47.58,520.84,8.4453,23.2612,0
8,51,0.0016,-0.0002,642.3,1596.71,1408.48,552.96,47.66,521.17,8.4715,23.2719,0
8,52,0.002,-0.0005,642.91,1591.23,1411.15,553.42,47.58,521.03,8.4327,23.2967,0
8,53,0.0029,0.0,642.44,1591.28,1408.73,553.37,47.54,521.1,8.4654,23.2592,0
8,54,-0.0015,0.0002,642.8,1586.86,1408.64,553.38,47.79,521.49,8.4623,23.2773,0
8,55,0.0011,-0.0,642.55,1587.69,1409.0,552.31,47.61,521.12,8.4465,23.3119,0
8,56,0.0017,-0.0003,642.79,1588.22,1412.93,553.19,47.59,522.12,8.4121,23.367,0
8,57,-0.0018,-0.0004,642.51,1587.86,1405.68,552.52,47.45,520.87,8.4585,23.2328,0
8,58,0.0022,-0.0001,642.54,1587.61,1415.49,553.74,47.66,520.79,8.5176,23.2355,0
8,59,-0.0031,0.0003,642.73,1596.47,1403.96,552.83,47.69,521.76,8.4526,23.3387,0
8,60,0.0026,0.0003,642.89,1592.58,1413.38,552.45,47.7,521.52,8.4372,23.2112,0
8,61,-0.0025,-0.0002,642.36,1581.06,1410.45,553.78,47.51,521.35,8.4707,23.2598,0
8,62,0.0025,0.0005,642.93,1588.92,1406.65,552.12,47.55,520.66,8.4369,23.1837,0
8,63,0.0,0.0004,642.38,1593.42,1411.87,552.76,47.69,520.88,8.4405,23.3115,0
8,64,-0.0004,-0.0003,643.04,1587.91,1403.83,552.8,47.82,521.23,8.4649,23.1794,0
8,65,0.0017,0.0002,642.33,1592.63,1411.72,553.15,47.63,521.07,8.4577,23.3226,0
8,66,-0.0012,0.0004,642.65,1589.96,1410.23,553.33,47.79,520.67,8.4809,23.2782,0
8,67,-0.0025,0.0001,643.01,1598.92,1416.24,553.62,47.79,521.34,8.4402,23.3558,0
8,68,0.0022,-0.0001,642.59,1594.01,1409.46,554.02,47.55,520.95,8.4435,23.2831,0
8,69,-0.0028,0.0002,643.06,1590.31,1411.5,553.19,47.57,520.99,8.4424,23.2364,0
8,70,0.0027,-0.0003,643.09,1598.38,1409.85,553.02,47.59,520.88,8.4531,23.2438,0
8,71,0.0053,-0.0004,642.27,1588.04,1411.2,553.02,47.76,521.64,8.4414,23.2851,0
8,72,0.0024,0.0003,642.79,1590.22,1412.92,553.02,47.55,521.07,8.4352,23.255,0
8,73,0.0035,0.0001,642.76,1589.54,1412.9,552.98,47.7,521.71,8.4614,23.3273,0
8,74,0.0003,0.0003,643.27,1589.11,1406.93,553.28,47.55,520.98,8.4337,23.2157,0
8,75,-0.0026,0.0002,642.42,1588.17,1413.75,553.24,47.46,520.76,8.4466,23.1397,0
8,76,0.0024,0.0001,642.69,1587.95,1411.06,553.56,47.57,521.17,8.4635,23.2871,0
8,77,-0.0007,-0.0001,642.83,1594.18,1415.54,552.76,47.68,520.77,8.4474,23.2749,0
8,78,-0.0001,0.0,643.06,1593.86,1412.77,553.07,47.63,520.97,8.4951,23.2729,0
8,79,-0.002,-0.0001,643.18,1590.44,1408.65,552.55,47.64,520.42,8.4716,23.2468,0
8,80,0.0006,0.0004,643.09,1586.49,1421.86,552.97,47.6,520.82,8.4046,23.1655,0
8,81,0.0015,0.0,642.44,1598.81,1418.07,553.13,47.59,520.64,8.4418,23.1679,0
8,82,0.0017,0.0002,643.11,1587.82,1406.94,552.63,47.77,521.23,8.4673,23.3798,0
8,83,-0.0017,-0.0002,642.79,1588.27,1406.93,553.02,47.66,521.38,8.4569,23.1633,0
8,84,0.0007,0.0002,642.91,1600.62,1416.91,553.39,47.68,520.84,8.4446,23.3456,0
8,85,-0.002,-0.0001,643.53,1586.9,1419.03,553.03,47.71,521.2,8.4391,23.2252,0
8,86,0.0014,-0.0003,643.57,1595.92,1411.11,552.65,47.73,521.32,8.5072,23.2706,0
8,87,-0.0011,0.0004,643.13,1594.3,1419.41,553.26,47.69,521.01,8.4485,23.1939,0
8,88,-0.0005,0.0003,643.0,1592.27,1413.99,552.58,47.78,520.49,8.4636,23.2395,0
8,89,-0.0027,-0.0004,642.89,1588.92,1414.77,552.99,47.53,521.37,8.4684,23.2629,0
8,90,-0.0018,-0.0003,643.04,1597.06,1419.66,553.63,47.76,520.86,8.4657,23.175,0
8,91,0.0024,0.0004,642.85,1597.12,1418.09,553.31,47.61,521.1,8.4363,23.1856,0
8,92,0.004,-0.0003,643.22,1587.73,1406.32,553.52,47.68,520.76,8.4885,23.2741,0
8,93,0.0012,-0.0002,642.64,1600.04,1412.99,553.25,47.59,521.29,8.4484,23.2533,0
8,94,0.0011,-0.0001,642.83,1598.04,1413.58,553.19,47.68,520.82,8.4551,23.2282,0
8,95,0.0023,-0.0002,643.23,1593.41,1414.15,552.31,47.74,520.93,8.4869,23.3197,0
8,96,0.0032,0.0004,642.87,1597.95,1410.75,553.64,47.69,521.23,8.4842,23.1988,0
8,97,0.0011,-0.0003,643.24,1589.77,1414.96,552.79,47.89,521.04,8.4235,23.2346,0
8,98,-0.0048,0.0003,642.84,1591.64,1414.43,552.63,47.59,520.74,8.4813,23.2744,0
8,99,0.0043,-0.0001,642.14,1596.36,1416.42,552.48,47.82,520.74,8.4653,23.1774,0
8,100,0.0008,0.0004,642.33,1595.63,1418.78,552.73,47.72,520.59,8.4532,23.1026,0
8,101,-0.0012,0.0002,643.11,1591.38,1421.21,552.64,47.75,520.9,8.4646,23.2687,0
8,102,0.0005,0.0004,643.14,1582.62,1413.48,552.27,47.73,520.79,8.4561,23.2557,0
8,103,-0.0021,0.0,642.76,1593.92,1411.03,553.11,47.78,521.19,8.4837,23.2683,0
8,104,0.0005,0.0004,642.77,1590.73,1418.79,552.61,47.78,520.55,8.4563,23.1385,0
8,105,-0.0024,-0.0001,642.64,1592.44,1411.94,552.67,47.88,521.02,8.4851,23.1946,0
8,106,-0.0022,0.0004,642.74,1587.49,1412.29,551.51,47.95,520.45,8.4651,23.2594,0
8,107,0.0028,-0.0,642.93,1598.31,1420.11,552.75,47.62,520.88,8.4555,23.2435,0
8,108,-0.0022,0.0003,642.82,1590.36,1422.19,552.51,47.79,520.9,8.4884,23.326,0
8,109,-0.0057,0.0001,642.9,1596.7,1412.1,553.13,47.71,520.22,8.4915,23.2791,0
8,110,-0.0005,0.0002,643.46,1591.04,1413.93,552.65,47.76,520.72,8.4961,23.1857,0
8,111,-0.0009,-0.0002,643.11,1592.76,1416.05,552.42,47.75,520.7,8.4449,23.1757,0
8,112,-0.001,0.0002,642.9,1603.1,1415.73,552.87,47.57,520.56,8.4972,23.1456,0
8,113,0.0021,-0.0005,643.23,1598.37,1410.46,552.1,47.87,520.39,8.4561,23.0927,0
8,114,0.001,0.0005,642.96,1594.91,1415.05,552.75,47.76,520.3,8.4579,23.298,0
8,115,-0.002,0.0002,642.73,1598.5,1415.49,552.46,47.8,521.21,8.4614,23.2599,0
8,116,0.0015,-0.0001,643.29,1593.72,1419.78,552.68,47.82,520.71,8.4766,23.135,0
8,117,-0.0049,0.0001,643.14,1587.02,1419.89,553.04,47.9,520.5,8.4805,23.1152,0
8,118,0.0011,-0.0,642.94,1585.36,1411.35,552.14,47.86,520.68,8.4706,23.2868,0
8,119,0.0002,-0.0003,643.38,1594.55,1416.89,552.61,47.85,520.71,8.4645,23.2805,0
8,120,0.0003,-0.0002,643.44,1600.04,1417.09,552.39,47.88,520.37,8.4552,23.1677,1
8,121,-0.0015,0.0002,642.98,1594.55,1417.41,551.98,47.95,520.03,8.4754,23.2132,1
8,122,-0.0027,-0.0003,643.37,1593.25,1422.75,551.66,48.04,520.64,8.499,23.0424,1
8,123,-0.0007,-0.0001,643.81,1597.23,1419.95,552.67,47.9,520.15,8.5019,23.1333,1
8,124,-0.001,-0.0003,643.09,1595.92,1419.7,552.14,48.0,520.3,8.4902,23.1939,1
8,125,0.001,0.0001,643.84,1593.45,1424.0,552.24,47.99,520.68,8.4807,23.1815,1
8,126,0.0001,0.0005,643.15,1599.98,1420.01,552.09,47.9,520.26,8.5094,23.1537,1
8,127,-0.0014,0.0002,643.53,1595.04,1416.81,551.79,48.0,520.69,8.4798,23.2215,1
8,128,0.0004,0.0004,643.34,1598.47,1427.67,552.07,47.82,520.42,8.5034,23.1302,1
8,129,0.0024,0.0003,642.87,1593.87,1418.54,551.82,47.92,520.58,8.5285,23.1441,1
8,130,0.003,0.0005,642.95,1600.15,1414.35,551.52,47.9,520.36,8.5072,23.0666,1
8,131,0.0048,0.0002,643.48,1593.32,1425.47,552.09,48.09,520.13,8.5098,23.0893,1
8,132,-0.0008,-0.0004,643.55,1596.48,1419.07,551.32,47.84,520.05,8.4999,23.1495,1
8,133,0.002,0.0003,643.8,1597.34,1416.24,551.83,48.08,520.16,8.5008,23.176,1
8,134,0.002,0.0003,644.02,1597.2,1425.3,552.06,48.0,520.47,8.4511,23.0978,1
8,135,-0.0018,0.0003,643.22,1596.04,1422.09,551.91,47.89,519.78,8.4724,23.1053,1
8,136,0.0011,0.0003,643.55,1601.77,1418.93,551.63,47.98,519.88,8.5125,23.0878,1
8,137,0.0003,0.0,643.38,1598.04,1424.6,551.17,48.14,520.01,8.5639,23.1214,1
8,138,0.0031,0.0,643.68,1597.92,1429.13,551.7,47.98,519.97,8.5054,23.1086,1
8,139,-0.0014,-0.0004,642.78,1597.03,1424.37,551.96,48.13,520.39,8.5068,23.1321,1
8,140,0.0003,-0.0002,643.53,1593.54,1419.01,551.5,48.07,520.25,8.4966,23.0681,1
8,141,-0.0008,0.0003,643.46,1595.97,1422.62,551.19,48.01,519.45,8.5023,23.0706,1
8,142,-0.0001,-0.0004,643.23,1601.14,1427.03,551.86,48.17,519.92,8.5348,23.0716,1
8,143,0.0014,-0.0005,643.44,1610.35,1426.08,551.38,48.13,519.85,8.522,23.0465,1
8,144,0.0037,0.0002,643.95,1603.96,1422.82,551.29,48.02,519.92,8.5229,23.1225,1
8,145,0.0005,0.0003,643.6,1599.71,1427.14,551.32,47.98,519.47,8.4846,23.1502,1
8,146,0.0001,-0.0004,643.49,1605.73,1421.14,551.4,48.23,520.01,8.5184,22.983,1
8,147,0.0018,-0.0004,643.32,1601.4,1429.5,551.1,48.37,519.62,8.4701,23.1565,1
8,148,-0.0003,-0.0,643.43,1605.59,1421.3,551.73,48.13,519.87,8.4914,23.0631,1
8,149,0.0011,0.0001,643.87,1605.12,1428.29,550.49,48.09,519.31,8.518,23.0808,1
8,150,0.0026,-0.0003,643.87,1602.84,1432.31,551.08,48.24,519.57,8.5509,23.051,1
9,1,0.0005,0.0004,642.18,1582.99,1396.22,554.35,47.09,522.34,8.402,23.5349,0
9,2,0.0001,0.0001,641.91,1580.17,1394.7,554.85,47.12,523.03,8.4331,23.4335,0
9,3,-0.0009,-0.0003,642.5,1587.57,1396.79,554.75,47.12,522.63,8.4028,23.4296,0
9,4,-0.0022,0.0001,642.04,1584.66,1406.4,555.19,47.04,522.85,8.3741,23.5159,0
9,5,-0.0018,-0.0003,642.06,1580.0,1400.12,554.84,47.15,522.51,8.3664,23.45,0
9,6,0.0009,-0.0005,641.84,1589.51,1401.32,554.42,47.07,522.54,8.3554,23.4186,0
9,7,-0.0021,-0.0004,641.66,1584.33,1400.27,553.55,47.28,522.57,8.3917,23.4575,0
9,8,0.0018,0.0,641.46,1581.9,1392.49,555.66,47.37,522.21,8.4011,23.4105,0
9,9,0.0003,-0.0004,641.99,1580.58,1394.58,554.88,47.2,522.35,8.3858,23.5122,0
9,10,0.0009,-0.0002,641.77,1580.84,1391.62,554.37,47.21,522.48,8.4069,23.4672,0
9,11,-0.0012,-0.0004,642.33,1581.8,1400.58,553.61,47.16,522.75,8.3929,23.4228,0
9,12,-0.0001,-0.0001,641.63,1584.2,1402.16,554.36,47.0,522.56,8.4091,23.4246,0
9,13,0.003,-0.0003,641.97,1589.32,1399.58,553.84,47.11,522.67,8.3998,23.516,0
9,14,-0.0022,0.0003,642.44,1584.43,1398.28,554.68,47.26,522.4,8.4069,23.445,0
9,15,-0.0048,-0.0001,641.89,1587.29,1394.71,555.01,47.11,522.55,8.376,23.4519,0
9,16,0.0001,0.0005,642.18,1587.42,1400.74,554.3,47.16,523.12,8.3869,23.393,0
9,17,-0.0043,0.0,641.63,1587.14,1395.4,554.68,47.15,522.69,8.3998,23.3596,0
9,18,-0.0013,-0.0001,641.7,1592.2,1396.41,553.78,47.06,522.48,8.4065,23.3688,0
9,19,0.0012,-0.0001,641.73,1579.41,1398.7,554.76,47.2,522.09,8.4425,23.3515,0
9,20,-0.0023,0.0003,642.11,1577.05,1389.2,555.07,47.31,522.41,8.4309,23.3684,0
9,21,-0.0016,-0.0004,642.03,1579.94,1394.42,554.75,47.29,522.86,8.3922,23.4057,0
9,22,-0.0001,-0.0005,642.25,1579.87,1399.51,554.39,47.12,522.11,8.404,23.4904,0
9,23,0.0015,0.0004,641.41,1585.55,1402.96,554.57,47.24,522.27,8.3777,23.3659,0
9,24,0.0035,0.0003,642.04,1585.23,1394.39,553.95,47.17,522.36,8.3681,23.3478,0
9,25,0.0003,0.0001,642.2,1585.38,1397.22,554.44,47.14,522.29,8.3869,23.4795,0
9,26,0.0021,0.0002,642.72,1584.85,1396.74,555.45,47.15,522.82,8.3875,23.4496,0
9,27,0.0022,0.0004,642.55,1593.03,1395.38,554.34,47.08,522.77,8.3595,23.4669,0
9,28,0.001,-0.0001,641.88,1582.39,1396.46,555.12,47.35,522.24,8.3847,23.494,0
9,29,-0.0009,-0.0005,642.17,1578.06,1398.25,554.2,47.06,522.32,8.3925,23.4314,0
9,30,0.0022,0.0004,641.96,1584.82,1396.4,554.62,47.17,522.49,8.4135,23.4083,0
9,31,-0.0001,0.0001,642.33,1589.31,1393.67,554.49,47.08,522.58,8.4265,23.4235,0
9,32,-0.0018,0.0,641.89,1588.4,1390.48,554.32,47.44,522.74,8.3919,23.4849,0
9,33,0.0019,0.0004,642.02,1585.92,1395.64,554.07,47.19,522.74,8.3858,23.3714,0
9,34,-0.0024,0.0004,642.09,1588.32,1405.48,553.88,47.1,522.59,8.4059,23.4291,0
9,35,0.0016,-0.0001,642.02,1589.52,1400.73,554.69,47.02,522.59,8.4298,23.4587,0
9,36,-0.0022,-0.0,641.85,1582.88,1396.31,553.95,47.12,522.53,8.4095,23.4388,0
9,37,-0.0009,-0.0003,642.35,1579.77,1397.08,553.84,47.26,522.19,8.392,23.3842,0
9,38,-0.0012,0.0002,641.74,1590.18,1393.55,555.04,47.03,521.87,8.3881,23.4311,0
9,39,0.0009,0.0003,642.51,1588.38,1400.47,554.35,47.2,522.19,8.3689,23.425,0
9,40,-0.0049,0.0004,642.38,1592.26,1393.79,554.12,47.05,522.1,8.3714,23.4292,0
9,41,0.0009,-0.0002,642.23,1582.98,1392.08,554.44,47.13,522.4,8.4108,23.3787,0
9,42,0.0029,0.0003,642.19,1582.46,1397.76,554.15,47.45,521.99,8.4152,23.3315,0
9,43,-0.0013,-0.0,642.21,1583.62,1395.74,554.44,47.16,522.39,8.4003,23.4445,0
9,44,0.0008,-0.0005,642.03,1576.57,1397.21,554.0,47.19,522.58,8.4301,23.4561,0
9,45,-0.0017,0.0002,641.91,1578.31,1395.2,554.05,47.09,522.02,8.3795,23.4097,0
9,46,0.0003,0.0002,642.02,1576.37,1403.72,554.78,47.24,523.04,8.4083,23.4921,0
9,47,-0.001,0.0001,642.14,1583.6,1401.14,554.72,47.17,522.58,8.3744,23.4631,0
9,48,0.0009,0.0001,642.36,1586.08,1394.15,554.9,46.88,523.07,8.3843,23.4633,0
9,49,0.0016,0.0004,642.42,1580.82,1393.84,554.33,47.23,522.77,8.3966,23.4048,0
9,50,0.0029,0.0,641.95,1585.84,1396.96,554.37,47.31,523.02,8.421,23.2776,0
9,51,-0.001,0.0005,641.85,1590.61,1394.64,554.39,47.22,521.79,8.4122,23.3401,0
9,52,-0.0016,-0.0005,641.79,1586.48,1390.75,554.92,47.26,522.06,8.3951,23.427,0
9,53,-0.0004,-0.0002,641.9,1588.27,1394.15,554.88,47.09,522.0,8.3714,23.4471,0
9,54,-0.0022,0.0004,642.36,1582.51,1389.74,554.28,47.23,522.81,8.3968,23.4496,0
9,55,0.0024,0.0002,642.27,1583.8,1400.69,554.74,47.15,522.81,8.4109,23.3817,0
9,56,-0.0011,-0.0002,642.01,1582.0,1397.74,554.13,47.18,522.78,8.4563,23.4822,0
9,57,-0.0016,0.0001,642.44,1577.63,1398.72,554.86,47.12,522.45,8.3993,23.3403,0
9,58,-0.0028,-0.0005,642.62,1585.2,1402.6,554.52,47.27,522.41,8.4227,23.4016,0
9,59,-0.003,0.0004,642.14,1589.48,1401.5,554.46,47.06,522.63,8.4091,23.4678,0
9,60,-0.0024,0.0001,642.54,1584.68,1398.98,553.98,47.33,522.21,8.4107,23.4029,0
9,61,-0.001,-0.0004,642.27,1582.62,1389.95,555.0,47.18,522.54,8.4093,23.3036,0
9,62,0.0044,-0.0005,642.3,1586.22,1396.13,554.45,47.34,521.74,8.3948,23.4236,0
9,63,0.0005,-0.0002,642.62,1582.67,1393.77,554.42,47.19,522.27,8.4121,23.3899,0
9,64,-0.001,-0.0003,641.99,1584.05,1398.39,554.98,47.18,521.97,8.3769,23.3703,0
9,65,0.0016,0.0003,642.64,1582.06,1400.38,554.36,47.31,522.63,8.4003,23.3906,0
9,66,0.0003,-0.0001,642.2,1585.41,1394.61,554.37,47.08,522.31,8.4314,23.387,0
9,67,0.0017,0.0002,641.9,1586.88,1403.17,554.07,47.2,522.56,8.4011,23.4275,0
9,68,0.0007,0.0003,642.07,1584.94,1399.61,554.41,47.19,521.7,8.3892,23.4194,0
9,69,-0.0003,0.0003,642.04,1584.82,1392.73,554.73,47.36,521.99,8.4043,23.3616,0
9,70,0.0009,-0.0005,641.94,1585.09,1398.8,553.79,47.34,522.29,8.3855,23.4468,0
9,71,-0.0014,0.0003,641.82,1590.96,1407.83,554.27,47.39,522.06,8.3736,23.3084,0
9,72,0.0022,-0.0,641.85,1577.38,1406.79,554.34,47.17,522.22,8.4274,23.4287,0
9,73,0.0,-0.0,641.8,1582.66,1399.71,554.45,47.27,521.68,8.3972,23.3687,0
9,74,-0.0035,0.0003,642.33,1583.15,1400.1,554.15,47.14,522.13,8.3887,23.5318,0
9,75,0.0,0.0001,642.81,1587.78,1406.51,554.04,47.26,522.57,8.3924,23.3706,0
9,76,-0.0018,-0.0003,642.01,1574.3,1400.42,554.23,47.24,522.24,8.403,23.3159,0
9,77,0.0008,-0.0005,642.03,1585.42,1404.25,554.24,47.2,522.74,8.4063,23.3879,0
9,78,-0.0005,-0.0001,641.81,1586.47,1406.3,554.52,47.18,522.23,8.3749,23.4532,0
9,79,-0.0027,-0.0005,642.22,1587.87,1392.83,554.18,47.25,522.58,8.4097,23.4879,0
9,80,-0.0046,-0.0002,641.88,1584.25,1400.68,554.89,47.33,522.78,8.4186,23.4188,0
9,81,0.0001,0.0004,642.16,1586.42,1399.24,554.03,47.23,522.25,8.4188,23.4484,0
9,82,0.001,0.0003,642.17,1585.45,1402.04,554.26,47.26,522.01,8.4205,23.3747,0
9,83,-0.0021,0.0003,641.76,1585.4,1397.5,554.15,47.17,521.97,8.4005,23.4324,0
9,84,-0.0008,-0.0002,642.1,1583.96,1398.43,555.01,47.34,522.16,8.3936,23.3995,0
9,85,-0.0015,-0.0002,641.95,1586.76,1400.9,553.89,47.21,522.73,8.4401,23.3644,0
9,86,-0.0009,0.0003,641.67,1588.86,1403.43,553.78,47.31,522.22,8.4162,23.4124,0
9,87,0.0005,0.0004,642.34,1591.24,1392.08,553.78,47.24,522.91,8.3987,23.3438,0
9,88,-0.0001,-0.0003,641.71,1580.37,1398.54,553.98,47.36,522.2,8.3972,23.4347,0
9,89,-0.0007,0.0003,642.21,1592.17,1399.66,554.21,47.15,522.37,8.3678,23.3618,0
9,90,0.0024,0.0003,642.44,1584.42,1401.57,554.56,47.13,522.23,8.3955,23.2989,0
9,91,0.0008,-0.0003,642.05,1579.7,1405.67,554.48,47.26,522.54,8.3967,23.3828,0
9,92,-0.0007,0.0,642.02,1585.64,1399.92,554.41,47.36,522.54,8.3487,23.4963,0
9,93,0.0005,0.0003,642.08,1591.47,1405.21,553.49,47.26,522.51,8.3908,23.4075,0
9,94,-0.0027,-0.0003,642.05,1593.45,1401.46,554.6,47.41,522.31,8.3753,23.4523,0
9,95,-0.0017,-0.0003,642.38,1585.12,1395.08,553.67,47.18,522.39,8.4258,23.3849,0
9,96,0.001,-0.0001,642.41,1584.72,1397.68,554.18,47.35,521.87,8.4256,23.4274,0
9,97,-0.0021,0.0003,642.41,1586.47,1404.15,554.51,47.3,521.99,8.387,23.3229,0
9,98,-0.001,0.0005,642.75,1586.33,1400.38,553.98,47.28,522.05,8.4246,23.4708,0
9,99,-0.0041,0.0002,642.39,1583.53,1400.32,554.47,47.19,522.45,8.4133,23.3398,0
9,100,-0.0021,0.0003,642.24,1589.51,1394.51,553.9,47.12,522.18,8.4205,23.4565,0
9,101,0.0033,0.0005,642.47,1587.89,1401.94,554.71,47.33,521.98,8.4567,23.3922,0
9,102,0.0002,-0.0001,642.33,1586.42,1396.58,554.31,47.3,522.19,8.3901,23.3951,0
9,103,-0.0011,0.0004,641.93,1590.3,1403.32,554.04,47.2,521.86,8.4505,23.3906,0
9,104,-0.0008,-0.0003,642.35,1588.74,1403.04,554.32,47.35,522.2,8.397,23.3719,0
9,105,0.0037,0.0001,641.81,1590.74,1399.4,554.71,47.2,522.21,8.4489,23.4281,0
9,106,0.0045,0.0003,642.68,1590.52,1401.0,554.37,47.33,522.04,8.3934,23.5181,0
9,107,-0.0014,0.0002,641.9,1582.4,1405.78,554.79,47.14,522.06,8.4203,23.3048,0
9,108,-0.0028,0.0002,642.46,1582.5,1396.02,554.53,47.18,522.43,8.444,23.5016,0
9,109,0.0024,0.0004,642.18,1583.91,1406.15,554.2,47.51,522.14,8.4282,23.4369,0
9,110,-0.0002,-0.0002,642.03,1588.57,1394.19,553.57,47.19,522.4,8.3732,23.3791,0
9,111,-0.0005,0.0002,642.9,1584.82,1398.69,554.72,47.03,522.63,8.3941,23.3019,0
9,112,0.0029,0.0001,642.69,1588.48,1403.69,554.19,47.36,522.39,8.3856,23.3845,0
9,113,-0.0001,-0.0003,642.0,1578.0,1401.6,554.66,47.18,521.89,8.4436,23.3882,0
9,114,0.005,-0.0003,642.03,1588.62,1399.35,554.06,47.28,522.36,8.4107,23.3366,0
9,115,-0.0024,0.0,642.6,1584.83,1400.65,554.71,47.24,521.72,8.4247,23.4275,0
9,116,0.0025,0.0,642.53,1584.24,1386.43,553.94,47.24,521.82,8.4003,23.3225,0
9,117,-0.0024,0.0002,641.76,1588.65,1402.37,554.35,47.49,521.9,8.3758,23.3912,0
9,118,0.0017,-0.0,642.31,1588.73,1412.17,554.0,47.16,522.19,8.4304,23.3916,0
9,119,-0.0034,-0.0002,642.37,1586.73,1397.87,554.56,47.12,521.91,8.4293,23.4278,0
9,120,-0.0011,0.0001,642.01,1580.71,1394.99,554.4,47.18,521.88,8.4111,23.4211,0
9,121,-0.0012,0.0003,642.21,1587.72,1398.53,554.55,47.48,521.92,8.4736,23.2865,0
9,122,-0.0003,-0.0002,642.55,1596.55,1404.44,553.64,47.22,522.22,8.4564,23.3283,0
9,123,-0.0013,-0.0002,642.56,1597.71,1398.36,553.52,47.41,522.51,8.3994,23.4026,0
9,124,-0.0029,0.0003,642.42,1588.05,1396.84,553.83,47.52,521.79,8.4077,23.3782,0
9,125,-0.0037,-0.0005,642.74,1586.93,1402.64,554.35,47.31,522.01,8.4323,23.4928,0
9,126,-0.0015,0.0,642.68,1583.34,1398.03,553.9,47.28,521.66,8.4223,23.2663,0
9,127,-0.0057,0.0004,642.36,1588.29,1403.56,554.1,47.25,522.3,8.4028,23.3348,0
9,128,-0.0057,0.0001,642.43,1589.84,1406.91,554.93,47.36,521.64,8.4079,23.3642,0
9,129,-0.0049,0.0,642.77,1588.02,1399.03,553.8,47.4,522.08,8.4154,23.4363,0
9,130,-0.0014,0.0002,642.6,1589.58,1399.16,554.4,47.37,522.07,8.408,23.4145,0
9,131,-0.0023,0.0003,642.25,1589.06,1395.46,553.95,47.43,522.04,8.375,23.3274,0
9,132,0.0034,-0.0004,642.15,1593.99,1397.84,553.57,47.38,522.34,8.416,23.306,0
9,133,-0.0001,0.0004,642.73,1587.86,1406.84,554.48,47.28,521.8,8.4072,23.2638,0
9,134,0.0033,-0.0004,642.61,1593.65,1408.87,553.87,47.26,522.42,8.4193,23.3152,0
9,135,0.0006,-0.0,642.26,1594.48,1397.92,553.79,47.49,522.14,8.3921,23.3671,0
9,136,-0.0003,0.0003,642.57,1588.21,1405.17,554.32,47.44,521.96,8.4226,23.3723,0
9,137,-0.0048,-0.0001,642.63,1594.85,1404.57,554.2,47.26,521.37,8.4244,23.3045,0
9,138,-0.0023,0.0005,642.6,1590.0,1401.97,554.07,47.29,521.83,8.4119,23.4244,0
9,139,-0.0045,-0.0003,642.67,1593.77,1405.55,554.29,47.16,522.16,8.4192,23.3646,0
9,140,0.0005,-0.0005,642.9,1595.5,1399.53,553.82,47.37,521.92,8.4102,23.4891,0
9,141,-0.002,-0.0001,642.57,1589.27,1402.76,554.32,47.29,522.24,8.4445,23.2601,0
9,142,0.001,-0.0002,642.15,1582.78,1403.63,554.09,47.31,521.54,8.4111,23.2932,0
9,143,-0.0009,-0.0002,642.16,1591.78,1405.24,554.33,47.43,522.49,8.4191,23.412,0
9,144,0.0003,-0.0005,642.58,1593.66,1405.62,553.87,47.38,521.85,8.4566,23.2728,0
9,145,0.0024,-0.0004,642.16,1591.9,1399.45,554.12,47.35,521.85,8.4392,23.2554,0
9,146,0.0006,-0.0005,642.96,1582.97,1405.57,553.96,47.5,522.19,8.438,23.3391,0
9,147,0.002,0.0003,642.18,1588.5,1404.5,554.07,47.37,522.08,8.4109,23.3047,0
9,148,0.0029,-0.0003,641.94,1591.11,1400.75,553.62,47.47,521.9,8.3997,23.3213,0
9,149,-0.0019,0.0004,642.6,1589.07,1401.45,554.24,47.05,522.38,8.4184,23.3484,0
9,150,0.0008,0.0004,642.32,1594.79,1406.44,553.97,47.33,521.78,8.4054,23.2999,0
9,151,-0.0042,-0.0003,641.94,1583.76,1407.19,553.95,47.41,522.21,8.4205,23.3506,0
9,152,-0.0007,-0.0002,642.65,1586.94,1419.46,554.41,47.56,522.89,8.4164,23.172,0
9,153,0.0016,0.0001,642.2,1589.11,1410.85,553.88,47.48,521.62,8.418,23.2934,0
9,154,-0.0013,-0.0004,642.66,1593.14,1405.96,554.24,47.37,521.6,8.4437,23.2834,0
9,155,0.0008,0.0001,642.86,1588.68,1411.51,553.61,47.46,522.01,8.4114,23.2729,0
9,156,-0.0,0.0002,642.68,1585.05,1404.54,554.5,47.45,521.33,8.4406,23.3428,0
9,157,-0.0005,-0.0,642.82,1591.95,1401.39,554.36,47.5,522.01,8.4341,23.2617,0
9,158,0.003,-0.0004,642.61,1594.78,1399.17,553.56,47.44,521.89,8.4119,23.2962,0
9,159,0.0005,0.0003,642.67,1585.67,1401.96,554.01,47.41,521.28,8.4398,23.4176,0
9,160,-0.0026,-0.0003,642.47,1588.7,1407.75,555.05,47.49,521.52,8.39,23.2255,0
9,161,0.0006,0.0001,642.96,1584.58,1412.27,554.44,47.44,521.51,8.4236,23.2392,0
9,162,-0.0019,-0.0003,642.76,1592.35,1411.12,553.91,47.65,521.97,8.4316,23.2257,0
9,163,0.0012,0.0001,642.64,1589.33,1411.84,553.2,47.48,522.05,8.4667,23.282,0
9,164,0.0041,-0.0001,643.05,1596.45,1402.53,553.77,47.35,522.3,8.4182,23.3422,0
9,165,-0.0004,0.0001,642.56,1595.52,1411.15,553.75,47.65,521.93,8.4529,23.3964,0
9,166,0.0015,0.0003,642.96,1592.6,1411.1,553.73,47.58,521.47,8.4258,23.3474,0
9,167,0.0025,-0.0001,642.81,1589.01,1403.24,554.35,47.51,520.92,8.4609,23.1219,0
9,168,0.0015,-0.0003,642.77,1590.97,1411.1,553.62,47.51,521.1,8.4335,23.3069,0
9,169,-0.0033,-0.0002,642.83,1594.76,1404.33,554.16,47.39,521.84,8.4545,23.2603,0
9,170,0.001,-0.0003,642.61,1588.33,1410.55,553.2,47.69,521.8,8.4699,23.2649,0
9,171,0.0024,0.0002,642.34,1587.08,1418.0,552.79,47.83,521.36,8.4846,23.2852,1
9,172,0.0041,0.0004,643.07,1593.98,1410.93,553.53,47.58,521.37,8.4565,23.2069,1
9,173,-0.0029,-0.0004,642.57,1589.82,1403.42,553.84,47.51,521.43,8.4393,23.2196,1
9,174,0.0002,0.0001,642.57,1595.3,1417.95,553.52,47.57,520.99,8.4596,23.2271,1
9,175,0.0023,0.0001,642.89,1595.01,1412.09,552.79,47.45,521.28,8.4407,23.2424,1
9,176,0.001,-0.0001,643.16,1591.56,1408.48,553.89,47.6,521.38,8.4672,23.2337,1
9,177,-0.0047,0.0003,642.83,1595.84,1408.22,553.54,47.43,521.46,8.4358,23.186,1
9,178,-0.0013,-0.0002,643.3,1594.77,1407.18,552.79,47.72,521.66,8.4521,23.3195,1
9,179,0.0007,0.0003,643.01,1600.05,1412.2,553.9,47.66,521.22,8.4385,23.2207,1
9,180,-0.0008,0.0002,643.05,1594.96,1406.19,553.86,47.5,521.24,8.4948,23.1341,1
9,181,-0.0008,-0.0004,643.23,1602.99,1417.63,553.83,47.59,520.87,8.4468,23.1923,1
9,182,0.0002,-0.0004,643.01,1596.98,1416.51,552.95,47.59,520.88,8.4763,23.1898,1
9,183,0.0015,0.0004,643.07,1590.68,1410.37,552.94,47.68,521.63,8.4718,23.2067,1
9,184,-0.0024,-0.0001,643.55,1602.59,1415.55,553.87,47.76,521.04,8.4605,23.1689,1
9,185,0.002,-0.0004,643.2,1601.8,1420.83,552.81,47.78,521.04,8.5005,23.1598,1
9,186,-0.0004,0.0,643.16,1593.59,1415.44,552.4,47.66,521.29,8.4461,23.1954,1
9,187,-0.0022,-0.0,643.55,1607.04,1421.69,552.45,47.67,520.93,8.4938,23.168,1
9,188,-0.006,0.0003,642.83,1601.88,1417.4,552.83,47.85,520.79,8.4992,23.2898,1
9,189,0.0025,-0.0002,642.84,1596.03,1418.62,552.84,47.9,521.39,8.4522,23.0994,1
9,190,-0.0016,0.0002,643.73,1595.56,1417.78,553.36,47.92,520.98,8.4987,23.1614,1
9,191,-0.0001,-0.0001,643.38,1602.92,1423.1,552.52,47.89,520.79,8.4932,23.2104,1
9,192,0.0015,0.0004,643.23,1598.22,1420.21,552.31,47.91,520.11,8.5037,23.1819,1
9,193,-0.0011,-0.0004,643.32,1602.15,1427.4,552.36,47.91,520.78,8.498,23.0226,1
9,194,-0.0001,-0.0,643.13,1599.34,1418.42,552.36,48.08,521.07,8.4414,23.2319,1
9,195,0.0007,0.0001,642.7,1602.99,1431.01,552.15,48.04,520.71,8.4908,23.1513,1
9,196,-0.0018,-0.0001,643.24,1597.81,1424.02,551.75,47.85,520.59,8.4898,23.0542,1
9,197,0.0006,0.0005,643.42,1596.7,1417.01,552.63,47.94,520.35,8.5095,23.181,1
9,198,0.0022,-0.0002,643.46,1599.45,1433.83,552.86,47.85,519.86,8.5206,23.1286,1
9,199,-0.0026,0.0002,643.69,1603.7,1429.19,551.71,47.82,520.5,8.5282,23.0677,1
9,200,-0.0014,-0.0004,643.4,1602.89,1431.95,552.29,47.98,520.35,8.4968,23.1008,1
9,201,-0.0016,0.0004,644.04,1595.36,1428.43,552.3,48.11,520.28,8.5156,23.0284,1
10,1,-0.0014,0.0004,641.92,1587.93,1392.2,554.37,47.05,522.54,8.4039,23.5309,0
10,2,0.0009,0.0005,642.22,1586.81,1392.03,554.76,47.2,523.04,8.3868,23.3106,0
10,3,0.0009,-0.0,642.16,1581.06,1395.51,554.42,47.19,522.22,8.4422,23.5053,0
10,4,0.001,0.0004,642.14,1590.17,1388.15,554.19,47.11,522.51,8.3928,23.3314,0
10,5,-0.002,-0.0003,642.13,1581.09,1396.37,554.26,47.2,522.29,8.3879,23.4651,0
10,6,0.0032,0.0004,641.99,1585.13,1394.91,554.48,47.03,522.36,8.383,23.3655,0
10,7,-0.0017,0.0002,642.44,1582.96,1394.26,555.06,47.22,522.87,8.3977,23.4053,0
10,8,0.0011,-0.0003,641.61,1584.53,1392.39,554.28,47.24,522.29,8.3813,23.4135,0
10,9,0.0019,0.0003,641.78,1580.52,1401.27,554.27,47.04,522.29,8.3836,23.4868,0
10,10,-0.0025,-0.0001,642.02,1581.9,1398.55,555.23,47.12,522.25,8.3644,23.3787,0
10,11,0.0002,0.0005,642.48,1585.62,1400.69,553.8,47.16,522.62,8.3862,23.4401,0
10,12,0.0017,0.0001,642.2,1591.59,1396.26,554.67,46.99,522.68,8.3809,23.4179,0
10,13,0.0022,0.0,641.98,1578.1,1395.18,554.77,47.18,522.03,8.3773,23.3528,0
10,14,0.0013,0.0005,642.03,1583.94,1400.37,553.95,47.09,522.28,8.3997,23.3564,0
10,15,-0.0074,0.0001,642.3,1586.21,1393.99,554.72,47.18,522.69,8.4346,23.4487,0
10,16,0.0027,-0.0003,641.87,1589.94,1397.33,554.65,47.06,522.35,8.3577,23.4001,0
10,17,-0.0014,0.0003,641.79,1585.44,1400.99,554.62,47.03,522.61,8.4136,23.403,0
10,18,-0.002,0.0001,641.87,1580.13,1395.47,554.67,47.32,522.07,8.3947,23.3682,0
10,19,0.001,0.0002,642.29,1589.25,1396.14,554.48,47.11,522.27,8.3858,23.4496,0
10,20,0.0009,0.0002,641.88,1583.88,1397.1,554.12,47.23,522.42,8.3966,23.4002,0
10,21,0.0047,-0.0004,642.14,1580.79,1399.2,554.68,47.17,522.0,8.4168,23.4053,0
10,22,0.001,-0.0001,642.28,1588.92,1397.3,554.96,47.14,522.04,8.3823,23.5493,0
10,23,-0.0035,0.0003,642.36,1589.48,1395.85,554.58,47.18,522.35,8.4085,23.4251,0
10,24,-0.0047,-0.0004,642.0,1583.85,1393.75,554.92,47.33,522.84,8.3758,23.4183,0
10,25,-0.0036,0.0003,642.76,1581.08,1406.96,555.22,47.13,522.04,8.4141,23.4275,0
10,26,0.0008,0.0002,642.48,1590.13,1392.6,555.23,47.12,522.41,8.4004,23.4433,0
10,27,0.0013,0.0004,642.17,1582.59,1396.89,553.83,47.19,522.54,8.4325,23.3362,0
10,28,0.0007,0.0001,641.74,1585.77,1392.56,555.02,47.13,522.41,8.3943,23.4076,0
10,29,-0.0002,0.0003,641.47,1583.06,1396.87,555.42,47.01,521.41,8.3982,23.4753,0
10,30,0.0052,-0.0002,641.9,1587.36,1402.48,554.46,47.31,522.49,8.3667,23.4173,0
10,31,0.0024,0.0003,642.2,1586.25,1398.36,554.78,47.07,522.6,8.4126,23.53,0
10,32,-0.0016,-0.0002,641.84,1586.55,1392.5,554.77,47.09,522.38,8.3925,23.3929,0
10,33,0.0013,0.0001,642.55,1582.9,1396.54,554.63,47.16,522.44,8.3916,23.4095,0
10,34,0.0028,0.0002,642.52,1582.14,1397.64,554.21,47.3,522.3,8.4214,23.5233,0
10,35,-0.0017,0.0001,642.0,1585.28,1399.6,554.18,47.01,522.79,8.404,23.4587,0
10,36,-0.0021,0.0001,641.46,1580.69,1396.29,554.43,47.12,521.94,8.3686,23.4019,0
10,37,0.0026,0.0002,641.97,1575.6,1398.36,554.34,47.19,522.0,8.3769,23.4904,0
10,38,-0.0003,0.0004,642.2,1589.84,1397.83,555.12,47.29,522.7,8.4265,23.3119,0
10,39,-0.0019,-0.0002,642.78,1586.67,1390.9,554.76,47.09,522.74,8.434,23.4868,0
10,40,-0.0009,-0.0002,642.12,1583.04,1393.76,554.21,47.15,522.46,8.4005,23.4566,0
10,41,-0.0044,0.0003,641.64,1589.84,1393.32,554.62,47.2,522.13,8.3954,23.4643,0
10,42,0.0001,0.0002,641.48,1579.48,1398.05,554.76,47.11,522.59,8.4149,23.4383,0
10,43,0.002,-0.0,642.67,1571.04,1401.83,554.0,47.1,522.41,8.3808,23.4559,0
10,44,-0.0003,0.0003,642.14,1580.44,1399.42,554.22,47.16,522.19,8.4043,23.4762,0
10,45,-0.0002,0.0005,642.03,1580.26,1398.18,554.73,47.21,522.61,8.4005,23.5226,0
10,46,-0.0035,-0.0002,642.03,1587.64,1398.27,555.18,47.15,522.55,8.4128,23.4497,0
10,47,0.0018,-0.0004,642.08,1577.61,1393.94,554.03,47.08,522.52,8.3769,23.4684,0
10,48,0.0016,-0.0003,641.97,1583.8,1402.0,554.64,47.05,522.61,8.3727,23.3365,0
10,49,0.0035,0.0,642.24,1580.77,1398.39,554.84,47.22,522.46,8.4097,23.4203,0
10,50,0.001,0.0005,641.87,1585.37,1400.5,554.45,46.96,521.95,8.4012,23.284,0
10,51,0.0009,0.0004,642.2,1581.49,1395.73,554.68,47.21,521.94,8.3834,23.4952,0
10,52,0.0004,-0.0002,641.76,1588.52,1401.12,554.26,47.19,522.62,8.4213,23.3672,0
10,53,-0.002,0.0,641.76,1590.49,1397.38,554.83,47.37,521.88,8.4318,23.4324,0
10,54,0.0014,0.0004,641.84,1584.1,1402.76,554.51,47.08,522.11,8.4085,23.5017,0
10,55,-0.0007,0.0003,641.76,1577.97,1398.77,553.48,47.19,522.52,8.4008,23.411,0
10,56,-0.0013,0.0003,642.21,1586.45,1396.86,555.25,47.34,522.74,8.3742,23.4886,0
10,57,-0.0006,0.0004,641.82,1586.01,1400.77,554.07,47.37,522.27,8.3279,23.5059,0
10,58,-0.0009,-0.0001,642.15,1582.48,1398.42,554.3,47.11,521.66,8.4264,23.4623,0
10,59,0.0005,0.0002,642.3,1592.5,1401.01,553.85,47.16,522.12,8.4061,23.3828,0
10,60,-0.0003,0.0004,642.04,1584.0,1402.06,554.41,47.16,521.63,8.3983,23.3808,0
10,61,-0.0019,0.0004,642.28,1581.82,1393.03,554.39,47.17,522.37,8.3614,23.4592,0
10,62,0.0008,-0.0002,642.52,1584.46,1400.1,554.15,47.1,522.29,8.4175,23.3774,0
10,63,0.0009,-0.0,641.54,1584.86,1397.06,554.3,47.18,521.81,8.3939,23.347,0
10,64,-0.0012,0.0004,642.17,1588.3,1398.52,554.38,47.14,522.32,8.3747,23.3957,0
10,65,-0.0004,-0.0003,642.34,1583.08,1400.65,554.44,47.22,522.2,8.4073,23.4998,0
10,66,0.0009,0.0002,641.95,1588.58,1399.24,554.45,47.35,522.43,8.3896,23.2852,0
10,67,-0.002,0.0002,642.04,1589.24,1407.4,555.01,47.15,522.4,8.3763,23.3072,0
10,68,0.0005,0.0005,641.8,1589.24,1404.08,554.6,47.15,522.45,8.4128,23.4226,0
10,69,0.001,-0.0002,642.21,1580.5,1393.64,554.58,47.35,522.4,8.3909,23.3893,0
10,70,0.0005,0.0004,642.01,1581.0,1395.29,554.21,47.36,522.16,8.4323,23.4108,0
10,71,0.0033,0.0005,641.76,1583.8,1394.25,554.25,47.32,522.16,8.3968,23.4043,0
10,72,-0.0035,0.0005,642.18,1589.95,1404.12,554.18,47.28,522.41,8.4125,23.4884,0
10,73,-0.0012,0.0004,641.96,1587.22,1401.15,554.78,47.13,522.0,8.4101,23.3465,0
10,74,0.0023,-0.0004,642.17,1588.49,1399.61,553.9,47.29,522.39,8.3907,23.4227,0
10,75,-0.0034,0.0005,642.01,1583.19,1394.16,554.36,47.4,522.1,8.3964,23.4063,0
10,76,-0.0016,-0.0004,641.99,1584.28,1397.09,554.1,47.22,522.23,8.3948,23.3491,0
10,77,-0.0023,0.0,642.4,1582.58,1405.17,553.99,47.11,522.27,8.4383,23.4455,0
10,78,-0.001,0.0001,642.24,1581.58,1398.63,554.52,47.08,522.11,8.3686,23.3141,0
10,79,-0.0022,-0.0002,642.02,1580.75,1400.71,554.43,47.15,522.25,8.3921,23.402,0
10,80,0.0005,0.0003,642.1,1582.28,1398.55,554.4,47.25,522.65,8.3808,23.4124,0
10,81,-0.0001,0.0003,641.88,1586.24,1398.36,555.04,47.37,522.78,8.4191,23.3725,0
10,82,-0.0012,-0.0003,642.19,1585.16,1397.04,554.45,47.37,522.23,8.3831,23.4507,0
10,83,0.0049,-0.0,641.98,1589.84,1406.27,554.32,47.25,521.43,8.405,23.3634,0
10,84,0.0062,-0.0001,642.27,1585.49,1397.59,554.37,47.2,522.24,8.4156,23.4405,0
10,85,0.0022,0.0003,642.01,1590.1,1391.74,553.68,47.07,521.95,8.4053,23.3716,0
10,86,-0.0007,0.0004,641.96,1583.55,1404.97,554.5,47.28,522.32,8.4102,23.4268,0
10,87,0.0002,-0.0002,642.37,1586.85,1403.75,554.47,47.34,521.97,8.3795,23.4142,0
10,88,-0.003,0.0001,642.71,1585.21,1400.55,554.17,47.41,521.89,8.4272,23.438,0
10,89,0.0001,0.0005,641.38,1590.93,1390.62,554.48,47.38,522.2,8.4068,23.3878,0
10,90,-0.0011,-0.0003,641.95,1592.95,1397.14,554.19,47.18,522.03,8.3906,23.3961,0
10,91,0.0005,-0.0001,642.52,1586.78,1400.69,554.7,47.34,521.86,8.3872,23.482,0
10,92,0.0041,0.0,641.98,1577.63,1399.88,554.59,47.11,522.0,8.4008,23.3861,0
10,93,-0.0028,0.0005,641.98,1584.79,1397.2,553.9,47.28,521.96,8.4436,23.3703,0
10,94,0.003,-0.0003,642.06,1582.08,1393.72,554.45,47.38,522.49,8.4245,23.3878,0
10,95,0.0016,0.0,642.2,1584.36,1403.99,554.39,47.33,522.26,8.401,23.3446,0
10,96,0.0004,0.0003,642.09,1585.58,1411.03,554.38,47.23,522.21,8.4467,23.4229,0
10,97,0.0013,0.0003,641.85,1577.04,1401.74,553.86,47.31,522.13,8.3906,23.3372,0
10,98,0.0028,0.0003,642.17,1584.95,1396.65,554.22,47.35,522.03,8.43,23.3509,0
10,99,0.0006,-0.0004,641.76,1591.08,1396.87,554.62,47.2,522.05,8.3935,23.4015,0
10,100,-0.004,0.0002,641.88,1584.72,1400.67,554.61,47.33,522.25,8.4226,23.3896,0
10,101,-0.0027,0.0002,641.86,1589.45,1400.21,554.57,47.08,522.56,8.3962,23.3689,0
10,102,0.001,-0.0001,642.25,1583.63,1394.62,553.74,47.27,522.74,8.4215,23.3827,0
10,103,0.0024,0.0005,642.16,1582.72,1396.52,552.98,47.3,522.45,8.3673,23.3669,0
10,104,-0.0011,-0.0003,642.3,1580.41,1404.78,554.25,47.33,521.71,8.399,23.3468,0
10,105,0.002,-0.0003,642.75,1586.26,1401.84,554.06,47.28,522.03,8.417,23.4241,0
10,106,-0.0018,-0.0,642.16,1590.2,1402.81,554.91,47.27,522.21,8.3985,23.434,0
10,107,0.0036,0.0001,642.02,1581.22,1397.62,554.11,47.34,522.07,8.3942,23.4195,0
10,108,-0.0014,-0.0004,642.3,1583.84,1401.12,554.92,47.21,521.88,8.4003,23.3515,0
10,109,-0.0007,0.0004,642.28,1587.71,1394.11,554.48,47.24,521.9,8.4071,23.4203,0
10,110,0.001,0.0001,642.12,1579.01,1391.63,553.8,47.28,522.01,8.3784,23.2628,0
10,111,-0.0064,-0.0001,642.72,1587.53,1401.29,554.4,47.32,521.85,8.4018,23.3332,0
10,112,0.0038,-0.0,642.31,1584.42,1395.02,554.35,47.47,522.16,8.4453,23.3309,0
10,113,-0.0009,0.0004,642.25,1583.11,1405.91,554.39,47.12,522.21,8.4206,23.4222,0
10,114,-0.0017,-0.0002,642.21,1584.86,1404.12,553.97,47.5,521.97,8.3965,23.4305,0
10,115,-0.0029,-0.0001,642.38,1581.62,1398.42,553.87,47.36,521.82,8.4124,23.3331,0
10,116,-0.0045,-0.0004,641.97,1590.32,1395.43,554.09,47.29,522.37,8.4065,23.4308,0
10,117,-0.0005,0.0004,642.24,1582.51,1400.54,554.26,47.41,521.92,8.3974,23.4015,0
10,118,0.0028,-0.0003,642.43,1592.63,1398.75,554.21,47.26,521.83,8.4064,23.3918,0
10,119,0.0006,-0.0001,641.95,1582.24,1407.73,554.16,47.25,522.14,8.4205,23.405,0
10,120,-0.0013,-0.0002,641.49,1587.93,1407.15,553.94,47.33,522.05,8.4094,23.3621,0
10,121,-0.0018,-0.0003,642.33,1585.48,1400.88,554.63,47.23,522.2,8.3756,23.3001,0
10,122,-0.0018,-0.0001,642.23,1589.03,1401.57,553.27,47.39,521.7,8.4063,23.4073,0
10,123,-0.002,-0.0003,642.45,1585.48,1398.32,553.6,47.22,522.01,8.4217,23.349,0
10,124,0.002,-0.0004,642.8,1586.84,1398.1,553.94,47.35,521.85,8.3927,23.4573,0
10,125,-0.0006,-0.0003,642.14,1583.06,1403.73,554.05,47.25,521.14,8.4294,23.4689,0
10,126,0.0009,0.0005,642.36,1590.39,1403.2,553.62,47.29,522.07,8.4022,23.2746,0
10,127,-0.0015,0.0002,642.5,1586.52,1407.6,553.69,47.28,521.77,8.4408,23.4063,0
10,128,-0.0022,0.0003,642.54,1590.45,1406.54,554.34,47.32,522.52,8.4381,23.278,0
10,129,-0.001,-0.0,642.4,1588.18,1409.07,553.97,47.53,522.08,8.447,23.42,0
10,130,0.0033,-0.0003,642.68,1593.28,1402.57,553.71,47.36,521.67,8.4216,23.2849,0
10,131,-0.0038,-0.0,642.33,1587.08,1406.11,554.29,47.31,522.2,8.4148,23.3875,0
10,132,-0.0006,-0.0002,642.24,1592.85,1399.05,554.65,47.28,521.88,8.4272,23.2849,0
10,133,-0.0004,0.0005,642.29,1587.36,1401.1,554.14,47.34,521.5,8.426,23.2754,0
10,134,0.001,0.0002,642.39,1579.75,1405.37,554.64,47.33,521.93,8.4142,23.3171,0
10,135,0.0017,-0.0004,643.1,1592.83,1404.34,554.09,47.25,521.72,8.4204,23.4018,0
10,136,0.0017,-0.0001,642.33,1582.1,1406.33,554.32,47.37,521.64,8.4042,23.2836,0
10,137,0.0005,-0.0003,641.63,1586.88,1401.27,553.34,47.36,522.03,8.4356,23.3492,0
10,138,-0.0005,0.0003,642.49,1592.4,1398.91,553.86,47.39,522.14,8.4093,23.2848,0
10,139,-0.0039,0.0002,642.13,1588.71,1398.62,553.22,47.23,521.7,8.4271,23.365,0
10,140,0.0012,0.0004,642.77,1587.24,1404.24,554.18,47.5,522.31,8.4322,23.2991,0
10,141,-0.0026,-0.0003,642.71,1581.51,1403.74,554.28,47.36,521.84,8.4452,23.2287,0
10,142,0.0023,0.0003,642.73,1585.04,1409.85,553.99,47.42,521.59,8.4151,23.3992,0
10,143,-0.0042,0.0003,642.7,1589.44,1396.72,553.46,47.33,521.63,8.3714,23.3964,0
10,144,-0.0021,-0.0002,642.06,1588.22,1408.86,553.87,47.24,521.68,8.4367,23.3516,0
10,145,0.0013,0.0005,641.86,1594.02,1405.49,553.08,47.25,521.86,8.4073,23.3025,0
10,146,0.0033,0.0003,642.52,1590.73,1402.77,554.35,47.48,521.82,8.4293,23.2802,0
10,147,0.0021,0.0002,642.2,1587.83,1406.56,553.66,47.34,521.91,8.3949,23.272,0
10,148,0.0007,-0.0003,642.71,1589.59,1405.34,553.95,47.5,521.46,8.4193,23.2474,0
10,149,0.0018,-0.0004,642.25,1583.78,1412.16,553.25,47.4,521.75,8.4226,23.3276,0
10,150,0.0006,-0.0,642.04,1585.1,1404.69,553.27,47.14,521.96,8.4132,23.3295,0
10,151,0.0035,-0.0,642.24,1585.86,1404.88,553.78,47.44,521.09,8.4209,23.4082,0
10,152,0.0008,0.0004,643.25,1588.78,1405.32,553.65,47.46,521.32,8.4394,23.3469,0
10,153,0.0035,-0.0,641.89,1582.1,1405.5,553.75,47.39,521.59,8.4277,23.2773,0
10,154,-0.0026,0.0,642.02,1581.45,1402.71,554.41,47.52,521.92,8.413,23.2698,0
10,155,-0.0059,-0.0003,642.79,1583.61,1408.72,553.47,47.54,521.11,8.3938,23.3395,0
10,156,-0.0024,0.0005,642.78,1595.17,1407.74,552.67,47.42,521.56,8.4413,23.317,0
10,157,0.0023,0.0003,642.53,1589.43,1416.64,553.41,47.46,521.88,8.469,23.359,0
10,158,-0.0018,0.0002,643.13,1588.54,1408.22,552.72,47.72,521.22,8.38,23.3428,0
10,159,-0.002,0.0001,642.89,1583.15,1402.67,553.4,47.58,521.42,8.4525,23.2766,0
10,160,0.003,-0.0004,642.65,1590.58,1413.52,553.69,47.64,521.65,8.4452,23.341,0
10,161,-0.0,0.0001,642.56,1589.92,1407.85,553.41,47.49,521.38,8.4318,23.4176,0
10,162,-0.0023,-0.0001,642.9,1592.33,1402.84,553.92,47.65,521.46,8.4198,23.3038,0
10,163,-0.0005,0.0003,642.9,1588.41,1408.02,553.58,47.59,521.69,8.4272,23.2768,0
10,164,0.0009,-0.0003,643.22,1590.27,1410.26,553.41,47.58,521.06,8.472,23.3359,0
10,165,-0.0033,-0.0004,642.72,1577.39,1404.07,553.15,47.75,521.27,8.4232,23.3933,0
10,166,0.0033,0.0,643.41,1589.38,1414.65,553.55,47.52,521.37,8.4905,23.2987,0
10,167,-0.0005,-0.0004,642.85,1593.63,1407.49,553.53,47.69,521.16,8.449,23.1952,0
10,168,0.0011,0.0004,642.85,1593.11,1405.85,553.0,47.63,521.56,8.4502,23.2959,0
10,169,0.0018,-0.0001,642.54,1600.91,1414.28,553.93,47.54,521.03,8.4788,23.2665,0
10,170,0.0004,0.0002,642.53,1592.71,1415.82,553.9,47.68,521.41,8.4789,23.3488,0
10,171,0.002,-0.0004,642.5,1597.58,1413.44,553.7,47.58,521.55,8.4055,23.3681,0
10,172,0.0001,-0.0002,642.9,1592.19,1414.09,553.12,47.49,521.11,8.4514,23.2291,0
10,173,-0.0016,0.0005,642.74,1583.96,1414.52,552.65,47.55,520.94,8.4217,23.3128,0
10,174,0.0019,0.0002,642.68,1586.97,1409.5,553.71,47.63,521.22,8.4412,23.2552,0
10,175,0.0029,0.0001,642.78,1593.26,1412.11,552.42,47.74,521.01,8.4548,23.2985,0
10,176,0.0013,-0.0001,643.27,1596.38,1406.76,553.49,47.36,520.98,8.4562,23.2596,0
10,177,0.0019,-0.0002,642.98,1586.66,1414.12,552.47,47.5,521.37,8.4152,23.1925,0
10,178,0.0018,-0.0003,642.93,1581.95,1415.57,553.46,47.63,520.9,8.4147,23.3584,0
10,179,-0.0018,0.0001,643.05,1589.76,1409.71,552.67,47.58,521.16,8.4452,23.2796,0
10,180,-0.0021,0.0003,643.12,1583.34,1407.59,553.65,47.6,521.3,8.4777,23.2615,0
10,181,0.0027,0.0,642.46,1594.21,1416.42,553.87,47.67,520.66,8.4533,23.2998,0
10,182,-0.0046,-0.0004,642.52,1590.76,1402.63,551.64,47.6,521.46,8.4713,23.2454,0
10,183,-0.0027,-0.0004,642.42,1594.6,1413.84,553.31,47.7,521.23,8.4669,23.2024,0
10,184,-0.0022,-0.0002,643.28,1590.97,1411.88,552.38,47.64,520.96,8.4488,23.1587,0
10,185,0.0026,-0.0003,643.29,1588.29,1409.21,553.49,47.76,521.26,8.4546,23.1941,0
10,186,-0.0026,-0.0001,642.89,1591.9,1418.86,553.36,47.67,521.33,8.4693,23.2836,0
10,187,0.0004,-0.0004,643.45,1596.16,1411.57,552.18,47.66,520.92,8.4521,23.1507,0
10,188,0.0005,0.0001,642.95,1590.16,1415.61,553.15,47.76,520.76,8.4842,23.2227,0
10,189,-0.0032,0.0003,643.62,1587.92,1409.61,552.27,47.55,520.55,8.4361,23.2579,0
10,190,-0.0,-0.0003,643.61,1589.45,1422.12,552.72,47.66,520.36,8.4489,23.2405,0
10,191,-0.001,0.0,642.89,1584.8,1413.63,553.26,47.89,520.82,8.4584,23.2666,0
10,192,0.0005,-0.0003,642.54,1598.01,1413.05,552.89,47.87,520.77,8.4334,23.221,1
10,193,-0.0026,0.0002,643.83,1597.95,1416.85,552.75,47.95,520.99,8.4283,23.1036,1
10,194,0.0007,0.0005,643.56,1601.8,1415.76,552.45,47.75,520.46,8.4773,23.1346,1
10,195,-0.0006,-0.0004,642.87,1591.89,1418.29,552.44,47.82,520.46,8.4724,23.2763,1
10,196,0.0002,-0.0002,643.37,1595.69,1415.41,552.72,47.88,520.1,8.4474,23.2171,1
10,197,-0.0002,0.0002,642.87,1598.65,1416.91,553.45,47.86,520.62,8.4712,23.2308,1
10,198,-0.0028,0.0003,642.91,1597.97,1413.88,552.9,47.95,520.96,8.4608,23.1398,1
10,199,-0.0024,-0.0004,642.94,1592.83,1418.63,552.79,47.67,520.35,8.454,23.1722,1
10,200,-0.0003,0.0001,642.72,1600.86,1424.28,552.86,47.91,520.68,8.4866,23.1687,1
10,201,0.0014,-0.0004,643.42,1593.06,1417.62,552.7,47.71,520.55,8.4804,23.1797,1
10,202,0.0033,0.0003,643.03,1597.33,1419.0,551.74,47.89,520.89,8.4989,23.2298,1
10,203,0.0028,-0.0001,643.63,1599.49,1422.41,551.85,48.13,520.72,8.4695,23.2638,1
10,204,0.0007,-0.0003,643.35,1590.73,1420.54,552.39,47.86,520.35,8.5224,23.0884,1
10,205,0.0012,-0.0,643.31,1594.27,1421.8,552.2,47.88,520.63,8.4756,23.2222,1
10,206,0.0028,-0.0001,643.71,1594.82,1417.02,552.09,47.88,520.3,8.5098,23.1211,1
10,207,-0.0003,0.0004,643.78,1594.05,1422.45,552.49,47.86,520.3,8.4876,23.2049,1
10,208,0.0063,-0.0001,643.28,1593.1,1418.13,552.12,47.98,520.09,8.485,23.3365,1
10,209,-0.0012,0.0,643.61,1597.31,1413.32,552.65,47.71,520.71,8.499,23.148,1
10,210,-0.0007,0.0001,643.65,1595.0,1415.11,551.86,47.89,520.18,8.502,23.0745,1
10,211,-0.0016,0.0002,643.47,1597.16,1419.52,552.1,48.06,520.81,8.453,23.2101,1
10,212,0.0017,-0.0001,643.39,1601.69,1417.97,552.7,47.85,520.66,8.5234,23.1374,1
10,213,-0.0012,-0.0002,643.87,1613.62,1422.53,552.14,48.1,520.09,8.4907,23.1233,1
10,214,-0.0021,-0.0002,643.4,1599.62,1427.82,552.02,47.89,519.95,8.4933,22.9937,1
10,215,-0.0037,0.0002,643.01,1600.31,1429.1,552.17,47.9,519.6,8.5234,23.0892,1
10,216,-0.0008,-0.0002,643.36,1602.14,1424.69,552.12,47.91,520.33,8.5054,23.1391,1
10,217,0.0016,-0.0001,644.35,1603.77,1423.45,551.76,48.03,520.15,8.526,23.1359,1
10,218,-0.0029,0.0004,643.7,1598.64,1426.21,551.45,48.09,520.23,8.4954,23.1209,1
10,219,-0.0018,0.0004,643.46,1603.54,1424.54,552.03,48.06,519.83,8.523,23.234,1
10,220,-0.0013,0.0002,643.46,1604.91,1422.76,551.73,47.95,520.23,8.5182,23.2187,1
10,221,0.0005,-0.0001,644.09,1604.4,1432.13,551.77,48.08,519.22,8.5312,23.1596,1
10,222,0.0002,-0.0003,643.66,1599.18,1436.29,552.7,48.09,520.02,8.5159,23.1434,1
11,1,0.0005,-0.0003,642.2,1585.65,1395.39,554.78,47.13,522.29,8.3935,23.4919,0
11,2,0.0001,-0.0005,641.81,1585.63,1389.78,554.63,47.18,522.33,8.3643,23.4647,0
11,3,-0.0014,-0.0005,642.05,1587.83,1392.21,554.48,47.46,522.31,8.3758,23.3271,0
11,4,-0.0002,0.0002,642.19,1577.4,1394.48,554.07,47.26,521.69,8.3784,23.4017,0
11,5,-0.0008,0.0002,642.32,1578.17,1398.36,554.73,47.15,522.56,8.4056,23.3377,0
11,6,0.0016,0.0002,641.88,1587.32,1398.81,554.49,47.11,522.6,8.396,23.4387,0
11,7,0.0007,-0.0001,642.43,1586.23,1400.55,553.98,47.12,522.38,8.3946,23.4719,0
11,8,-0.0015,-0.0003,642.21,1586.81,1400.84,554.46,47.02,522.67,8.4047,23.422,0
11,9,0.0004,-0.0004,641.85,1587.66,1400.39,554.83,47.29,522.49,8.3542,23.4871,0
11,10,0.0016,-0.0003,641.71,1580.18,1399.96,554.29,47.21,521.98,8.3836,23.3689,0
11,11,-0.002,0.0004,642.69,1589.05,1403.4,553.97,47.17,522.38,8.4111,23.4216,0
11,12,0.0001,0.0003,642.24,1581.53,1398.4,554.93,47.14,521.77,8.4222,23.4267,0
11,13,-0.0001,-0.0001,642.53,1582.63,1400.43,554.63,47.27,522.1,8.3639,23.4336,0
11,14,0.0001,0.0001,642.27,1589.27,1391.25,554.02,47.22,522.44,8.3427,23.3445,0
11,15,-0.0003,-0.0001,642.61,1582.4,1406.64,554.31,47.28,522.36,8.3758,23.2728,0
11,16,0.003,-0.0,642.51,1591.74,1400.99,554.38,47.23,521.95,8.4237,23.4991,0
11,17,-0.0003,-0.0003,641.61,1586.2,1397.7,554.39,47.26,522.45,8.4331,23.3643,0
11,18,0.0012,-0.0005,641.92,1587.52,1394.4,554.03,47.28,522.14,8.392,23.4803,0
11,19,0.0019,0.0001,642.79,1582.29,1395.37,554.79,47.17,522.76,8.3984,23.4238,0
11,20,-0.0023,0.0002,642.35,1593.36,1398.75,554.19,47.21,522.13,8.3675,23.3962,0
11,21,-0.0005,0.0002,642.44,1583.42,1391.13,554.51,47.21,522.54,8.3857,23.4342,0
11,22,0.0011,0.0001,642.08,1581.85,1402.4,553.57,47.28,522.71,8.3772,23.4564,0
11,23,0.0021,-0.0003,642.25,1580.18,1399.86,554.03,47.24,522.05,8.4163,23.3861,0
11,24,0.0005,0.0002,642.15,1583.63,1400.31,554.11,47.15,522.1,8.4124,23.4246,0
11,25,0.0014,-0.0004,641.73,1580.23,1403.54,555.36,47.3,522.64,8.391,23.272,0
11,26,-0.0026,0.0003,642.09,1579.34,1396.14,554.32,47.29,522.42,8.3937,23.2838,0
11,27,0.0023,-0.0003,642.13,1588.96,1400.06,554.01,47.3,522.09,8.4127,23.4566,0
11,28,0.0015,-0.0002,642.22,1576.29,1402.92,555.28,47.34,522.32,8.4136,23.4501,0
11,29,0.0009,-0.0001,642.1,1582.76,1397.34,555.31,47.24,522.47,8.3926,23.4664,0
11,30,0.0004,-0.0003,642.01,1582.15,1400.58,553.93,47.33,522.85,8.4034,23.5179,0
11,31,0.0013,0.0004,642.22,1591.95,1390.69,553.69,47.22,522.2,8.4041,23.4137,0
11,32,-0.0001,-0.0004,641.69,1580.75,1401.48,554.41,47.34,522.05,8.4134,23.3978,0
11,33,-0.0032,0.0003,641.98,1584.74,1394.85,554.38,47.21,522.54,8.4162,23.4365,0
11,34,0.0004,-0.0001,642.91,1588.67,1396.78,554.29,47.2,522.66,8.3959,23.4385,0
11,35,-0.0003,-0.0005,642.19,1587.71,1402.56,554.35,47.15,522.64,8.4455,23.44,0
11,36,0.0001,-0.0005,641.99,1586.4,1397.55,553.86,47.24,521.79,8.388,23.3295,0
11,37,-0.0006,0.0001,642.18,1582.02,1392.64,554.52,47.16,522.52,8.4105,23.3884,0
11,38,-0.0019,0.0004,642.18,1584.35,1395.71,553.9,47.11,522.54,8.3874,23.4518,0
11,39,0.0024,-0.0,642.73,1581.9,1398.09,554.9,47.18,522.18,8.4254,23.4269,0
11,40,0.0022,-0.0001,642.26,1584.31,1400.42,554.78,47.39,522.45,8.4039,23.4185,0
11,41,0.0012,0.0002,641.62,1584.46,1397.41,554.26,47.28,522.26,8.3796,23.4146,0
11,42,0.0026,0.0001,641.41,1588.62,1400.52,553.96,47.24,521.81,8.4085,23.3637,0
11,43,-0.0003,-0.0005,642.38,1582.06,1399.23,553.95,47.18,522.15,8.3586,23.4501,0
11,44,-0.0037,-0.0,642.22,1581.61,1405.46,554.34,47.17,522.52,8.4236,23.4477,0
11,45,0.0011,0.0002,642.13,1576.17,1391.03,554.41,47.1,522.29,8.395,23.4272,0
11,46,0.0011,-0.0003,641.7,1581.5,1398.47,554.16,47.17,522.26,8.4173,23.5197,0
11,47,-0.0018,-0.0003,642.39,1587.17,1397.92,554.21,47.19,522.34,8.4126,23.3655,0
11,48,-0.0031,0.0,642.43,1589.74,1400.98,554.35,47.32,521.97,8.3858,23.426,0
11,49,-0.0016,-0.0002,641.96,1575.0,1399.38,554.37,47.27,522.86,8.4135,23.477,0
11,50,0.0022,-0.0004,642.27,1571.84,1403.6,553.75,47.2,521.92,8.4526,23.4715,0
11,51,0.0014,-0.0004,642.34,1584.54,1398.17,554.69,47.25,522.38,8.422,23.3789,0
11,52,-0.0012,0.0004,642.46,1583.06,1403.83,555.18,47.17,522.66,8.3852,23.4803,0
11,53,0.0005,0.0002,642.49,1583.43,1392.95,555.13,47.2,522.59,8.4087,23.3581,0
11,54,-0.0006,-0.0005,642.36,1589.87,1394.84,554.59,47.23,522.0,8.4052,23.4614,0
11,55,-0.0031,0.0004,642.11,1587.89,1391.51,554.04,47.24,521.96,8.4011,23.4166,0
11,56,-0.0049,-0.0005,642.7,1584.42,1400.18,554.38,47.27,521.92,8.3797,23.3369,0
11,57,-0.0029,-0.0004,642.08,1584.82,1402.39,554.6,47.31,522.42,8.3852,23.5788,0
11,58,0.0029,-0.0002,641.79,1581.77,1405.3,554.61,47.36,522.19,8.3997,23.301,0
11,59,-0.0038,-0.0003,642.45,1585.68,1405.2,555.21,47.17,522.11,8.4084,23.3353,0
11,60,-0.0029,0.0004,642.11,1585.22,1398.27,554.13,47.36,522.27,8.3992,23.2988,0
11,61,-0.0018,0.0004,642.06,1595.45,1399.97,553.83,47.09,522.31,8.4256,23.5049,0
11,62,0.0017,-0.0004,642.0,1586.58,1398.58,555.3,47.17,522.26,8.4093,23.35,0
11,63,0.0025,0.0003,641.98,1585.86,1393.16,554.07,47.31,522.02,8.3898,23.4401,0
11,64,0.0002,-0.0003,641.97,1584.22,1398.68,555.04,47.37,522.12,8.3873,23.2613,0
11,65,-0.0008,0.0004,642.43,1588.24,1398.46,554.11,47.31,522.41,8.3914,23.3453,0
11,66,0.0031,0.0002,642.72,1588.41,1397.4,554.47,47.19,522.14,8.3816,23.4133,0
11,67,-0.0001,0.0002,642.3,1585.26,1394.41,555.33,47.4,522.62,8.3935,23.3399,0
11,68,0.0003,0.0,642.23,1583.28,1403.57,554.36,47.24,522.27,8.4065,23.3509,0
11,69,0.0017,0.0001,642.24,1586.27,1400.55,554.23,47.28,522.23,8.4009,23.461,0
11,70,-0.0006,-0.0004,642.34,1580.13,1401.56,554.11,47.26,522.12,8.4101,23.3699,0
11,71,-0.001,0.0001,642.57,1586.2,1394.86,554.99,47.4,521.88,8.4211,23.4454,0
11,72,-0.0039,-0.0002,642.32,1591.12,1400.38,553.96,47.17,522.0,8.4049,23.3863,0
11,73,-0.0036,0.0,642.07,1584.11,1397.97,553.95,47.19,522.95,8.3978,23.3674,0
11,74,-0.0004,-0.0002,642.27,1585.03,1395.96,554.51,47.44,521.86,8.412,23.5082,0
11,75,-0.0013,-0.0004,641.95,1580.27,1391.07,554.31,47.3,522.08,8.4128,23.3972,0
11,76,0.0018,-0.0001,642.07,1584.39,1403.1,553.78,47.25,521.79,8.4069,23.3912,0
11,77,0.0008,-0.0004,642.42,1589.24,1399.83,554.46,47.19,522.21,8.3871,23.37,0
11,78,-0.0008,0.0002,642.0,1588.75,1396.85,553.93,47.32,522.56,8.3964,23.3964,0
11,79,-0.0011,0.0004,642.36,1582.83,1396.23,553.95,47.14,521.93,8.425,23.3147,0
11,80,0.0007,0.0002,641.96,1590.13,1403.0,554.07,47.21,522.02,8.4361,23.493,0
11,81,0.0002,-0.0001,642.54,1583.78,1401.14,554.8,47.09,522.27,8.4064,23.3403,0
11,82,-0.0016,-0.0003,642.37,1590.35,1394.27,554.19,47.07,522.42,8.4129,23.3266,0
11,83,0.0026,-0.0,642.49,1590.06,1402.02,554.42,47.33,521.66,8.42,23.4632,0
11,84,-0.0007,-0.0001,641.99,1590.02,1396.88,554.16,47.23,521.84,8.4424,23.2796,0
11,85,0.0011,-0.0001,642.63,1586.68,1396.96,554.29,47.24,522.44,8.3929,23.3431,0
11,86,-0.0025,0.0004,642.62,1583.63,1402.28,553.96,47.36,522.43,8.3961,23.4414,0
11,87,0.0028,-0.0004,642.3,1579.51,1393.42,554.91,47.25,522.52,8.4316,23.3275,0
11,88,-0.0051,-0.0002,642.14,1589.38,1402.89,553.66,47.35,522.25,8.4,23.3643,0
11,89,-0.0009,-0.0001,642.28,1585.72,1402.26,554.28,47.23,522.04,8.418,23.4642,0
11,90,-0.0027,0.0003,642.14,1591.91,1399.76,554.37,47.06,522.02,8.4055,23.3496,0
11,91,-0.0022,-0.0,642.6,1591.09,1402.13,554.54,47.22,522.21,8.4081,23.3725,0
11,92,-0.0009,0.0003,642.64,1586.27,1397.51,554.5,47.16,522.14,8.428,23.519,0
11,93,-0.0009,0.0003,641.9,1591.55,1403.52,553.87,47.47,521.95,8.4103,23.3372,0
11,94,-0.0017,-0.0004,642.3,1588.6,1407.02,553.96,47.29,522.83,8.4094,23.4122,0
11,95,-0.0035,0.0002,642.67,1587.52,1395.26,554.63,47.27,522.46,8.432,23.4589,0
11,96,-0.0023,-0.0002,642.02,1581.98,1395.03,553.94,47.34,521.93,8.4086,23.4472,0
11,97,0.0022,0.0005,641.98,1588.9,1406.27,553.79,47.14,522.42,8.4119,23.3906,0
11,98,0.0041,-0.0001,642.31,1584.87,1397.71,553.83,47.27,522.01,8.4252,23.3365,0
11,99,0.0009,0.0001,642.13,1581.23,1394.92,554.32,47.24,521.95,8.4511,23.4178,0
11,100,0.0018,0.0,642.32,1587.87,1402.81,554.72,47.19,521.96,8.3896,23.376,0
11,101,0.0006,0.0004,642.28,1584.59,1399.46,554.61,47.27,522.4,8.4011,23.4353,0
11,102,-0.003,0.0002,642.21,1587.73,1394.53,555.04,47.36,522.0,8.4309,23.4063,0
11,103,0.0012,0.0002,642.5,1579.9,1406.52,553.79,47.27,522.05,8.4019,23.377,0
11,104,0.0016,-0.0003,642.28,1586.62,1392.54,554.16,47.4,521.67,8.3803,23.3845,0
11,105,-0.0039,-0.0003,642.49,1590.06,1401.55,553.82,47.37,522.69,8.3802,23.4192,0
11,106,0.0002,-0.0003,642.0,1590.45,1399.65,554.57,47.13,522.31,8.3985,23.4773,0
11,107,0.0016,0.0004,642.27,1580.91,1399.41,554.73,47.26,522.64,8.3783,23.3214,0
11,108,-0.0002,0.0003,642.27,1590.02,1396.72,553.26,47.37,522.37,8.4231,23.4415,0
11,109,-0.0019,0.0004,642.57,1585.26,1396.62,553.93,47.15,522.39,8.3793,23.3933,0
11,110,0.0008,-0.0001,642.18,1592.33,1399.72,554.17,47.21,521.93,8.3785,23.4207,0
11,111,-0.002,0.0001,642.17,1590.1,1391.22,554.21,47.43,522.14,8.4374,23.4053,0
11,112,0.0009,0.0001,642.63,1582.95,1391.29,554.04,47.37,522.36,8.3999,23.4675,0
11,113,0.0013,-0.0001,642.54,1584.52,1399.14,553.76,47.2,521.84,8.3729,23.3392,0
11,114,0.0008,0.0,642.22,1589.45,1401.8,554.11,47.35,521.73,8.4027,23.4464,0
11,115,0.0004,-0.0001,642.08,1577.94,1397.09,554.33,47.2,521.78,8.4318,23.3886,0
11,116,-0.0019,-0.0,642.03,1582.25,1400.27,554.89,47.47,522.13,8.4058,23.4434,0
11,117,-0.0008,-0.0005,642.29,1588.99,1399.08,553.72,47.27,521.55,8.4061,23.4561,0
11,118,-0.0047,0.0001,642.15,1582.3,1410.69,554.1,47.22,522.05,8.4245,23.2986,0
11,119,0.0023,-0.0001,642.35,1582.34,1402.35,553.79,47.49,522.06,8.4309,23.4008,0
11,120,0.0007,0.0004,641.68,1592.75,1398.02,554.43,47.35,522.05,8.4613,23.4447,0
11,121,0.001,-0.0,642.76,1582.4,1402.7,553.71,47.34,522.31,8.4059,23.316,0
11,122,0.0011,0.0001,642.83,1584.81,1405.57,553.81,47.27,521.99,8.411,23.3843,0
11,123,0.0,-0.0004,642.5,1586.47,1397.49,554.58,47.35,522.04,8.401,23.3174,0
11,124,-0.0008,0.0,642.33,1591.74,1404.35,553.94,47.2,522.32,8.4334,23.3691,0
11,125,0.0009,0.0002,642.07,1596.07,1403.9,554.18,47.5,521.42,8.4018,23.4796,0
11,126,0.0002,0.0004,641.9,1587.99,1403.67,554.4,47.31,522.5,8.4358,23.3785,0
11,127,-0.0016,-0.0,641.8,1587.67,1405.37,554.2,47.44,521.73,8.4153,23.4503,0
11,128,0.003,-0.0003,642.21,1583.75,1408.11,554.25,47.44,522.02,8.4113,23.2457,0
11,129,0.0006,0.0002,642.8,1582.18,1401.0,554.51,47.43,521.67,8.3722,23.2947,0
11,130,-0.0012,0.0005,642.17,1586.67,1399.84,553.74,47.21,521.98,8.4119,23.2464,0
11,131,-0.0002,0.0004,642.24,1588.51,1398.91,553.87,47.35,522.24,8.4148,23.4255,0
11,132,-0.0032,0.0001,642.11,1583.51,1398.47,554.27,47.3,522.17,8.4236,23.4041,0
11,133,0.001,-0.0005,642.29,1581.62,1399.55,554.49,47.39,521.41,8.4271,23.3433,0
11,134,-0.0027,0.0001,642.46,1579.85,1411.41,553.13,47.25,521.79,8.3899,23.4338,0
11,135,-0.0015,0.0001,642.63,1589.76,1403.08,554.57,47.36,521.77,8.4094,23.2903,0
11,136,-0.0005,0.0003,642.03,1585.65,1399.82,554.85,47.36,521.57,8.4335,23.5463,0
11,137,0.0001,-0.0004,641.71,1584.31,1403.68,553.76,47.27,521.84,8.4173,23.2449,0
11,138,0.0023,-0.0005,642.78,1578.23,1404.53,555.17,47.36,521.85,8.4331,23.375,0
11,139,0.0014,0.0004,641.96,1583.02,1405.9,554.16,47.42,521.91,8.428,23.1994,0
11,140,0.0022,-0.0001,642.52,1588.37,1401.7,554.5,47.26,521.56,8.4184,23.3892,0
11,141,0.0006,0.0004,642.05,1587.16,1402.05,553.79,47.45,521.74,8.4207,23.3066,0
11,142,0.0004,0.0,642.96,1583.17,1406.78,554.77,47.35,522.57,8.4112,23.4088,0
11,143,-0.0034,0.0002,642.21,1589.4,1399.7,554.32,47.44,521.55,8.458,23.3783,0
11,144,-0.0035,-0.0005,642.61,1584.22,1401.62,554.28,47.38,522.12,8.454,23.3179,0
11,145,-0.0024,0.0003,642.48,1587.0,1409.25,554.24,47.46,521.02,8.4027,23.3262,0
11,146,-0.0039,-0.0003,642.13,1587.19,1403.74,553.85,47.33,521.96,8.4312,23.2712,0
11,147,0.0036,0.0003,642.56,1585.41,1407.81,553.39,47.57,521.91,8.4047,23.3068,0
11,148,-0.0038,-0.0005,642.62,1593.51,1410.15,553.41,47.47,521.97,8.4286,23.3528,0
11,149,-0.0023,0.0004,642.98,1592.98,1411.83,553.58,47.47,521.56,8.4166,23.3379,0
11,150,-0.0018,0.0003,642.06,1584.02,1402.72,553.68,47.26,521.89,8.4277,23.3631,0
11,151,-0.0018,-0.0001,642.89,1589.2,1405.47,554.09,47.19,521.94,8.4166,23.3398,0
11,152,0.0019,0.0001,642.53,1591.83,1401.33,553.49,47.37,522.04,8.4052,23.3459,0
11,153,0.0003,0.0004,642.46,1592.3,1405.94,552.73,47.32,522.09,8.4272,23.2887,0
11,154,0.0007,-0.0001,642.83,1589.3,1400.91,553.53,47.45,521.98,8.4356,23.3234,0
11,155,-0.0018,0.0002,642.23,1587.73,1403.41,553.58,47.5,522.05,8.4097,23.2446,0
11,156,-0.0023,0.0,642.29,1583.59,1402.44,553.9,47.37,522.0,8.4318,23.3631,0
11,157,-0.0014,0.0002,642.61,1590.78,1402.6,554.37,47.44,522.26,8.4206,23.3007,0
11,158,0.0005,-0.0004,642.47,1590.39,1400.72,553.43,47.36,521.57,8.4512,23.314,0
11,159,-0.0037,-0.0003,642.04,1593.59,1412.72,553.48,47.25,521.82,8.4349,23.4165,0
11,160,-0.0022,0.0002,642.82,1587.98,1405.19,553.19,47.48,521.78,8.4609,23.3837,0
11,161,-0.0017,-0.0003,642.28,1585.28,1401.88,554.01,47.4,521.46,8.4165,23.3048,0
11,162,-0.0037,-0.0002,642.42,1593.8,1402.67,553.76,47.4,521.2,8.4137,23.3716,0
11,163,-0.0022,-0.0004,641.95,1590.62,1398.22,553.91,47.51,521.97,8.4407,23.3253,0
11,164,-0.0014,-0.0003,642.71,1590.29,1400.01,553.76,47.3,521.8,8.4468,23.289,0
11,165,-0.0017,0.0002,642.55,1596.82,1411.62,553.6,47.45,521.63,8.4446,23.3122,0
11,166,0.0022,-0.0005,642.68,1587.0,1402.71,553.54,47.56,521.73,8.4301,23.404,0
11,167,-0.0005,-0.0003,642.3,1592.45,1406.61,553.65,47.55,521.1,8.4285,23.3611,0
11,168,-0.0008,-0.0,643.18,1581.81,1405.65,553.72,47.59,521.45,8.4594,23.29,0
11,169,0.0006,-0.0003,642.46,1580.78,1408.07,553.3,47.47,521.53,8.4293,23.2977,0
11,170,-0.0059,-0.0,641.97,1588.75,1399.02,553.3,47.47,521.77,8.4334,23.321,0
11,171,-0.0024,0.0003,643.01,1590.91,1412.85,553.31,47.33,521.76,8.4531,23.2692,0
11,172,-0.0029,0.0003,642.45,1586.91,1401.46,554.11,47.56,521.67,8.4425,23.4505,0
11,173,0.0029,-0.0004,642.22,1591.75,1404.02,554.15,47.55,521.61,8.4108,23.3108,0
11,174,-0.0007,-0.0004,642.52,1592.14,1411.04,554.27,47.49,521.41,8.4672,23.3877,0
11,175,-0.0013,-0.0004,642.9,1587.68,1403.34,553.55,47.42,521.66,8.4273,23.241,0
11,176,-0.0004,-0.0005,642.37,1590.8,1411.16,553.45,47.13,521.53,8.453,23.4046,0
11,177,-0.0011,0.0002,642.82,1589.03,1404.25,553.34,47.57,521.82,8.4445,23.2483,0
11,178,-0.0011,0.0004,642.77,1595.91,1405.88,553.62,47.54,521.69,8.4307,23.3742,0
11,179,-0.0001,0.0002,642.85,1590.33,1412.68,553.48,47.62,521.09,8.4718,23.3466,0
11,180,0.001,-0.0,642.91,1587.71,1407.66,553.23,47.53,521.72,8.4323,23.2629,0
11,181,-0.0032,-0.0002,642.57,1590.02,1406.71,553.59,47.61,521.66,8.4414,23.2518,0
11,182,0.0024,-0.0003,642.59,1588.41,1402.03,553.27,47.67,521.48,8.424,23.2896,0
11,183,-0.0019,-0.0001,642.78,1587.06,1404.72,553.33,47.35,521.29,8.444,23.2455,0
11,184,0.0022,-0.0001,642.91,1595.5,1419.01,552.96,47.79,521.75,8.4274,23.3222,0
11,185,0.0016,0.0001,642.85,1587.53,1414.52,553.26,47.48,521.41,8.4508,23.2396,0
11,186,-0.0021,-0.0001,642.6,1589.21,1409.5,553.2,47.47,521.49,8.4316,23.204,0
11,187,-0.0029,-0.0002,642.32,1587.31,1417.17,552.85,47.53,521.71,8.4573,23.3545,0
11,188,0.0006,0.0001,643.19,1602.38,1412.07,553.98,47.52,521.42,8.4663,23.3734,0
11,189,0.0008,0.0,642.45,1596.93,1404.31,552.94,47.48,521.06,8.4781,23.3143,0
11,190,0.0017,0.0002,642.74,1599.98,1404.18,553.33,47.64,521.69,8.4567,23.2675,0
11,191,0.0009,0.0002,642.44,1590.57,1414.78,552.77,47.45,521.31,8.4506,23.3386,0
11,192,-0.0055,0.0004,642.25,1587.95,1415.89,553.41,47.53,521.39,8.4462,23.174,0
11,193,-0.0009,0.0003,642.62,1594.23,1414.9,553.67,47.6,521.41,8.4269,23.3255,0
11,194,0.0002,0.0,643.09,1591.38,1417.31,553.98,47.73,521.94,8.4835,23.3257,0
11,195,-0.0025,0.0001,643.38,1591.11,1416.86,552.92,47.73,520.91,8.5017,23.2551,0
11,196,0.0033,0.0004,643.24,1593.96,1416.39,552.86,47.84,521.32,8.451,23.2212,0
11,197,-0.0014,-0.0001,642.82,1596.08,1407.81,553.82,47.65,521.07,8.4764,23.217,0
11,198,-0.0031,-0.0001,643.22,1597.7,1412.42,553.2,47.72,521.35,8.4667,23.269,0
11,199,0.0023,-0.0,642.75,1594.39,1407.33,552.85,47.77,521.56,8.4817,23.1649,0
11,200,0.0002,0.0002,642.82,1593.09,1419.89,552.74,47.61,521.21,8.4804,23.276,0
11,201,-0.0035,-0.0005,642.74,1594.0,1409.84,552.99,47.67,521.59,8.4573,23.2324,0
11,202,-0.0024,-0.0001,642.82,1595.43,1416.12,553.2,47.66,520.75,8.4582,23.2307,0
11,203,0.0028,-0.0,643.27,1594.42,1415.68,553.71,47.59,521.49,8.4766,23.265,0
11,204,-0.0021,-0.0004,643.01,1600.78,1413.66,552.63,47.57,521.15,8.48,23.1804,0
11,205,-0.0008,0.0003,643.32,1599.68,1407.48,553.86,47.75,520.82,8.4622,23.2295,0
11,206,-0.0008,0.0003,643.06,1592.38,1416.59,552.31,47.57,520.64,8.4492,23.2278,0
11,207,0.0005,-0.0003,642.53,1592.09,1408.91,552.98,47.67,520.7,8.4714,23.1952,0
11,208,0.0016,0.0002,643.42,1597.0,1410.5,553.11,47.71,521.36,8.4832,23.2749,0
11,209,-0.0022,0.0004,642.79,1592.08,1418.53,553.15,47.89,521.57,8.4461,23.1302,0
11,210,-0.0015,-0.0002,644.09,1595.84,1417.71,552.87,47.78,520.93,8.4693,23.1738,1
11,211,-0.002,0.0001,642.86,1589.33,1411.15,553.23,47.76,521.2,8.4749,23.2501,1
11,212,0.0017,0.0004,643.31,1601.93,1416.11,552.67,47.81,521.36,8.4743,23.194,1
11,213,0.0023,0.0002,642.97,1600.91,1417.44,552.92,47.82,520.43,8.4793,23.1144,1
11,214,0.0011,0.0002,643.24,1598.2,1408.39,553.09,47.92,520.81,8.4818,23.1432,1
11,215,-0.0012,0.0003,643.24,1592.43,1421.25,552.73,47.74,520.96,8.4508,23.2806,1
11,216,-0.0028,0.0001,643.1,1595.6,1419.4,552.01,47.67,520.79,8.4468,23.1628,1
11,217,0.0022,-0.0005,642.94,1595.48,1413.99,552.64,47.77,520.61,8.468,23.2706,1
11,218,-0.0027,-0.0004,643.43,1605.0,1415.34,552.37,47.86,521.1,8.4751,23.2289,1
11,219,0.0013,-0.0001,642.91,1603.37,1419.38,552.42,47.88,520.43,8.4657,23.0955,1
11,220,0.0028,0.0004,643.18,1599.36,1418.16,552.28,47.92,520.7,8.4637,23.1006,1
11,221,-0.0002,-0.0003,643.39,1596.2,1422.01,552.64,47.83,520.77,8.4479,23.2252,1
11,222,0.0007,0.0002,643.38,1596.23,1419.71,552.58,47.89,521.03,8.489,23.1194,1
11,223,0.0012,0.0001,643.27,1594.78,1413.78,552.45,47.87,520.82,8.4933,23.1471,1
11,224,0.0016,0.0004,643.19,1598.12,1424.28,552.62,47.81,521.26,8.4721,23.2245,1
11,225,0.0006,-0.0004,643.28,1604.2,1415.65,552.75,48.0,520.17,8.4877,23.13,1
11,226,-0.0003,-0.0001,643.26,1601.06,1418.47,552.49,47.97,520.04,8.5266,23.1209,1
11,227,0.0011,-0.0004,643.04,1605.96,1431.26,551.89,48.0,520.36,8.4435,23.2125,1
11,228,0.0006,-0.0001,643.24,1605.75,1418.52,551.13,48.0,520.81,8.4726,23.1412,1
11,229,0.0002,0.0004,643.57,1594.52,1418.75,552.74,47.97,520.54,8.4909,23.1104,1
11,230,-0.001,-0.0004,643.45,1600.48,1421.19,551.46,48.11,520.58,8.4853,23.0951,1
11,231,-0.0006,0.0004,643.77,1605.96,1416.66,552.66,47.99,521.13,8.5039,23.0519,1
11,232,0.0006,-0.0002,643.57,1608.8,1415.05,552.5,48.06,520.3,8.5408,23.0727,1
11,233,0.0002,-0.0002,643.4,1605.43,1423.14,552.56,47.84,520.75,8.4921,23.2003,1
11,234,0.0016,-0.0,643.65,1592.79,1420.0,551.69,47.94,520.86,8.5148,23.0208,1
11,235,0.0065,0.0003,643.22,1597.07,1426.16,552.6,48.01,520.66,8.5183,23.0664,1
11,236,0.0009,0.0004,643.6,1609.02,1420.43,551.82,48.03,519.95,8.5166,23.1657,1
11,237,0.0004,-0.0003,643.5,1601.64,1429.22,552.54,48.16,520.39,8.5383,23.1025,1
11,238,-0.003,0.0002,643.27,1607.24,1426.44,550.55,48.04,520.18,8.5121,23.1283,1
11,239,-0.0001,-0.0004,643.68,1608.34,1424.85,552.0,48.24,520.07,8.4947,23.0304,1
11,240,0.0002,0.0001,643.52,1598.71,1432.38,552.03,48.19,519.94,8.5135,23.0558,1
12,1,0.0017,0.0003,642.39,1586.1,1402.11,554.1,47.54,520.94,8.4214,23.2348,0
12,2,-0.0004,0.0004,642.43,1592.56,1406.54,553.17,47.5,521.81,8.4005,23.3202,0
12,3,-0.0005,-0.0,642.35,1587.14,1403.33,553.6,47.44,521.48,8.4089,23.2922,0
12,4,-0.002,0.0004,642.5,1594.4,1409.25,552.67,47.54,521.43,8.438,23.4524,0
12,5,0.0064,-0.0002,642.81,1584.77,1410.35,553.07,47.68,521.47,8.4478,23.3366,0
12,6,0.0018,-0.0002,642.64,1586.47,1409.04,553.98,47.56,521.61,8.43,23.2776,0
12,7,0.0005,-0.0003,642.54,1585.61,1411.32,553.46,47.62,521.57,8.4406,23.1772,0
12,8,-0.003,0.0002,642.37,1590.47,1410.7,553.08,47.42,521.67,8.4247,23.3676,0
12,9,0.001,-0.0001,641.95,1585.75,1399.4,553.66,47.34,521.28,8.4223,23.3485,0
12,10,-0.0007,-0.0003,642.37,1592.2,1402.29,553.36,47.6,521.14,8.4531,23.2907,0
12,11,-0.001,0.0003,642.47,1592.71,1412.44,554.14,47.69,520.8,8.4125,23.4365,0
12,12,-0.0026,-0.0001,643.0,1581.29,1407.38,553.55,47.57,521.06,8.4162,23.3298,0
12,13,-0.0018,0.0003,643.31,1592.33,1405.14,553.8,47.49,521.54,8.4265,23.2345,0
12,14,-0.0014,-0.0004,642.94,1589.91,1408.12,553.06,47.35,521.11,8.4531,23.3559,0
12,15,0.0013,-0.0001,642.22,1592.95,1404.86,554.61,47.59,521.63,8.4178,23.1797,0
12,16,-0.0021,0.0002,642.41,1585.13,1403.71,553.97,47.58,521.41,8.4331,23.3922,0
12,17,-0.0008,-0.0004,642.62,1590.64,1409.69,553.95,47.49,521.49,8.4058,23.3341,0
12,18,-0.0049,-0.0002,642.27,1588.16,1412.6,553.81,47.52,521.2,8.4239,23.327,0
12,19,0.0007,0.0005,642.68,1596.79,1408.97,553.24,47.55,521.24,8.4224,23.2769,0
12,20,0.0002,-0.0001,642.89,1586.86,1407.65,553.67,47.43,521.67,8.4372,23.2657,0
12,21,0.0016,-0.0004,642.86,1594.72,1404.49,553.76,47.55,521.72,8.4298,23.3372,0
12,22,0.0006,-0.0003,642.81,1588.36,1409.01,554.01,47.54,521.84,8.4275,23.253,0
12,23,0.0012,-0.0003,642.64,1593.21,1403.92,553.35,47.17,521.56,8.4223,23.2086,0
12,24,0.0016,0.0003,642.74,1588.51,1407.22,553.65,47.48,521.38,8.4551,23.3228,0
12,25,-0.0017,0.0005,642.37,1589.24,1409.74,553.19,47.31,521.55,8.4276,23.2553,0
12,26,0.0001,0.0002,642.76,1581.49,1410.57,553.19,47.59,521.54,8.4273,23.3767,0
12,27,0.0004,0.0005,642.41,1582.28,1410.61,553.87,47.51,521.32,8.449,23.3578,0
12,28,-0.0007,0.0005,642.12,1590.92,1409.23,554.27,47.58,521.61,8.4467,23.283,0
12,29,0.0034,-0.0,642.79,1583.54,1409.43,553.21,47.6,521.29,8.4204,23.2957,0
12,30,-0.0016,-0.0003,642.86,1594.49,1400.58,553.52,47.4,521.62,8.4577,23.2759,0
12,31,-0.0004,-0.0001,642.62,1585.54,1404.71,553.64,47.59,521.44,8.4193,23.2314,0
12,32,0.0015,-0.0001,642.79,1596.75,1408.2,552.8,47.52,521.3,8.4478,23.1458,0
12,33,-0.0009,-0.0,642.41,1589.35,1406.3,553.1,47.51,521.33,8.4577,23.3029,0
12,34,0.0015,-0.0004,642.57,1591.88,1409.24,553.1,47.64,521.64,8.4652,23.3334,0
12,35,0.0021,0.0,642.79,1588.11,1407.2,553.78,47.46,521.68,8.4219,23.2092,0
12,36,0.003,-0.0004,642.91,1592.47,1400.78,553.33,47.49,521.59,8.4437,23.1813,0
12,37,0.0013,0.0003,642.41,1592.1,1410.24,553.22,47.62,521.66,8.461,23.2468,0
12,38,-0.0001,0.0005,642.73,1595.43,1405.1,553.41,47.45,521.18,8.4427,23.3641,0
12,39,-0.0002,0.0001,642.3,1590.38,1412.85,552.59,47.39,521.82,8.4596,23.3236,0
12,40,-0.0014,-0.0001,642.16,1587.52,1411.14,553.14,47.63,521.37,8.4713,23.3179,0
12,41,-0.0016,0.0004,642.17,1588.32,1412.07,553.12,47.52,521.75,8.4289,23.2325,0
12,42,-0.0042,0.0005,642.97,1594.0,1407.56,553.09,47.33,521.09,8.4573,23.2672,0
12,43,-0.0009,-0.0001,642.35,1590.12,1412.04,553.17,47.5,521.67,8.4322,23.2876,0
12,44,-0.0031,-0.0,642.5,1591.36,1405.39,552.98,47.36,521.47,8.4792,23.2084,0
12,45,-0.0018,0.0001,642.76,1598.73,1409.85,553.38,47.64,521.07,8.4452,23.2244,0
12,46,-0.0003,-0.0003,642.39,1595.76,1407.58,553.34,47.52,521.51,8.4562,23.2746,0
12,47,0.001,-0.0004,642.27,1588.92,1406.25,553.29,47.4,521.62,8.4674,23.2926,0
12,48,0.0001,-0.0,642.47,1588.91,1412.42,553.53,47.59,522.13,8.4539,23.3173,0
12,49,0.0013,0.0003,642.84,1587.07,1400.39,553.4,47.51,521.8,8.453,23.3632,0
12,50,0.0009,0.0004,642.19,1591.98,1409.02,554.09,47.45,521.52,8.4323,23.3382,0
12,51,-0.0025,0.0004,643.1,1587.83,1413.22,553.77,47.49,521.4,8.4547,23.3548,0
12,52,0.0014,-0.0,642.6,1583.57,1408.59,553.85,47.36,521.26,8.4275,23.3101,0
12,53,0.0019,-0.0004,642.66,1592.1,1404.21,552.16,47.55,521.59,8.4391,23.2922,0
12,54,0.0063,-0.0,642.59,1588.31,1411.94,554.08,47.49,521.4,8.446,23.4037,0
12,55,-0.0005,0.0002,642.8,1594.84,1414.35,553.39,47.8,521.48,8.4466,23.3149,0
12,56,-0.0001,0.0004,642.47,1588.91,1408.46,552.87,47.55,521.49,8.4174,23.3335,0
12,57,0.0027,0.0001,643.42,1596.13,1407.61,553.22,47.59,520.99,8.4594,23.2622,0
12,58,0.0011,0.0005,642.18,1592.85,1406.46,553.62,47.6,521.79,8.4689,23.2417,0
12,59,-0.0032,0.0003,643.05,1595.21,1402.56,552.63,47.45,521.31,8.4334,23.3714,0
12,60,-0.0017,-0.0004,642.25,1596.61,1413.02,553.21,47.72,521.49,8.4115,23.3122,0
12,61,-0.0017,-0.0004,642.85,1589.81,1406.41,552.96,47.65,520.76,8.4192,23.3281,0
12,62,-0.004,-0.0003,642.21,1590.03,1409.63,552.86,47.57,521.38,8.4393,23.3127,0
12,63,-0.001,0.0001,642.57,1592.3,1409.09,553.21,47.54,521.54,8.4358,23.312,0
12,64,0.0025,-0.0001,642.72,1592.81,1411.9,553.6,47.42,521.79,8.4087,23.3106,0
12,65,0.0023,-0.0002,642.97,1596.75,1414.56,553.78,47.59,521.9,8.4337,23.2463,0
12,66,-0.0021,-0.0,642.61,1589.21,1406.22,553.39,47.64,521.41,8.4691,23.222,0
12,67,0.0027,-0.0001,642.81,1586.58,1406.37,553.17,47.58,521.19,8.4348,23.2567,0
12,68,0.002,-0.0004,642.62,1590.13,1411.87,552.82,47.52,521.51,8.4531,23.2913,0
12,69,-0.0002,0.0002,642.78,1588.31,1420.36,553.19,47.52,520.98,8.4554,23.2297,0
12,70,0.0034,0.0001,642.93,1588.41,1406.66,553.53,47.58,521.52,8.4116,23.3584,0
12,71,0.002,0.0001,642.3,1587.35,1405.68,553.75,47.53,521.34,8.4173,23.4068,0
12,72,0.0024,-0.0002,642.41,1590.65,1414.47,553.17,47.52,520.84,8.4585,23.2232,0
12,73,0.0027,-0.0002,642.62,1591.9,1405.42,553.24,47.66,522.18,8.4597,23.328,0
12,74,-0.0021,0.0,642.62,1584.62,1406.39,553.31,47.79,521.47,8.4208,23.3163,0
12,75,-0.0005,-0.0002,642.64,1588.03,1406.82,553.07,47.66,520.75,8.4235,23.2164,0
12,76,0.0024,0.0002,642.56,1588.67,1405.95,553.32,47.69,521.27,8.4552,23.2364,0
12,77,0.0007,-0.0003,643.27,1591.27,1406.28,554.03,47.41,521.33,8.4669,23.2573,0
12,78,-0.0005,0.0001,643.25,1591.94,1413.68,553.33,47.65,521.46,8.4515,23.3066,0
12,79,0.0012,-0.0002,642.64,1590.61,1408.29,552.69,47.47,520.79,8.4181,23.2958,0
12,80,0.0012,0.0004,643.14,1586.51,1415.59,553.56,47.39,521.12,8.4599,23.3178,0
12,81,-0.002,0.0003,643.02,1584.68,1412.22,553.27,47.66,521.53,8.4732,23.284,0
12,82,0.0053,0.0005,643.25,1589.34,1404.4,553.66,47.47,520.85,8.449,23.3187,0
12,83,-0.0018,0.0001,642.02,1594.89,1408.9,552.5,47.69,520.65,8.4449,23.2296,0
12,84,0.0016,0.0004,642.47,1594.14,1407.82,552.3,47.58,521.19,8.4478,23.1737,0
12,85,-0.0009,-0.0002,642.6,1585.73,1413.71,553.42,47.81,521.4,8.4884,23.3388,0
12,86,0.0072,0.0002,642.37,1591.1,1415.28,552.38,47.55,520.79,8.455,23.2544,0
12,87,0.0011,-0.0001,642.98,1586.54,1403.94,552.21,47.43,521.32,8.4327,23.301,0
12,88,0.0017,-0.0004,642.96,1592.5,1407.16,553.42,47.67,521.34,8.4723,23.2846,0
12,89,-0.0039,0.0005,642.46,1590.54,1414.97,552.86,47.48,520.65,8.4149,23.292,0
12,90,0.0004,0.0005,642.65,1591.09,1410.93,553.61,47.75,521.46,8.4813,23.2101,0
12,91,0.0005,-0.0002,643.09,1591.52,1412.95,553.74,47.5,521.12,8.4604,23.1479,0
12,92,0.0021,0.0001,643.14,1593.57,1405.97,552.31,47.87,520.6,8.4352,23.2152,0
12,93,0.0009,-0.0003,643.15,1587.64,1414.14,553.53,47.83,521.57,8.4402,23.2344,0
12,94,-0.0041,0.0,642.48,1596.66,1409.75,552.98,47.65,521.53,8.4628,23.2269,0
12,95,0.0006,0.0003,642.9,1590.23,1408.66,552.31,47.73,521.45,8.4852,23.2761,0
12,96,-0.0021,-0.0004,642.54,1584.94,1412.03,552.85,47.7,521.06,8.4466,23.1321,0
12,97,0.0017,0.0004,643.01,1592.11,1409.96,552.77,47.59,521.21,8.4595,23.3156,0
12,98,-0.0007,0.0,642.89,1590.63,1407.46,553.0,47.49,521.48,8.4301,23.239,0
12,99,0.0027,-0.0001,642.65,1592.47,1414.0,552.84,47.67,521.24,8.4132,23.2527,0
12,100,-0.0032,0.0005,642.93,1592.94,1409.98,553.38,47.65,521.07,8.448,23.3091,0
12,101,0.0014,0.0002,641.86,1592.94,1405.95,552.88,47.66,521.56,8.4421,23.2826,0
12,102,0.0016,-0.0003,643.08,1596.33,1416.0,553.38,47.69,520.93,8.4379,23.2423,0
12,103,0.0027,-0.0001,642.77,1597.71,1413.83,552.81,47.71,521.2,8.4985,23.2156,0
12,104,-0.002,-0.0003,642.7,1588.44,1411.71,553.52,47.73,521.05,8.4867,23.177,0
12,105,-0.0005,0.0003,642.89,1597.38,1412.6,553.2,47.68,520.6,8.4639,23.1808,0
12,106,0.0018,-0.0004,643.09,1597.25,1409.57,552.82,47.5,520.94,8.4269,23.3442,0
12,107,-0.0006,0.0001,642.94,1594.02,1417.46,553.32,47.59,520.62,8.4534,23.2876,0
12,108,0.0012,0.0001,642.91,1594.45,1408.39,552.79,47.74,521.2,8.4474,23.1949,0
12,109,-0.0015,0.0004,642.94,1595.94,1419.38,552.71,47.7,521.76,8.4799,23.2645,0
12,110,0.0013,-0.0002,642.84,1592.11,1412.7,553.39,47.7,521.69,8.4621,23.1781,0
12,111,-0.0018,-0.0003,643.07,1589.65,1411.45,553.44,47.59,520.45,8.45,23.2852,0
12,112,0.0004,0.0003,642.74,1595.7,1409.29,553.11,47.74,520.55,8.4565,23.3082,0
12,113,0.001,0.0005,642.79,1595.31,1409.84,553.07,47.69,521.06,8.4496,23.2764,0
12,114,-0.002,0.0005,642.86,1598.13,1419.34,552.76,47.5,520.59,8.4382,23.1929,0
12,115,-0.0007,-0.0001,642.75,1588.68,1416.2,553.31,47.73,520.83,8.4409,23.19,0
12,116,-0.0026,-0.0004,643.05,1594.69,1417.6,553.33,47.66,521.05,8.4426,23.242,0
12,117,-0.0002,0.0001,643.16,1592.66,1413.56,552.82,47.75,520.63,8.481,23.1807,0
12,118,0.0011,-0.0003,643.7,1585.24,1415.05,552.76,47.78,521.02,8.4605,23.2145,0
12,119,0.0025,-0.0001,643.28,1594.82,1410.41,552.8,47.81,521.3,8.4725,23.239,0
12,120,-0.002,0.0001,643.18,1587.28,1412.59,551.93,47.9,521.01,8.4773,23.3242,0
12,121,0.0013,-0.0004,642.84,1586.95,1414.21,553.05,47.55,521.15,8.4551,23.2929,0
12,122,0.0001,0.0004,643.26,1590.54,1416.51,551.64,47.73,520.38,8.478,23.1837,0
12,123,0.0006,0.0003,642.76,1593.18,1412.84,552.58,47.84,520.49,8.4807,23.2708,0
12,124,-0.0012,0.0003,643.11,1602.74,1420.25,552.98,47.59,521.09,8.4259,23.292,0
12,125,0.0,0.0005,643.59,1606.24,1414.66,552.36,47.76,520.91,8.4549,23.2558,0
12,126,-0.0004,0.0005,642.94,1591.82,1418.62,552.88,47.87,520.93,8.4351,23.2132,0
12,127,-0.0035,-0.0,643.41,1598.83,1413.99,552.62,47.88,520.21,8.4668,23.2237,0
12,128,0.0002,0.0002,642.93,1592.17,1417.31,553.26,47.87,520.14,8.4577,23.2346,0
12,129,-0.0021,0.0,643.16,1587.1,1426.19,552.39,47.97,520.76,8.4545,23.2877,0
12,130,0.0001,0.0001,642.42,1590.42,1427.28,552.5,47.8,520.5,8.4619,23.2302,0
12,131,-0.0019,0.0005,643.21,1591.13,1428.96,552.26,47.89,520.66,8.4761,23.2653,0
12,132,0.0018,0.0004,643.34,1591.07,1418.45,553.0,47.86,520.9,8.4995,23.1266,0
12,133,0.001,-0.0001,642.99,1588.98,1414.33,552.04,47.77,520.91,8.5056,23.2403,0
12,134,0.0024,-0.0,642.76,1593.3,1419.05,552.76,47.78,520.65,8.5003,23.283,0
12,135,0.0012,-0.0002,643.15,1606.69,1421.42,552.75,47.75,520.34,8.4456,23.1279,0
12,136,0.0013,0.0005,643.09,1591.89,1413.03,553.06,47.91,520.71,8.4638,23.1964,0
12,137,-0.0036,0.0002,642.65,1589.72,1419.0,552.48,47.99,520.65,8.4807,23.1929,0
12,138,0.0032,0.0003,643.39,1604.19,1417.2,552.51,47.95,520.42,8.4864,23.1407,0
12,139,0.0006,0.0002,642.87,1597.67,1427.64,552.02,47.77,520.53,8.4641,23.1714,0
12,140,0.0009,0.0002,643.04,1589.71,1418.94,553.26,47.77,520.49,8.4778,23.1876,1
12,141,0.0026,-0.0001,643.39,1592.31,1425.51,551.84,48.05,520.33,8.4676,23.3154,1
12,142,-0.002,0.0001,643.6,1596.32,1422.42,552.64,47.85,520.25,8.481,23.3021,1
12,143,0.0039,0.0003,642.82,1600.64,1421.68,552.03,47.86,520.62,8.4773,23.1289,1
12,144,-0.0019,-0.0004,643.65,1590.16,1421.96,552.17,47.78,519.94,8.4481,23.0626,1
12,145,0.0001,0.0,642.82,1601.68,1416.98,551.1,47.86,520.66,8.4908,23.0901,1
12,146,0.0,0.0005,642.99,1591.97,1422.97,552.92,47.7,520.22,8.4718,23.2257,1
12,147,0.0019,0.0001,643.06,1596.79,1419.6,551.33,47.94,520.82,8.5152,23.1366,1
12,148,-0.0036,0.0003,643.13,1602.11,1422.2,551.84,47.68,520.33,8.48,23.1506,1
12,149,-0.0013,0.0001,643.54,1595.79,1419.79,551.84,48.1,520.36,8.512,23.166,1
12,150,-0.0003,0.0005,643.34,1597.62,1426.32,552.37,47.87,520.3,8.516,23.1088,1
12,151,-0.0002,0.0004,643.61,1594.38,1418.09,552.36,47.98,519.96,8.5174,23.0561,1
12,152,0.0017,0.0003,643.03,1600.52,1422.8,551.86,48.08,519.98,8.5233,23.074,1
12,153,-0.0007,-0.0004,643.06,1593.88,1425.5,551.2,47.93,520.25,8.5024,23.2636,1
12,154,-0.0014,-0.0,643.42,1594.76,1424.54,552.03,48.12,520.61,8.4748,23.1146,1
12,155,-0.0018,-0.0003,643.75,1598.19,1426.68,552.02,48.07,519.64,8.4941,23.2194,1
12,156,0.0022,0.0004,643.3,1596.61,1420.52,552.47,47.94,519.94,8.4975,23.0739,1
12,157,-0.0019,0.0001,642.86,1597.39,1428.13,551.91,48.01,520.03,8.4718,23.203,1
12,158,-0.0026,-0.0002,643.62,1607.1,1424.96,551.95,47.95,520.28,8.4895,23.0512,1
12,159,0.0031,0.0004,643.63,1598.16,1430.89,551.85,48.1,520.13,8.4929,23.175,1
12,160,-0.0012,-0.0002,643.64,1592.61,1429.75,551.28,48.28,520.05,8.502,23.07,1
12,161,0.0008,0.0002,643.1,1595.35,1428.39,552.11,48.17,519.72,8.5164,23.1629,1
12,162,0.0009,0.0003,643.45,1602.88,1414.13,551.33,48.15,519.36,8.5142,23.0593,1
12,163,0.0008,0.0003,643.59,1593.01,1434.05,551.09,48.08,519.25,8.5654,23.1024,1
12,164,0.0006,-0.0,642.95,1598.33,1419.55,551.55,48.08,519.61,8.5203,23.0511,1
12,165,0.0034,0.0001,643.76,1597.89,1425.13,552.4,48.21,520.11,8.487,23.0516,1
12,166,0.0021,0.0002,643.91,1604.39,1427.48,551.82,48.22,519.88,8.511,23.1312,1
12,167,-0.0009,0.0003,643.78,1600.52,1426.11,551.26,48.01,519.61,8.5039,23.0371,1
12,168,0.0007,0.0002,643.59,1596.25,1429.19,551.27,48.18,519.01,8.5275,23.1209,1
12,169,0.0027,0.0005,643.34,1597.46,1429.09,551.43,48.1,519.32,8.5321,23.0444,1
12,170,0.0002,-0.0001,643.31,1601.76,1434.94,551.1,48.08,519.55,8.5213,23.0102,1
13,1,-0.001,-0.0002,641.94,1594.32,1405.5,554.14,47.46,520.87,8.4393,23.3793,0
13,2,0.0039,-0.0,642.61,1592.31,1406.78,553.08,47.5,521.45,8.4325,23.2731,0
13,3,-0.0034,-0.0001,642.23,1589.66,1410.36,553.29,47.43,521.66,8.4642,23.2775,0
13,4,-0.0013,0.0002,642.67,1593.12,1408.66,553.71,47.65,521.44,8.4115,23.3566,0
13,5,-0.0018,0.0004,642.77,1589.93,1408.31,553.21,47.56,521.32,8.3731,23.4748,0
13,6,0.001,-0.0002,642.83,1589.25,1406.72,553.29,47.58,521.7,8.4222,23.2899,0
13,7,-0.0011,0.0003,642.69,1591.14,1402.15,553.16,47.42,521.31,8.43,23.285,0
13,8,-0.0031,0.0005,642.41,1590.39,1399.39,552.75,47.58,521.46,8.4281,23.4308,0
13,9,0.0028,0.0004,642.76,1589.31,1416.61,553.56,47.54,521.28,8.4141,23.2479,0
13,10,-0.0027,-0.0004,642.31,1594.02,1410.1,552.65,47.45,521.86,8.4321,23.272,0
13,11,-0.0014,0.0003,642.81,1590.74,1403.72,553.43,47.57,522.2,8.4001,23.3338,0
13,12,-0.0027,-0.0001,641.91,1585.92,1407.15,553.28,47.55,521.58,8.4438,23.3329,0
13,13,-0.001,-0.0,643.25,1599.99,1409.62,553.27,47.43,521.66,8.4336,23.2979,0
13,14,-0.0002,0.0004,642.22,1591.18,1409.34,553.57,47.5,520.85,8.4295,23.2906,0
13,15,0.0004,-0.0003,642.79,1594.09,1406.2,552.9,47.68,522.15,8.3932,23.3631,0
13,16,0.0028,-0.0004,642.59,1595.91,1409.0,553.08,47.42,521.74,8.4156,23.3014,0
13,17,0.0029,-0.0001,643.01,1593.27,1404.03,553.22,47.37,521.73,8.4232,23.3667,0
13,18,-0.0016,0.0005,642.08,1589.14,1405.87,553.54,47.4,521.54,8.4075,23.3347,0
13,19,-0.0024,-0.0002,642.47,1584.56,1408.11,553.13,47.48,521.39,8.4485,23.3526,0
13,20,-0.0007,0.0001,642.77,1595.46,1407.4,553.28,47.51,522.05,8.4264,23.2427,0
13,21,0.0007,0.0003,642.25,1581.62,1407.08,553.16,47.62,521.26,8.4389,23.4299,0
13,22,-0.0015,0.0001,643.02,1586.2,1407.41,553.48,47.46,521.56,8.428,23.2634,0
13,23,-0.0014,-0.0004,642.6,1586.29,1405.63,553.12,47.57,522.07,8.4311,23.3116,0
13,24,-0.0002,0.0005,642.95,1587.31,1406.29,553.75,47.64,521.89,8.4215,23.2426,0
13,25,0.0025,0.0003,642.1,1594.3,1407.62,553.55,47.51,522.5,8.4366,23.3473,0
13,26,-0.001,0.0003,642.19,1586.42,1402.94,553.7,47.58,521.49,8.4346,23.3003,0
13,27,0.0006,-0.0001,643.01,1590.15,1407.03,553.15,47.47,521.32,8.4475,23.4061,0
13,28,0.0012,-0.0003,642.56,1590.55,1406.48,553.34,47.6,521.73,8.4191,23.2284,0
13,29,-0.0003,0.0002,642.89,1588.97,1408.82,553.25,47.48,521.67,8.4534,23.2946,0
13,30,-0.0032,0.0001,642.7,1588.36,1409.6,554.31,47.36,521.31,8.4743,23.3169,0
13,31,-0.0015,0.0002,642.3,1590.98,1404.89,553.89,47.44,521.85,8.4644,23.2797,0
13,32,-0.001,0.0002,642.75,1589.12,1405.37,553.72,47.44,521.54,8.4316,23.2791,0
13,33,-0.0,0.0002,642.48,1588.69,1406.37,552.64,47.49,521.57,8.4294,23.349,0
13,34,-0.0007,0.0003,642.35,1590.06,1409.85,553.9,47.5,521.78,8.4597,23.3717,0
13,35,-0.0013,-0.0004,642.61,1589.91,1401.64,553.08,47.38,521.19,8.4422,23.3348,0
13,36,-0.0034,-0.0,642.58,1586.23,1403.92,553.5,47.58,521.44,8.4509,23.383,0
13,37,-0.0041,0.0002,642.68,1582.58,1412.44,553.58,47.48,521.86,8.4326,23.1862,0
13,38,0.0001,0.0004,642.69,1593.33,1406.92,553.62,47.7,521.55,8.4576,23.2141,0
13,39,-0.0005,-0.0003,642.63,1581.24,1403.8,553.23,47.5,521.63,8.4236,23.343,0
13,40,0.0013,0.0004,641.99,1585.55,1411.86,553.69,47.41,521.68,8.4448,23.3491,0
13,41,-0.0007,0.0002,642.23,1588.43,1403.07,553.26,47.58,521.82,8.4804,23.3163,0
13,42,0.0023,-0.0004,642.86,1588.03,1407.81,553.52,47.52,521.91,8.4216,23.2903,0
13,43,-0.0017,-0.0,642.66,1590.78,1407.9,553.64,47.39,521.26,8.4378,23.3655,0
13,44,0.0024,0.0001,642.45,1590.56,1412.61,553.88,47.59,521.3,8.4059,23.3218,0
13,45,0.0016,0.0001,642.77,1588.23,1410.44,553.99,47.51,521.42,8.4185,23.3342,0
13,46,0.0041,-0.0004,642.86,1584.07,1409.85,553.12,47.58,521.3,8.418,23.305,0
13,47,-0.0019,0.0004,642.14,1594.3,1402.37,553.34,47.35,521.81,8.4108,23.3972,0
13,48,-0.0026,-0.0,642.85,1594.55,1406.57,553.8,47.57,521.28,8.4592,23.3012,0
13,49,-0.0027,-0.0004,642.91,1584.16,1409.84,553.06,47.65,521.3,8.4155,23.2812,0
13,50,-0.0013,0.0,642.89,1592.76,1409.34,553.74,47.61,521.04,8.436,23.2642,0
13,51,0.0011,-0.0003,641.96,1590.8,1405.96,553.51,47.6,521.78,8.413,23.2755,0
13,52,0.0064,-0.0004,642.56,1594.44,1411.13,553.26,47.52,521.75,8.4222,23.267,0
13,53,-0.0011,0.0004,642.62,1587.86,1405.82,553.02,47.4,522.18,8.4513,23.3445,0
13,54,0.0023,-0.0001,642.37,1590.53,1410.93,553.4,47.45,520.99,8.404,23.226,0
13,55,-0.0031,-0.0002,642.92,1594.46,1406.72,553.33,47.37,521.62,8.4436,23.3543,0
13,56,0.0002,0.0005,642.21,1592.74,1404.01,553.15,47.5,521.87,8.4322,23.3912,0
13,57,0.0008,0.0004,642.78,1594.82,1403.8,554.07,47.45,521.46,8.4077,23.2318,0
13,58,0.0023,0.0004,642.37,1594.12,1413.32,553.05,47.45,521.47,8.4612,23.3108,0
13,59,-0.0021,-0.0001,642.61,1584.02,1413.87,552.84,47.56,521.97,8.4369,23.3658,0
13,60,0.0033,0.0004,642.51,1589.07,1404.27,553.74,47.42,521.64,8.4227,23.3591,0
13,61,-0.0015,-0.0005,642.63,1585.86,1411.08,553.26,47.54,521.36,8.4149,23.293,0
13,62,0.0034,-0.0003,642.23,1596.03,1406.18,553.4,47.61,521.47,8.4358,23.2968,0
13,63,0.001,-0.0003,642.61,1582.69,1399.34,553.22,47.48,522.14,8.4244,23.2965,0
13,64,0.0022,0.0002,642.8,1592.07,1402.07,553.46,47.53,521.86,8.4536,23.2062,0
13,65,0.0019,0.0005,642.6,1594.17,1410.38,553.04,47.59,521.59,8.439,23.1712,0
13,66,0.0034,-0.0002,642.68,1586.39,1403.29,553.59,47.58,521.86,8.4566,23.2897,0
13,67,0.0008,-0.0004,642.85,1587.87,1411.71,553.67,47.62,521.59,8.477,23.3134,0
13,68,0.0002,-0.0002,643.05,1593.84,1410.46,554.39,47.46,521.06,8.4091,23.2666,0
13,69,0.0012,-0.0003,642.94,1590.66,1408.67,553.61,47.62,521.68,8.4165,23.229,0
13,70,-0.0005,0.0002,642.22,1591.39,1406.78,553.3,47.62,521.14,8.4562,23.2932,0
13,71,-0.0033,0.0002,642.73,1591.12,1414.31,554.25,47.51,521.21,8.4381,23.2452,0
13,72,0.0041,-0.0004,642.54,1591.82,1409.41,553.82,47.61,521.39,8.4537,23.3227,0
13,73,0.0002,0.0004,642.93,1589.96,1411.79,553.77,47.49,521.38,8.4445,23.2954,0
13,74,-0.0,-0.0002,642.87,1586.46,1415.71,553.38,47.37,521.54,8.4046,23.2266,0
13,75,0.0012,0.0002,642.72,1584.67,1410.41,553.18,47.58,521.23,8.4548,23.2683,0
13,76,0.0013,-0.0003,642.76,1588.78,1409.33,553.19,47.65,521.72,8.477,23.3218,0
13,77,0.0022,-0.0005,642.98,1592.44,1407.09,553.44,47.44,520.77,8.4119,23.2637,0
13,78,0.0007,-0.0003,643.34,1588.31,1407.96,553.59,47.49,520.7,8.4692,23.2975,0
13,79,-0.0002,-0.0004,642.88,1589.69,1406.53,553.71,47.56,521.63,8.4337,23.2119,0
13,80,-0.0012,-0.0002,642.75,1590.85,1412.63,553.27,47.59,521.37,8.4287,23.299,0
13,81,-0.0033,-0.0002,642.13,1588.28,1412.8,553.35,47.79,521.23,8.4056,23.2447,0
13,82,-0.0022,-0.0003,642.9,1593.79,1402.78,553.04,47.52,521.21,8.4112,23.175,0
13,83,0.0009,0.0002,642.47,1587.71,1406.15,553.21,47.66,521.02,8.4517,23.3331,0
13,84,0.0013,-0.0001,642.74,1586.75,1407.51,553.4,47.37,521.42,8.4447,23.2227,0
13,85,-0.006,0.0004,642.53,1588.86,1408.95,553.55,47.55,521.04,8.4292,23.3566,0
13,86,-0.0011,-0.0004,642.95,1597.2,1411.47,553.6,47.31,521.94,8.3863,23.3206,0
13,87,0.0007,0.0003,642.93,1590.9,1412.87,552.76,47.63,520.66,8.4561,23.3149,0
13,88,-0.001,-0.0003,643.2,1584.99,1410.14,554.31,47.53,521.32,8.4165,23.2396,0
13,89,0.0011,-0.0003,642.78,1582.6,1406.3,553.15,47.31,520.97,8.4431,23.306,0
13,90,0.0011,0.0005,643.21,1590.21,1404.97,552.96,47.58,520.82,8.4168,23.3462,0
13,91,-0.0026,0.0004,642.84,1584.29,1408.55,553.49,47.51,521.26,8.4242,23.2589,0
13,92,0.0003,-0.0004,643.05,1598.85,1414.03,552.79,47.37,521.73,8.4679,23.2359,0
13,93,-0.0013,0.0,642.79,1590.43,1418.25,553.16,47.54,521.63,8.4684,23.29,0
13,94,-0.0008,0.0001,642.95,1587.61,1410.23,553.68,47.55,521.23,8.4461,23.3104,0
13,95,-0.0002,-0.0004,642.58,1593.74,1416.13,552.6,47.77,521.46,8.4234,23.2496,0
13,96,-0.0024,0.0005,642.51,1590.91,1410.02,552.94,47.57,521.87,8.4371,23.2385,0
13,97,-0.0016,-0.0001,642.98,1588.13,1412.34,552.71,47.61,521.28,8.4172,23.3132,0
13,98,-0.0015,0.0001,642.89,1584.86,1412.78,553.42,47.68,521.57,8.4596,23.2199,0
13,99,0.0009,-0.0002,642.56,1593.29,1408.46,554.1,47.27,520.81,8.4369,23.2136,0
13,100,0.0037,-0.0003,642.78,1593.39,1412.04,553.44,47.78,521.44,8.4227,23.3333,0
13,101,0.0001,0.0002,642.98,1597.42,1414.86,553.73,47.75,520.85,8.4758,23.2955,0
13,102,0.0008,-0.0001,642.65,1591.57,1417.22,553.56,47.48,521.41,8.4534,23.3309,0
13,103,0.0013,-0.0001,643.52,1592.63,1412.81,553.34,47.69,521.18,8.4221,23.3003,0
13,104,-0.0019,-0.0002,642.36,1583.37,1407.82,552.65,47.7,521.26,8.4414,23.1497,0
13,105,-0.0013,-0.0002,642.59,1595.5,1409.09,552.72,47.57,521.32,8.4595,23.2431,0
13,106,0.0058,-0.0002,643.32,1593.4,1413.69,552.83,47.73,521.06,8.4458,23.2403,0
13,107,-0.0011,0.0005,642.95,1587.55,1413.53,552.95,47.55,520.97,8.4574,23.2927,0
13,108,0.0004,0.0001,643.21,1589.74,1415.34,553.34,47.71,520.62,8.4501,23.2752,0
13,109,0.0021,-0.0002,642.57,1593.72,1408.09,552.84,47.68,520.4,8.4502,23.2462,0
13,110,-0.0001,-0.0004,643.13,1594.1,1410.86,553.41,47.53,520.8,8.4475,23.2126,0
13,111,-0.0013,0.0005,643.28,1590.26,1414.54,553.37,47.75,521.57,8.4847,23.3012,0
13,112,-0.0011,-0.0003,642.9,1590.16,1412.15,552.3,47.78,521.29,8.4958,23.2348,0
13,113,-0.0003,-0.0001,642.92,1593.22,1414.53,553.3,47.6,521.02,8.4353,23.2802,0
13,114,0.0008,0.0,642.88,1582.94,1408.0,553.08,47.61,520.83,8.4751,23.1653,0
13,115,0.0012,-0.0001,642.78,1598.39,1418.32,552.89,47.64,520.95,8.4596,23.3051,0
13,116,0.0011,0.0004,643.39,1589.76,1414.51,552.85,47.65,521.22,8.4555,23.2549,0
13,117,-0.0005,-0.0003,643.12,1589.98,1416.63,552.69,47.77,521.21,8.4526,23.1676,0
13,118,-0.0022,0.0002,642.19,1592.49,1411.57,552.77,47.59,521.23,8.4566,23.2317,0
13,119,-0.0012,0.0002,643.25,1592.73,1409.92,552.74,47.88,521.08,8.4402,23.2929,0
13,120,0.0027,0.0,642.4,1590.66,1415.4,552.91,47.58,520.9,8.4332,23.1578,0
13,121,-0.0047,-0.0002,643.06,1594.49,1420.97,552.88,47.57,521.14,8.4502,23.2251,0
13,122,-0.0019,0.0002,643.01,1596.44,1411.48,553.19,47.76,521.21,8.433,23.2467,0
13,123,-0.0016,0.0005,643.12,1595.22,1414.96,552.75,47.57,520.87,8.5017,23.1694,0
13,124,0.0014,-0.0,642.76,1595.96,1418.67,551.91,47.85,521.44,8.4446,23.2281,0
13,125,0.0022,0.0003,643.03,1585.89,1408.57,552.9,47.71,520.78,8.4838,23.2732,0
13,126,-0.0025,-0.0,643.67,1592.31,1414.3,552.84,47.7,520.95,8.4628,23.3933,0
13,127,-0.0007,0.0003,642.71,1601.18,1412.94,552.71,47.64,520.77,8.4777,23.2438,0
13,128,0.001,-0.0004,643.27,1597.19,1418.92,552.56,47.77,520.88,8.448,23.2494,0
13,129,0.0021,0.0004,642.59,1595.24,1413.21,552.66,47.82,520.71,8.4563,23.2775,0
13,130,0.0016,-0.0001,643.05,1587.82,1414.59,552.81,47.76,520.33,8.4322,23.1092,0
13,131,-0.0013,0.0,643.07,1597.57,1418.82,552.14,47.82,521.22,8.4116,23.1022,0
13,132,0.0033,-0.0003,642.95,1592.71,1419.52,552.51,47.85,520.9,8.4794,23.1766,0
13,133,-0.0027,-0.0001,643.17,1595.73,1421.87,552.6,47.84,520.7,8.4554,23.2046,1
13,134,0.0008,0.0001,643.69,1595.99,1418.5,552.91,47.77,521.07,8.4572,23.2138,1
13,135,0.0001,-0.0001,642.98,1590.64,1417.78,552.19,47.76,520.8,8.5038,23.1608,1
13,136,0.0003,0.0003,643.24,1599.02,1417.34,552.61,47.78,520.82,8.4764,23.1211,1
13,137,-0.0015,0.0001,643.11,1592.77,1422.49,552.84,47.71,521.21,8.4447,23.2517,1
13,138,0.0012,-0.0004,642.93,1593.15,1420.71,552.82,47.79,520.95,8.4903,23.2389,1
13,139,0.0027,-0.0004,643.14,1598.42,1420.01,552.51,47.84,520.6,8.4811,23.284,1
13,140,0.0015,0.0002,643.28,1598.29,1426.52,552.84,47.86,520.1,8.4892,23.1497,1
13,141,0.0038,-0.0001,643.07,1594.69,1413.6,551.73,47.76,520.51,8.5033,23.0761,1
13,142,0.0004,-0.0002,643.32,1595.55,1424.19,552.29,47.78,520.54,8.4915,23.1678,1
13,143,0.0024,0.0003,642.84,1598.36,1422.59,552.88,47.9,521.08,8.5333,23.2542,1
13,144,0.0027,0.0,642.88,1595.65,1423.84,551.76,47.67,520.56,8.5018,23.1509,1
13,145,0.0005,0.0002,643.0,1594.56,1419.82,553.03,47.74,520.96,8.509,23.1809,1
13,146,-0.0024,-0.0,643.71,1603.7,1424.19,552.33,47.9,520.52,8.4818,23.1287,1
13,147,-0.0,0.0003,643.23,1599.5,1417.04,551.78,48.03,520.84,8.5129,23.2254,1
13,148,-0.0012,-0.0003,643.21,1596.17,1423.23,552.01,47.91,520.24,8.4997,23.1753,1
13,149,0.0012,-0.0001,643.46,1602.85,1421.16,552.1,48.03,520.18,8.5221,23.0922,1
13,150,-0.0038,-0.0003,643.39,1600.67,1421.84,551.97,48.01,520.89,8.4655,23.2275,1
13,151,0.002,-0.0002,643.6,1609.06,1428.92,551.98,47.76,520.04,8.4907,23.1447,1
13,152,0.0002,0.0004,643.54,1597.82,1421.46,551.85,47.92,521.02,8.4987,23.13,1
13,153,-0.0008,-0.0001,643.73,1598.38,1421.08,552.27,47.78,519.94,8.5,23.1185,1
13,154,-0.0003,-0.0003,643.23,1602.57,1418.94,551.8,47.8,520.35,8.5346,23.1418,1
13,155,0.0046,0.0002,643.08,1600.58,1426.46,551.96,48.05,520.44,8.4948,23.0528,1
13,156,-0.0016,-0.0004,643.71,1599.54,1419.52,552.08,47.87,520.4,8.4988,23.0585,1
13,157,0.0004,0.0,643.43,1604.86,1432.39,552.42,48.12,520.61,8.4845,23.0453,1
13,158,-0.0024,0.0001,643.17,1610.57,1427.79,552.3,48.07,520.74,8.5075,23.1415,1
13,159,-0.0008,-0.0004,643.53,1612.88,1418.86,551.15,48.11,520.5,8.554,23.1357,1
13,160,0.0011,0.0,643.77,1597.42,1429.73,551.2,48.04,519.8,8.5109,23.209,1
13,161,-0.003,-0.0001,643.5,1602.21,1432.17,551.85,48.34,520.26,8.5269,23.0185,1
13,162,-0.0011,0.0003,643.87,1605.83,1431.55,551.48,48.28,520.08,8.5015,23.1104,1
13,163,-0.0002,-0.0004,644.26,1610.89,1430.32,550.99,48.22,519.76,8.5477,23.1291,1
14,1,0.0031,0.0005,642.88,1587.54,1403.23,552.82,47.46,521.6,8.4549,23.2687,0
14,2,-0.0013,-0.0,642.88,1590.81,1411.67,553.85,47.43,521.44,8.4449,23.3892,0
14,3,0.0012,0.0001,642.57,1589.04,1407.39,553.5,47.61,521.85,8.4161,23.1882,0
14,4,-0.0004,0.0002,643.18,1593.24,1408.2,553.41,47.54,521.17,8.4396,23.2598,0
14,5,-0.0001,-0.0001,642.38,1590.53,1407.83,553.57,47.54,521.05,8.4802,23.3189,0
14,6,-0.0016,0.0003,642.42,1588.53,1406.54,553.79,47.27,521.66,8.4172,23.3354,0
14,7,0.0021,0.0004,642.47,1591.83,1404.6,553.38,47.37,521.67,8.4311,23.429,0
14,8,-0.0022,-0.0001,642.26,1595.78,1403.33,553.65,47.47,521.33,8.4473,23.3932,0
14,9,-0.0003,0.0005,642.62,1586.54,1408.97,553.88,47.26,521.33,8.438,23.2255,0
14,10,-0.0,-0.0003,642.64,1586.29,1413.81,554.64,47.17,521.87,8.4202,23.3552,0
14,11,0.0008,-0.0005,642.64,1592.1,1402.62,553.63,47.44,521.72,8.4274,23.2255,0
14,12,0.0038,0.0004,642.3,1592.85,1407.39,552.55,47.49,521.84,8.4021,23.1847,0
14,13,0.003,-0.0004,642.75,1589.15,1409.72,553.58,47.8,521.63,8.4407,23.3103,0
14,14,0.0025,-0.0005,642.4,1589.03,1406.46,553.2,47.43,521.59,8.4318,23.2624,0
14,15,0.0008,0.0,642.84,1586.6,1407.27,553.38,47.63,521.63,8.4218,23.3988,0
14,16,0.0021,-0.0003,642.43,1584.07,1405.92,553.53,47.54,521.72,8.4326,23.3217,0
14,17,-0.0022,-0.0005,642.56,1593.7,1396.55,552.92,47.56,521.26,8.4495,23.2859,0
14,18,-0.0021,0.0002,642.66,1587.51,1406.41,554.08,47.47,521.56,8.4212,23.3168,0
14,19,0.0025,-0.0,642.54,1591.13,1406.7,553.96,47.62,521.3,8.4424,23.2043,0
14,20,0.0001,-0.0002,642.65,1589.79,1407.12,553.24,47.45,521.44,8.394,23.2942,0
14,21,-0.0014,-0.0003,642.31,1585.18,1417.39,554.54,47.55,521.97,8.4251,23.419,0
14,22,0.0001,-0.0005,642.03,1589.16,1405.64,553.06,47.42,521.12,8.4183,23.3975,0
14,23,-0.0002,0.0001,642.93,1595.08,1409.33,553.12,47.63,521.58,8.46,23.2435,0
14,24,-0.0018,0.0003,642.63,1589.49,1412.8,553.67,47.5,521.67,8.4272,23.2356,0
14,25,-0.0006,-0.0001,642.26,1588.91,1409.97,553.4,47.44,520.82,8.4329,23.3075,0
14,26,0.0011,0.0004,642.74,1590.78,1407.04,554.08,47.47,521.76,8.4652,23.2542,0
14,27,0.0003,0.0002,642.61,1583.36,1406.8,553.47,47.5,521.39,8.4409,23.3583,0
14,28,0.0,-0.0001,643.21,1591.82,1409.04,554.03,47.44,521.86,8.4266,23.3203,0
14,29,0.002,-0.0002,642.92,1583.32,1406.08,553.4,47.42,521.19,8.4098,23.4181,0
14,30,0.0013,-0.0002,643.11,1589.3,1413.34,553.3,47.51,522.05,8.3914,23.274,0
14,31,0.0011,-0.0003,642.83,1593.13,1391.4,553.38,47.58,521.67,8.4401,23.3422,0
14,32,0.0043,-0.0003,642.35,1589.81,1409.75,552.85,47.55,521.89,8.4473,23.4354,0
14,33,-0.0003,0.0001,642.49,1585.59,1413.07,554.05,47.39,521.73,8.4325,23.2476,0
14,34,-0.0017,0.0002,642.62,1592.83,1407.9,553.71,47.59,521.7,8.4299,23.3331,0
14,35,0.0015,-0.0002,642.9,1599.38,1408.93,553.72,47.45,521.37,8.4524,23.3082,0
14,36,-0.0,0.0003,642.84,1592.8,1403.36,553.39,47.63,522.09,8.4708,23.3096,0
14,37,0.0042,-0.0003,642.66,1588.87,1403.89,553.96,47.46,521.42,8.4503,23.2441,0
14,38,-0.003,0.0001,642.61,1588.61,1408.78,553.41,47.69,521.56,8.4549,23.4042,0
14,39,-0.0013,0.0,642.82,1590.87,1414.24,553.11,47.42,521.69,8.4383,23.2768,0
14,40,0.0027,-0.0001,642.8,1588.46,1406.36,552.83,47.42,521.53,8.4502,23.2606,0
14,41,0.0012,0.0004,642.73,1587.33,1407.09,553.72,47.68,521.87,8.4475,23.2079,0
14,42,0.0016,0.0002,642.46,1593.53,1403.68,553.85,47.62,521.36,8.4695,23.3076,0
14,43,-0.0007,-0.0003,642.68,1587.17,1405.54,553.36,47.69,521.55,8.4323,23.2188,0
14,44,-0.002,0.0003,642.94,1589.81,1406.23,553.71,47.49,521.25,8.4431,23.2996,0
14,45,0.001,0.0004,643.14,1587.64,1405.8,553.88,47.53,521.06,8.458,23.2552,0
14,46,-0.0027,-0.0002,642.91,1589.98,1402.73,553.76,47.4,521.27,8.446,23.4121,0
14,47,-0.0006,-0.0001,642.36,1587.09,1407.12,552.85,47.41,521.16,8.4292,23.23,0
14,48,0.0025,-0.0003,643.12,1589.57,1407.11,553.79,47.56,521.49,8.4455,23.2029,0
14,49,0.0017,0.0,642.84,1590.48,1411.61,552.88,47.62,521.42,8.4538,23.2645,0
14,50,-0.003,0.0003,642.69,1583.55,1403.85,553.57,47.45,521.28,8.411,23.3887,0
14,51,0.0003,0.0005,642.83,1600.11,1408.66,553.94,47.59,521.28,8.4386,23.258,0
14,52,-0.0003,0.0003,642.87,1588.13,1406.8,553.53,47.54,521.72,8.4538,23.3937,0
14,53,0.0003,-0.0004,643.15,1591.46,1405.97,553.82,47.52,521.09,8.4252,23.308,0
14,54,-0.0042,0.0004,642.84,1586.02,1408.64,553.01,47.39,521.48,8.439,23.2114,0
14,55,-0.0015,0.0004,642.56,1590.42,1409.07,554.04,47.34,521.35,8.4576,23.3618,0
14,56,0.0026,0.0001,642.75,1584.69,1409.08,553.24,47.57,521.75,8.4351,23.318,0
14,57,-0.0012,0.0003,643.07,1597.34,1408.79,553.11,47.48,521.14,8.4183,23.3486,0
14,58,0.0019,-0.0004,643.24,1589.98,1407.02,554.06,47.48,521.3,8.4081,23.308,0
14,59,0.002,0.0004,642.87,1594.25,1404.47,553.36,47.62,521.49,8.4507,23.2976,0
14,60,0.0004,0.0004,642.76,1585.73,1403.56,553.53,47.68,520.7,8.4769,23.3221,0
14,61,-0.0044,-0.0001,642.28,1587.19,1406.7,553.4,47.53,521.12,8.4389,23.3028,0
14,62,0.0023,-0.0003,642.94,1597.78,1405.63,553.49,47.32,521.87,8.4568,23.3838,0
14,63,-0.0029,-0.0003,642.71,1589.35,1402.13,553.44,47.49,521.08,8.464,23.2772,0
14,64,0.0032,0.0001,642.99,1595.03,1406.31,553.43,47.47,521.43,8.4325,23.2672,0
14,65,0.0015,-0.0,643.05,1591.85,1406.3,553.89,47.4,520.98,8.4552,23.2124,0
14,66,0.0011,-0.0003,642.48,1585.86,1409.77,553.35,47.52,521.52,8.4729,23.3841,0
14,67,-0.0025,0.0003,642.63,1585.68,1407.51,553.59,47.48,521.32,8.4081,23.27,0
14,68,0.0029,0.0002,642.73,1583.88,1405.71,553.67,47.44,521.54,8.4352,23.2654,0
14,69,-0.0008,-0.0001,642.87,1584.61,1404.91,553.2,47.46,521.31,8.4405,23.3317,0
14,70,-0.0016,0.0003,642.07,1587.44,1410.48,553.16,47.58,521.29,8.463,23.2976,0
14,71,-0.0,-0.0002,642.73,1591.61,1403.71,553.17,47.61,521.22,8.4583,23.2015,0
14,72,-0.0035,-0.0004,643.33,1589.96,1409.45,553.08,47.6,521.01,8.4656,23.338,0
14,73,0.002,0.0001,642.66,1593.84,1409.65,553.96,47.65,521.46,8.455,23.2649,0
14,74,0.0028,-0.0002,642.46,1593.13,1413.14,553.66,47.55,521.28,8.4107,23.3763,0
14,75,0.0044,0.0002,642.64,1586.57,1407.3,553.0,47.63,521.44,8.417,23.2479,0
14,76,0.0027,-0.0003,642.98,1589.21,1411.22,553.74,47.54,521.5,8.4397,23.2067,0
14,77,0.0022,0.0001,643.2,1594.12,1420.7,552.78,47.64,521.17,8.4554,23.293,0
14,78,0.0019,-0.0003,642.94,1595.38,1408.23,553.05,47.57,521.44,8.4433,23.2501,0
14,79,0.0007,-0.0001,643.05,1591.64,1407.2,553.51,47.64,521.18,8.4381,23.2541,0
14,80,-0.0019,0.0,642.4,1590.48,1407.36,552.65,47.45,520.98,8.44,23.37,0
14,81,0.0029,-0.0001,643.22,1590.64,1411.53,553.72,47.46,521.87,8.4098,23.1852,0
14,82,0.0023,0.0004,642.63,1592.95,1409.27,553.36,47.4,521.66,8.4454,23.2643,0
14,83,-0.0012,0.0001,642.64,1589.08,1408.38,553.14,47.69,521.26,8.4553,23.2848,0
14,84,0.0035,-0.0,642.63,1588.05,1405.96,553.4,47.65,521.29,8.4488,23.3226,0
14,85,0.0036,0.0002,643.0,1588.63,1411.16,553.04,47.57,521.35,8.4388,23.2547,0
14,86,-0.002,-0.0002,642.98,1594.45,1412.86,553.18,47.34,521.71,8.4595,23.3604,0
14,87,-0.001,0.0003,642.7,1589.13,1419.83,552.99,47.57,520.74,8.4568,23.3045,0
14,88,0.0031,-0.0001,642.7,1595.19,1411.76,553.9,47.61,521.59,8.4243,23.2514,0
14,89,-0.0006,-0.0003,642.56,1592.14,1407.39,552.69,47.58,522.11,8.4386,23.2488,0
14,90,-0.0015,-0.0004,642.11,1591.59,1415.12,552.87,47.68,521.22,8.4453,23.2449,0
14,91,0.0021,-0.0001,642.6,1606.1,1402.66,552.99,47.6,521.49,8.4608,23.3804,0
14,92,-0.004,-0.0005,642.74,1589.94,1415.0,553.36,47.71,521.47,8.4589,23.3013,0
14,93,-0.0028,-0.0003,642.78,1597.28,1409.82,552.86,47.54,520.9,8.4468,23.2173,0
14,94,-0.0006,-0.0005,642.98,1590.11,1411.14,553.38,47.65,521.67,8.4615,23.2616,0
14,95,0.0033,0.0004,643.02,1590.55,1412.44,553.71,47.58,521.02,8.4636,23.2899,0
14,96,-0.0006,-0.0002,642.25,1580.94,1410.33,553.31,47.55,521.57,8.4663,23.2168,0
14,97,0.002,0.0001,642.86,1590.18,1407.95,553.01,47.73,521.04,8.4689,23.3433,0
14,98,0.0006,-0.0002,642.28,1597.08,1413.11,552.89,47.81,521.27,8.4391,23.2877,0
14,99,-0.0001,0.0004,642.7,1589.19,1414.6,552.51,47.7,520.92,8.4195,23.3029,0
14,100,0.0035,-0.0,643.16,1590.31,1412.56,553.35,47.62,521.65,8.4595,23.2522,0
14,101,0.007,-0.0003,642.55,1596.69,1412.2,552.76,47.56,521.42,8.4754,23.23,0
14,102,0.0022,-0.0003,642.83,1602.17,1413.68,553.08,47.65,521.27,8.4486,23.1118,0
14,103,-0.0002,-0.0002,643.22,1591.38,1403.08,553.09,47.58,521.32,8.4654,23.2863,0
14,104,-0.0036,-0.0002,643.21,1591.02,1409.33,553.39,47.61,520.46,8.4712,23.242,0
14,105,0.0027,0.0003,643.06,1587.49,1408.82,553.11,47.65,521.04,8.4498,23.1996,0
14,106,0.001,-0.0,642.99,1597.13,1413.43,552.55,47.63,521.29,8.4921,23.2096,0
14,107,0.0043,-0.0002,643.38,1590.2,1413.06,553.09,47.72,521.17,8.4718,23.1695,0
14,108,-0.0018,0.0002,642.29,1594.81,1418.26,552.5,47.65,521.42,8.4474,23.2686,0
14,109,0.0011,0.0002,643.3,1591.68,1413.12,553.7,47.57,520.99,8.431,23.3163,0
14,110,0.0025,0.0001,642.43,1593.31,1414.21,552.76,47.72,521.63,8.4546,23.2305,0
14,111,0.003,0.0,642.82,1590.37,1412.63,552.54,47.58,521.09,8.4251,23.3255,0
14,112,-0.0008,0.0005,643.26,1593.52,1408.24,552.85,47.89,520.99,8.444,23.2058,0
14,113,-0.0006,0.0001,642.84,1591.69,1416.74,553.03,47.56,520.87,8.451,23.1623,0
14,114,0.0019,0.0002,643.11,1594.82,1413.37,553.0,47.7,521.47,8.4517,23.1934,0
14,115,-0.0027,-0.0004,642.82,1595.68,1408.83,552.75,47.65,521.16,8.4173,23.1378,0
14,116,-0.0014,-0.0002,642.93,1594.53,1415.84,552.61,47.7,521.35,8.4891,23.2401,0
14,117,0.0012,0.0003,642.65,1590.58,1407.56,552.6,47.74,521.24,8.4461,23.2398,0
14,118,-0.0013,0.0001,642.38,1603.21,1412.3,553.36,47.61,520.89,8.4363,23.2416,0
14,119,0.0013,-0.0003,642.9,1590.38,1415.3,553.1,47.64,521.05,8.4646,23.1923,0
14,120,-0.0011,0.0001,642.89,1594.24,1417.63,552.48,47.8,521.06,8.465,23.1918,0
14,121,0.0014,0.0,642.61,1595.8,1418.98,553.17,47.81,520.73,8.4714,23.169,0
14,122,-0.0005,0.0001,642.82,1591.56,1420.11,552.23,47.82,521.18,8.469,23.1663,0
14,123,0.0007,0.0001,642.88,1592.77,1424.36,553.53,47.76,521.16,8.4536,23.371,0
14,124,-0.0001,-0.0001,643.51,1590.83,1409.88,552.75,47.71,521.01,8.4531,23.3281,0
14,125,0.0007,0.0001,643.34,1593.59,1410.52,552.81,47.73,521.05,8.4516,23.212,0
14,126,0.004,0.0001,643.05,1600.1,1419.71,553.49,47.48,520.94,8.4605,23.213,0
14,127,-0.0002,-0.0004,642.99,1601.22,1412.92,552.5,47.6,521.01,8.4846,23.2299,0
14,128,-0.0045,-0.0001,642.6,1594.12,1418.95,552.84,47.75,520.99,8.4751,23.0891,0
14,129,-0.001,-0.0004,643.47,1591.73,1413.84,553.12,47.52,521.42,8.4644,23.2301,0
14,130,0.0022,0.0,643.15,1600.91,1409.68,552.84,47.6,520.45,8.4677,23.1728,0
14,131,0.0007,0.0003,642.62,1592.02,1411.42,552.46,47.82,520.82,8.4622,23.1857,0
14,132,0.004,0.0002,643.04,1597.59,1416.13,553.28,47.78,520.73,8.4778,23.1648,0
14,133,-0.0021,0.0001,643.11,1588.88,1414.47,553.05,47.71,520.65,8.4806,23.2308,0
14,134,0.0008,-0.0002,642.62,1595.28,1419.82,552.35,47.7,520.5,8.4672,23.1382,0
14,135,0.0008,0.0003,642.9,1596.5,1420.67,552.25,47.75,521.4,8.4685,23.2326,0
14,136,0.0028,0.0001,642.9,1596.7,1417.65,553.2,47.86,520.38,8.4709,23.2425,0
14,137,-0.0037,0.0005,643.14,1592.94,1418.4,552.45,47.86,520.45,8.4983,23.2578,0
14,138,-0.0021,-0.0,642.71,1597.39,1413.75,552.8,47.79,521.51,8.4703,23.2453,0
14,139,0.0005,-0.0002,642.49,1597.56,1416.19,552.89,47.66,520.94,8.5034,23.2039,0
14,140,-0.0008,-0.0002,643.0,1594.04,1418.96,552.37,47.73,520.74,8.4521,23.236,0
14,141,0.002,0.0004,642.73,1591.56,1416.07,552.86,47.83,521.64,8.4564,23.2822,0
14,142,0.0038,0.0,643.17,1596.65,1419.46,552.6,47.8,521.05,8.4881,23.1289,0
14,143,-0.0043,0.0003,643.83,1602.38,1424.5,551.87,47.89,521.23,8.471,23.1855,0
14,144,-0.0006,0.0005,642.94,1598.1,1418.51,553.11,47.72,520.98,8.4984,23.275,0
14,145,-0.0,0.0003,642.95,1595.13,1417.8,552.84,47.76,520.53,8.4734,23.2519,0
14,146,0.0014,-0.0,643.29,1600.49,1412.14,552.5,47.88,521.28,8.4806,23.1929,0
14,147,0.0015,-0.0003,642.48,1595.06,1418.83,551.87,47.83,521.22,8.4962,23.1172,0
14,148,0.005,0.0005,642.7,1602.88,1416.34,552.46,47.83,520.67,8.4826,23.1352,0
14,149,0.0017,-0.0003,642.75,1596.64,1415.99,552.56,47.76,520.74,8.4905,23.1669,0
14,150,0.0023,0.0,642.93,1599.37,1425.59,552.29,47.87,520.45,8.4634,23.2591,1
14,151,0.0011,-0.0005,642.76,1597.42,1415.01,551.72,47.85,520.51,8.465,23.1887,1
14,152,0.0001,0.0001,643.21,1597.04,1425.5,551.75,47.88,520.07,8.4977,23.0942,1
14,153,-0.0012,-0.0001,643.44,1597.84,1422.09,552.66,47.86,520.29,8.4838,23.2527,1
14,154,0.0006,-0.0004,643.65,1593.88,1421.06,552.49,47.87,520.18,8.4842,23.1276,1
14,155,-0.0028,0.0003,643.41,1599.68,1427.29,551.92,47.94,520.11,8.5095,23.2144,1
14,156,0.0034,0.0,643.08,1597.24,1430.86,551.93,47.86,520.56,8.4856,23.1665,1
14,157,0.0009,-0.0002,642.88,1600.49,1424.63,552.07,47.95,520.66,8.4878,23.0881,1
14,158,0.0026,-0.0003,643.04,1592.95,1410.81,552.78,47.9,520.61,8.4561,23.2146,1
14,159,-0.0004,-0.0001,642.66,1598.57,1415.71,552.32,48.03,520.74,8.5229,23.0629,1
14,160,-0.0005,-0.0003,643.08,1601.66,1424.61,551.74,47.82,520.53,8.476,23.0957,1
14,161,0.0027,0.0004,643.24,1599.97,1419.35,552.14,47.97,520.55,8.4682,23.032,1
14,162,0.0028,0.0003,643.06,1602.62,1422.23,551.89,48.14,519.97,8.4898,23.2032,1
14,163,-0.0012,0.0001,643.08,1592.53,1419.39,551.91,47.99,520.6,8.4926,23.1457,1
14,164,0.0022,0.0002,642.88,1603.43,1428.09,552.11,47.94,520.11,8.4684,23.1089,1
14,165,-0.0008,-0.0003,643.2,1601.09,1426.66,551.9,47.96,520.57,8.5097,23.1437,1
14,166,-0.0006,0.0002,643.24,1600.42,1420.87,552.07,47.92,519.94,8.4781,23.1287,1
14,167,0.0026,-0.0,643.57,1605.27,1425.5,552.38,47.91,520.18,8.5039,23.0397,1
14,168,-0.0003,0.0001,643.79,1600.93,1428.22,552.31,47.93,520.04,8.5399,23.2179,1
14,169,-0.0002,0.0003,643.14,1602.39,1425.41,552.43,47.96,520.11,8.4984,23.0382,1
14,170,-0.0009,-0.0003,643.1,1608.89,1428.7,552.23,48.1,520.67,8.4978,23.1406,1
14,171,-0.003,-0.0004,643.45,1608.22,1424.48,552.76,48.18,519.76,8.5326,23.1044,1
14,172,0.0059,0.0002,643.84,1605.57,1420.19,552.05,48.12,520.38,8.4673,23.0938,1
14,173,0.004,0.0003,644.09,1603.45,1423.9,551.64,48.05,520.2,8.5031,23.0647,1
14,174,0.0008,0.0001,643.85,1605.95,1425.54,551.92,48.15,519.81,8.5081,23.0226,1
14,175,0.0023,0.0001,643.5,1604.22,1425.67,551.64,48.19,520.37,8.5324,23.0489,1
14,176,-0.002,-0.0002,643.49,1599.4,1427.06,551.48,48.08,520.14,8.5309,23.1078,1
14,177,0.0005,-0.0005,644.17,1599.2,1424.67,551.93,48.04,519.92,8.5166,23.0187,1
14,178,0.0001,-0.0001,643.31,1603.1,1432.46,551.16,48.26,519.98,8.4919,23.0785,1
14,179,-0.0008,0.0003,643.7,1609.93,1425.93,551.96,48.3,519.89,8.5305,23.0647,1
14,180,0.0011,-0.0002,643.49,1597.94,1427.6,551.29,48.32,520.56,8.5237,22.9824,1
15,1,-0.0018,-0.0004,642.0,1576.75,1394.77,554.97,46.98,522.88,8.4102,23.3903,0
15,2,0.0004,0.0004,642.14,1588.84,1394.27,554.18,47.08,522.82,8.4101,23.4014,0
15,3,-0.002,-0.0001,642.05,1581.96,1395.53,554.55,47.18,522.62,8.3922,23.4291,0
15,4,-0.0015,-0.0001,641.97,1587.35,1393.24,554.75,46.92,522.67,8.4142,23.4905,0
15,5,0.0014,-0.0003,642.33,1584.7,1392.44,554.72,47.34,523.02,8.3915,23.4482,0
15,6,-0.0006,-0.0003,641.81,1586.84,1395.7,554.47,47.15,522.62,8.3864,23.5058,0
15,7,0.0027,-0.0005,642.41,1582.35,1393.78,553.71,47.3,522.29,8.3942,23.4558,0
15,8,0.0003,-0.0,642.41,1582.04,1395.75,554.93,47.35,522.26,8.3968,23.3113,0
15,9,0.0022,-0.0005,642.0,1580.24,1397.41,554.99,47.01,522.14,8.3748,23.486,0
15,10,-0.0006,-0.0002,642.26,1584.19,1396.7,554.77,47.11,522.44,8.4223,23.371,0
15,11,-0.0023,-0.0002,641.9,1585.36,1390.35,554.74,47.11,522.54,8.3967,23.4066,0
15,12,-0.0016,-0.0005,642.11,1582.54,1402.78,555.21,47.1,522.38,8.3678,23.3218,0
15,13,0.0015,-0.0003,642.21,1581.36,1395.44,555.21,47.23,522.53,8.4029,23.4324,0
15,14,0.0015,-0.0002,641.66,1581.98,1400.45,554.01,47.22,522.08,8.3826,23.5056,0
15,15,-0.002,-0.0001,642.01,1585.44,1401.33,554.81,47.06,522.39,8.3603,23.3726,0
15,16,0.0011,0.0004,641.71,1579.91,1406.45,554.47,47.16,522.54,8.3792,23.5067,0
15,17,0.0009,0.0001,641.81,1581.88,1392.92,555.16,47.12,522.21,8.3948,23.4125,0
15,18,-0.0042,0.0005,641.86,1579.26,1390.03,554.27,47.14,522.77,8.3908,23.4096,0
15,19,-0.0029,0.0,642.2,1590.89,1391.23,555.09,47.2,521.77,8.3592,23.4053,0
15,20,-0.0027,0.0003,641.73,1583.08,1392.71,554.48,47.17,522.94,8.4075,23.4697,0
15,21,0.0002,0.0003,642.51,1576.58,1395.29,554.48,47.14,522.62,8.3991,23.4136,0
15,22,-0.0012,0.0001,641.84,1578.51,1396.75,554.36,47.2,522.28,8.4158,23.3403,0
15,23,-0.0007,0.0004,641.96,1577.75,1395.0,554.54,47.19,522.05,8.3967,23.4621,0
15,24,0.0016,0.0002,642.45,1589.29,1397.04,555.26,47.11,522.87,8.3978,23.4335,0
15,25,-0.0006,-0.0002,642.4,1587.75,1398.65,555.19,47.17,522.68,8.4046,23.4505,0
15,26,0.0015,-0.0,642.17,1582.05,1397.76,554.7,46.99,522.62,8.3955,23.3932,0
15,27,-0.0011,-0.0001,642.07,1588.41,1406.57,554.82,47.19,522.23,8.417,23.3395,0
15,28,-0.0028,0.0,641.91,1589.8,1392.82,555.27,47.13,523.05,8.3697,23.4034,0
15,29,0.0052,0.0003,641.79,1582.38,1389.69,554.7,47.29,522.58,8.3781,23.3724,0
15,30,-0.0004,-0.0003,642.24,1574.15,1396.49,555.14,47.06,523.06,8.3799,23.3407,0
15,31,0.0004,-0.0004,641.99,1580.38,1402.78,554.33,47.37,522.74,8.406,23.4515,0
15,32,0.0006,0.0,642.14,1584.56,1396.39,553.74,47.29,522.27,8.3852,23.4328,0
15,33,-0.0003,-0.0,642.11,1584.96,1397.69,553.97,47.16,522.4,8.3959,23.4391,0
15,34,0.0013,-0.0002,641.85,1590.39,1392.99,554.58,47.25,522.48,8.3996,23.3261,0
15,35,-0.0011,0.0001,642.41,1583.28,1402.65,554.62,47.11,522.24,8.3939,23.4322,0
15,36,0.0039,-0.0001,642.56,1591.33,1396.09,554.41,47.05,522.92,8.3603,23.454,0
15,37,0.0018,0.0,641.95,1589.69,1394.87,555.23,47.27,522.26,8.3612,23.4714,0
15,38,0.0055,-0.0,641.98,1580.82,1397.0,555.54,47.09,522.98,8.3884,23.4945,0
15,39,0.0006,0.0003,642.01,1587.69,1393.64,554.4,47.16,522.43,8.4369,23.3673,0
15,40,0.0004,-0.0002,642.5,1584.58,1398.07,554.13,47.13,522.12,8.4109,23.369,0
15,41,-0.0017,0.0002,641.96,1583.84,1393.26,554.32,47.23,522.11,8.4012,23.4862,0
15,42,0.0022,-0.0002,642.57,1584.18,1393.0,554.81,47.01,522.99,8.3769,23.3555,0
15,43,-0.0041,-0.0001,642.51,1585.4,1395.43,554.85,47.23,522.39,8.4141,23.445,0
15,44,-0.003,0.0003,642.18,1581.48,1393.57,555.01,47.04,521.99,8.4089,23.4563,0
15,45,-0.0002,0.0,642.26,1580.47,1395.59,554.99,47.03,521.96,8.4198,23.3652,0
15,46,0.0002,0.0002,642.15,1580.58,1407.34,554.3,47.0,521.84,8.4182,23.4855,0
15,47,-0.0007,0.0004,641.74,1593.18,1396.56,553.37,47.48,522.16,8.3926,23.3375,0
15,48,0.0013,-0.0003,642.23,1581.61,1395.42,554.36,47.17,522.12,8.4052,23.4105,0
15,49,0.0007,-0.0005,641.74,1584.85,1395.15,555.46,47.34,521.98,8.4285,23.4577,0
15,50,-0.0021,-0.0002,642.26,1583.47,1403.78,554.72,47.22,522.39,8.3897,23.4351,0
15,51,0.0015,-0.0,641.74,1584.66,1397.29,554.48,47.36,522.27,8.3835,23.4525,0
15,52,-0.0003,0.0004,642.26,1587.69,1399.54,554.23,47.14,522.1,8.394,23.3558,0
15,53,0.0047,-0.0004,641.76,1584.18,1394.35,554.78,47.14,522.27,8.3804,23.4221,0
15,54,-0.0,0.0004,642.05,1581.83,1398.56,554.9,47.24,522.54,8.4064,23.4045,0
15,55,0.0015,0.0005,642.57,1582.97,1393.88,555.23,47.29,521.62,8.4138,23.392,0
15,56,0.0025,-0.0001,642.66,1584.24,1399.54,554.9,47.08,522.39,8.3877,23.5732,0
15,57,-0.001,-0.0002,642.11,1587.81,1393.48,554.95,47.23,522.17,8.3816,23.4629,0
15,58,-0.0005,-0.0003,641.89,1584.11,1397.73,554.5,47.23,522.44,8.3711,23.4157,0
15,59,0.0037,-0.0003,641.81,1577.52,1399.53,554.44,47.43,522.59,8.3715,23.4619,0
15,60,0.0038,0.0004,642.0,1578.56,1400.34,554.39,47.21,521.89,8.3925,23.3673,0
15,61,-0.0024,0.0003,642.29,1588.69,1389.96,554.75,47.23,522.65,8.4208,23.3634,0
15,62,0.0007,0.0001,642.21,1578.29,1398.03,554.54,47.09,522.46,8.4105,23.3912,0
15,63,0.0008,0.0003,642.53,1581.64,1399.61,554.07,47.27,521.83,8.4021,23.4058,0
15,64,-0.0012,-0.0002,642.4,1584.95,1402.52,554.62,47.11,522.47,8.419,23.4125,0
15,65,-0.0037,0.0003,642.44,1591.69,1397.08,554.48,47.37,522.11,8.3409,23.3545,0
15,66,-0.0013,-0.0002,643.13,1586.26,1398.34,554.67,47.18,522.36,8.4068,23.4124,0
15,67,-0.0054,0.0003,642.86,1582.86,1399.6,554.45,47.25,522.43,8.4007,23.4194,0
15,68,-0.0011,-0.0,642.01,1591.15,1399.59,554.29,47.23,521.51,8.4166,23.5508,0
15,69,-0.0033,0.0004,642.63,1584.83,1389.68,554.68,47.18,522.91,8.3951,23.357,0
15,70,0.0009,0.0,642.18,1590.23,1398.83,555.08,47.29,522.29,8.4326,23.4105,0
15,71,-0.0005,-0.0002,642.6,1586.84,1396.53,554.75,47.37,522.84,8.3923,23.3468,0
15,72,0.0039,-0.0002,642.24,1583.64,1403.24,555.1,47.26,522.32,8.419,23.377,0
15,73,-0.0041,-0.0001,641.75,1586.52,1404.62,554.55,47.14,522.59,8.3891,23.4947,0
15,74,-0.0014,0.0001,642.33,1587.38,1403.28,553.86,47.17,522.83,8.3914,23.3666,0
15,75,0.0006,-0.0002,641.85,1585.44,1390.22,554.45,47.26,522.41,8.4125,23.5043,0
15,76,0.0011,-0.0,642.21,1595.24,1397.85,554.71,47.3,522.07,8.378,23.3428,0
15,77,-0.0019,0.0002,642.36,1584.32,1393.14,554.33,47.45,521.96,8.4374,23.2786,0
15,78,0.0036,0.0005,642.51,1586.82,1399.83,554.15,46.99,522.31,8.3634,23.4495,0
15,79,0.0025,0.0003,641.82,1587.74,1396.19,554.26,47.35,521.75,8.4457,23.3939,0
15,80,-0.0012,-0.0003,641.95,1590.36,1399.08,554.77,47.37,522.02,8.3893,23.4507,0
15,81,0.0037,0.0005,642.24,1583.1,1393.56,554.13,47.14,522.06,8.3818,23.3683,0
15,82,-0.0005,0.0004,641.96,1583.45,1403.43,554.33,47.23,522.48,8.3999,23.4031,0
15,83,0.0006,-0.0001,642.28,1583.51,1397.4,554.55,47.19,521.82,8.413,23.2544,0
15,84,-0.0003,-0.0005,642.17,1585.11,1396.87,554.38,47.36,522.62,8.3981,23.3906,0
15,85,-0.0001,-0.0002,642.12,1578.89,1394.12,554.02,47.26,522.16,8.4396,23.4975,0
15,86,-0.0005,-0.0002,641.94,1581.75,1406.17,554.1,47.33,522.45,8.3758,23.3478,0
15,87,-0.0021,-0.0002,641.92,1589.06,1399.81,553.91,47.27,522.2,8.395,23.349,0
15,88,-0.001,-0.0004,642.06,1587.41,1401.08,554.05,47.15,522.61,8.4119,23.4703,0
15,89,-0.0007,0.0004,642.02,1585.47,1402.98,554.73,47.15,521.86,8.4252,23.4427,0
15,90,0.0011,-0.0002,642.35,1592.35,1402.51,553.83,47.43,522.01,8.3963,23.4098,0
15,91,0.0011,0.0001,642.46,1581.34,1405.34,554.14,47.31,522.65,8.4111,23.2973,0
15,92,0.0012,0.0001,641.62,1588.91,1406.95,553.74,47.22,521.72,8.4418,23.3102,0
15,93,-0.0021,0.0003,641.89,1583.71,1398.49,553.67,47.33,521.9,8.3862,23.4829,0
15,94,0.0003,0.0005,642.33,1585.91,1402.22,554.23,47.37,522.53,8.3945,23.2893,0
15,95,0.0006,-0.0,642.57,1582.79,1402.67,553.66,47.23,522.2,8.3953,23.3732,0
15,96,-0.0008,0.0001,642.3,1587.8,1393.12,554.17,47.22,522.03,8.4367,23.4881,0
15,97,-0.0004,-0.0002,642.0,1594.93,1396.41,554.14,47.43,522.1,8.3998,23.366,0
15,98,-0.001,0.0003,641.97,1586.38,1405.04,553.26,47.28,522.18,8.3754,23.4135,0
15,99,0.0018,-0.0,642.8,1589.94,1402.19,554.51,47.38,522.22,8.4147,23.4945,0
15,100,0.0019,-0.0004,642.08,1588.67,1396.26,554.1,47.32,522.65,8.4117,23.3159,0
15,101,-0.002,-0.0001,642.38,1578.98,1396.3,554.36,47.23,522.49,8.4371,23.4591,0
15,102,0.0007,0.0002,641.9,1581.1,1402.09,553.56,47.24,521.94,8.4293,23.3745,0
15,103,-0.0012,-0.0001,642.57,1586.84,1403.11,553.29,47.37,521.86,8.429,23.4535,0
15,104,0.0029,-0.0001,642.43,1587.78,1401.92,554.12,47.43,522.09,8.3723,23.4065,0
15,105,-0.0002,0.0003,642.18,1588.27,1398.2,554.79,47.41,522.34,8.4073,23.385,0
15,106,0.0013,-0.0002,642.68,1589.72,1400.98,553.99,47.18,522.13,8.4173,23.348,0
15,107,0.0015,0.0001,642.74,1591.35,1395.01,554.07,47.15,521.74,8.3911,23.3286,0
15,108,0.0013,0.0002,642.06,1583.94,1399.22,554.39,47.22,521.83,8.4221,23.387,0
15,109,0.0042,0.0001,642.51,1589.15,1395.3,553.68,47.35,522.01,8.4054,23.4098,0
15,110,0.0017,-0.0,642.22,1589.73,1393.1,554.46,47.42,522.17,8.3995,23.348,0
15,111,-0.0006,0.0002,642.39,1581.07,1400.61,553.78,47.38,521.86,8.3951,23.3774,0
15,112,-0.002,-0.0003,641.71,1582.81,1405.7,553.56,47.42,521.56,8.4127,23.321,0
15,113,0.0011,0.0005,642.05,1579.46,1402.68,553.78,47.28,521.95,8.4212,23.4102,0
15,114,-0.0064,-0.0001,642.37,1591.91,1404.17,554.3,47.27,521.64,8.4124,23.42,0
15,115,0.002,-0.0002,642.63,1589.26,1404.83,553.59,47.31,521.65,8.4103,23.4324,0
15,116,-0.0001,-0.0003,642.49,1588.93,1402.16,553.74,47.32,522.28,8.393,23.3816,0
15,117,-0.0024,0.0002,642.44,1588.01,1399.93,553.94,47.29,521.79,8.4195,23.2936,0
15,118,0.0024,0.0001,641.45,1590.8,1402.87,553.84,47.14,521.86,8.4226,23.3585,0
15,119,-0.0006,0.0005,642.26,1580.44,1395.59,554.33,47.35,521.7,8.3684,23.3598,0
15,120,0.0009,0.0002,641.7,1587.63,1398.3,554.06,47.45,521.81,8.3796,23.3618,0
15,121,0.0,0.0002,643.1,1594.17,1394.78,554.38,47.5,521.85,8.4313,23.3346,0
15,122,0.0018,-0.0004,642.11,1584.97,1398.55,554.97,47.52,522.16,8.3882,23.3643,0
15,123,0.0002,-0.0002,642.17,1582.85,1408.4,554.05,47.27,521.77,8.4253,23.3931,0
15,124,0.002,0.0003,642.5,1588.45,1405.57,553.43,47.34,521.6,8.4107,23.3535,0
15,125,-0.002,-0.0004,642.84,1588.86,1404.73,553.02,47.35,521.95,8.4329,23.4524,0
15,126,-0.0005,-0.0003,641.95,1593.68,1401.22,553.51,47.5,522.23,8.4258,23.2533,0
15,127,0.0011,0.0005,642.1,1589.3,1397.59,553.7,47.54,521.8,8.4339,23.2636,0
15,128,-0.0023,0.0004,642.66,1587.07,1410.27,554.08,47.35,522.37,8.4279,23.298,0
15,129,0.0007,0.0005,641.54,1583.6,1404.57,553.76,47.45,521.66,8.4285,23.3012,0
15,130,-0.0021,-0.0003,642.34,1589.19,1402.03,553.8,47.35,521.79,8.4502,23.3836,0
15,131,-0.0,0.0004,642.26,1585.34,1404.06,553.87,47.56,521.83,8.4413,23.41,0
15,132,0.0013,0.0004,642.74,1579.91,1406.23,554.04,47.58,521.72,8.4236,23.3697,0
15,133,-0.0022,-0.0002,642.19,1577.58,1405.78,553.86,47.47,521.34,8.4078,23.2832,0
15,134,-0.0012,0.0003,642.69,1592.02,1405.44,553.16,47.46,521.62,8.4609,23.3382,0
15,135,0.0018,0.0001,642.18,1588.62,1408.15,553.85,47.43,522.03,8.4478,23.4428,0
15,136,-0.0043,-0.0001,642.59,1581.14,1403.22,553.41,47.41,522.26,8.4545,23.3093,0
15,137,0.0034,0.0003,642.82,1585.75,1398.79,553.84,47.35,521.84,8.4433,23.3069,0
15,138,0.0029,0.0001,642.05,1585.88,1406.24,553.76,47.48,521.69,8.4561,23.3039,0
15,139,-0.0003,0.0003,642.45,1592.16,1410.66,553.94,47.44,521.49,8.4328,23.3034,0
15,140,-0.002,0.0005,642.96,1589.89,1404.6,552.94,47.46,522.09,8.4463,23.3203,0
15,141,-0.0001,0.0001,642.37,1592.65,1403.51,553.55,47.43,521.7,8.4352,23.2308,0
15,142,0.0006,-0.0002,642.49,1588.19,1403.8,553.41,47.44,521.69,8.3975,23.2852,0
15,143,0.0022,0.0002,642.32,1582.47,1406.21,553.83,47.44,521.46,8.4468,23.3247,0
15,144,-0.0055,-0.0004,643.21,1588.64,1401.59,553.06,47.49,521.51,8.4551,23.3139,0
15,145,0.0028,0.0004,642.44,1586.94,1398.81,553.79,47.54,521.41,8.4322,23.3343,0
15,146,-0.0019,0.0003,643.2,1590.01,1405.95,553.59,47.63,521.81,8.4268,23.3157,0
15,147,0.0022,0.0003,642.52,1589.85,1411.7,554.21,47.55,521.09,8.4442,23.2988,0
15,148,-0.0006,0.0003,642.89,1585.94,1405.24,553.17,47.49,521.8,8.4288,23.3257,0
15,149,-0.0025,0.0002,642.43,1586.98,1401.05,554.26,47.45,521.55,8.4384,23.3283,0
15,150,0.0006,0.0002,642.44,1586.08,1410.5,553.07,47.56,520.85,8.4335,23.249,0
15,151,-0.0002,-0.0004,642.47,1588.62,1409.6,553.32,47.43,521.43,8.4453,23.2729,0
15,152,0.0033,0.0004,642.21,1595.25,1408.89,553.74,47.42,521.89,8.457,23.3143,0
15,153,0.0042,-0.0004,642.81,1590.55,1405.44,553.88,47.49,521.52,8.4141,23.1558,0
15,154,0.0027,-0.0005,642.9,1584.03,1410.34,552.86,47.49,521.33,8.4523,23.3389,0
15,155,-0.004,0.0003,642.36,1583.3,1409.17,553.51,47.71,521.0,8.4334,23.2392,0
15,156,-0.0014,-0.0003,643.24,1590.1,1407.82,553.63,47.42,521.48,8.4387,23.267,0
15,157,-0.0005,0.0002,642.82,1593.53,1406.36,553.83,47.56,521.42,8.4453,23.2984,0
15,158,-0.0014,0.0004,642.93,1592.39,1407.61,553.5,47.65,521.36,8.4613,23.3778,0
15,159,-0.001,-0.0003,642.72,1588.38,1414.99,553.03,47.86,521.06,8.4476,23.2503,0
15,160,0.0008,-0.0001,642.71,1585.84,1401.76,552.92,47.47,521.13,8.426,23.3554,0
15,161,-0.0056,0.0003,642.93,1591.03,1409.9,553.71,47.76,521.07,8.468,23.2804,0
15,162,0.0021,-0.0,642.85,1593.57,1409.35,553.6,47.59,521.24,8.4355,23.352,0
15,163,0.0007,0.0001,643.4,1587.45,1411.16,552.8,47.6,521.73,8.4678,23.317,0
15,164,-0.0023,-0.0001,643.12,1589.35,1408.98,552.68,47.71,521.17,8.4362,23.2515,0
15,165,-0.0009,0.0,643.15,1592.59,1413.07,552.4,47.77,521.18,8.4613,23.2397,0
15,166,-0.0023,-0.0002,642.77,1590.17,1415.43,552.73,47.68,520.92,8.4733,23.1769,0
15,167,0.0007,0.0003,643.03,1589.24,1406.28,553.16,47.69,521.06,8.4414,23.1966,0
15,168,0.0055,-0.0003,642.56,1589.81,1404.76,553.17,47.6,521.5,8.4642,23.2577,0
15,169,0.0017,0.0001,642.8,1592.88,1409.42,553.0,47.58,521.1,8.442,23.226,0
15,170,0.005,-0.0001,642.76,1601.76,1411.39,553.18,47.63,521.12,8.494,23.2024,0
15,171,-0.0035,0.0005,643.06,1595.83,1416.74,552.41,47.67,521.53,8.4464,23.2776,0
15,172,0.0009,0.0002,642.88,1595.04,1410.23,552.74,47.61,520.88,8.4838,23.2144,0
15,173,-0.0011,0.0005,643.35,1589.53,1419.42,553.26,47.77,520.48,8.452,23.2054,0
15,174,-0.0004,-0.0002,643.38,1593.92,1407.39,552.69,47.7,522.07,8.462,23.2705,0
15,175,-0.0008,0.0003,643.07,1603.56,1415.76,552.35,47.64,520.06,8.4539,23.1327,0
15,176,0.0004,0.0002,642.57,1592.48,1418.25,552.66,47.66,521.0,8.4904,23.2662,0
15,177,0.0005,-0.0,642.68,1592.29,1411.65,552.32,47.65,520.69,8.4307,23.2184,1
15,178,0.0021,-0.0003,643.29,1589.52,1414.35,553.14,47.81,521.11,8.4944,23.2851,1
15,179,-0.0044,0.0004,643.14,1595.76,1417.69,552.38,47.66,520.88,8.4928,23.2347,1
15,180,0.0026,0.0005,643.68,1589.14,1411.81,552.33,47.79,521.01,8.4932,23.2513,1
15,181,0.0033,-0.0003,642.86,1596.76,1415.11,552.3,47.73,520.83,8.4666,23.2802,1
15,182,0.0017,-0.0003,643.18,1598.66,1411.34,552.36,47.91,520.65,8.4688,23.2362,1
15,183,-0.0036,0.0004,643.12,1599.11,1416.83,552.09,47.95,520.94,8.4597,23.1345,1
15,184,-0.0025,-0.0003,643.18,1590.86,1423.28,552.36,47.85,521.3,8.4563,23.1749,1
15,185,0.0033,-0.0001,643.66,1594.37,1418.4,552.46,48.05,520.79,8.4975,23.162,1
15,186,0.0017,-0.0004,642.89,1593.82,1421.59,552.97,47.9,520.49,8.4862,23.2497,1
15,187,0.0008,-0.0001,642.59,1596.53,1419.27,552.39,47.9,520.74,8.4711,23.1392,1
15,188,0.0002,0.0003,643.64,1595.04,1425.28,552.7,47.62,520.57,8.485,23.2026,1
15,189,0.0004,0.0005,643.48,1593.45,1421.73,553.09,47.91,520.12,8.4673,23.1478,1
15,190,-0.002,0.0002,643.25,1598.19,1417.33,552.08,47.89,520.78,8.5213,23.2012,1
15,191,0.0031,0.0004,642.88,1597.57,1426.05,551.77,47.89,519.81,8.4902,23.0837,1
15,192,-0.0024,-0.0002,643.57,1596.63,1414.34,551.87,47.99,520.11,8.5037,23.1643,1
15,193,0.0023,-0.0002,643.67,1602.89,1422.12,552.12,48.03,520.0,8.4999,23.1007,1
15,194,-0.0001,0.0002,643.24,1606.09,1425.55,551.95,48.04,520.44,8.5292,23.2484,1
15,195,-0.0006,0.0002,643.3,1599.35,1417.88,551.58,47.9,520.24,8.4762,23.1122,1
15,196,-0.0034,0.0001,643.75,1602.92,1427.19,551.63,48.05,519.96,8.5007,23.1263,1
15,197,-0.0022,0.0005,643.48,1595.69,1425.4,551.6,47.91,519.86,8.5073,23.0755,1
15,198,-0.0004,-0.0004,643.57,1595.22,1426.08,551.3,48.06,520.19,8.4904,23.0543,1
15,199,-0.0009,0.0002,643.68,1597.76,1418.77,551.23,48.0,519.71,8.5103,23.1097,1
15,200,-0.0037,0.0003,643.74,1594.8,1419.29,552.1,47.93,520.54,8.5169,23.1659,1
15,201,-0.0033,0.0002,643.54,1603.41,1418.86,552.23,48.12,520.04,8.4931,23.2137,1
15,202,-0.0009,0.0004,643.6,1602.94,1428.07,551.46,47.87,519.64,8.5078,23.0895,1
15,203,0.0024,-0.0003,643.93,1604.48,1433.98,551.88,48.1,519.6,8.4912,23.0578,1
15,204,0.0031,-0.0003,643.38,1604.93,1435.38,551.59,48.04,519.92,8.4576,23.064,1
15,205,-0.0027,0.0004,643.46,1599.75,1425.96,550.98,48.3,519.67,8.5154,23.1362,1
15,206,0.0004,0.0001,643.84,1608.43,1429.5,550.77,48.19,520.13,8.5487,23.104,1
15,207,-0.0002,0.0001,643.65,1599.27,1433.72,551.59,48.3,519.67,8.5381,23.0375,1
16,1,0.0004,0.0002,642.9,1583.42,1411.32,552.96,47.41,520.82,8.4573,23.2792,0
16,2,0.0006,0.0003,642.43,1593.21,1399.44,553.49,47.56,521.27,8.4102,23.3185,0
16,3,-0.0001,0.0,642.57,1592.17,1411.88,552.92,47.57,521.3,8.4546,23.3094,0
16,4,0.0015,-0.0004,642.83,1583.86,1407.9,552.41,47.65,521.05,8.4751,23.2993,0
16,5,0.0024,-0.0003,642.83,1590.75,1415.65,553.0,47.3,520.94,8.468,23.3035,0
16,6,-0.0029,0.0001,642.9,1594.93,1401.3,554.22,47.68,521.37,8.4711,23.3299,0
16,7,0.0004,-0.0003,643.6,1595.16,1416.51,552.5,47.58,521.25,8.3989,23.269,0
16,8,0.0044,-0.0002,642.68,1593.88,1403.58,552.25,47.59,521.75,8.4507,23.1964,0
16,9,-0.0007,0.0004,642.6,1595.17,1407.39,553.39,47.73,521.47,8.4436,23.3741,0
16,10,0.0001,0.0003,643.01,1585.19,1407.4,552.65,47.65,521.45,8.4403,23.3457,0
16,11,0.004,-0.0,642.96,1597.12,1412.89,553.38,47.48,521.39,8.457,23.235,0
16,12,0.0005,0.0003,642.84,1596.1,1412.87,553.18,47.64,521.0,8.4553,23.3143,0
16,13,-0.0027,-0.0003,642.3,1580.59,1415.69,553.06,47.58,521.7,8.4589,23.2962,0
16,14,-0.0021,0.0004,642.56,1593.9,1412.3,552.49,47.59,521.43,8.4581,23.2913,0
16,15,-0.0007,0.0004,642.81,1583.74,1407.76,552.7,47.4,521.23,8.4731,23.3314,0
16,16,0.0024,-0.0003,642.92,1597.45,1408.44,552.94,47.48,521.19,8.439,23.3045,0
16,17,0.0025,-0.0003,642.3,1592.55,1413.17,552.88,47.68,521.64,8.5058,23.2584,0
16,18,-0.0007,0.0004,642.74,1588.24,1415.16,553.3,47.62,521.17,8.4163,23.2525,0
16,19,0.0,0.0002,643.25,1589.64,1406.94,552.23,47.72,521.37,8.4503,23.2175,0
16,20,-0.0015,0.0002,642.82,1586.98,1409.82,553.22,47.64,521.25,8.4321,23.2288,0
16,21,-0.0026,-0.0005,643.06,1590.99,1407.12,553.11,47.57,521.17,8.4729,23.2845,0
16,22,-0.0019,-0.0003,642.3,1593.29,1403.39,553.51,47.77,521.33,8.4692,23.2237,0
16,23,0.0005,-0.0004,642.5,1593.21,1406.08,552.83,47.61,521.73,8.446,23.3972,0
16,24,-0.0006,0.0001,643.0,1589.47,1406.95,553.2,47.59,521.06,8.4398,23.2359,0
16,25,-0.0006,-0.0002,642.86,1585.77,1404.33,553.88,47.49,521.5,8.4417,23.2828,0
16,26,0.0,-0.0002,642.59,1588.57,1406.58,552.3,47.7,521.03,8.4755,23.2548,0
16,27,0.002,0.0003,642.36,1588.9,1412.82,553.85,47.75,521.57,8.4393,23.1782,0
16,28,0.005,0.0005,642.9,1594.26,1404.36,553.51,47.68,520.82,8.4846,23.2941,0
16,29,0.0021,-0.0001,642.83,1593.36,1409.8,552.79,47.58,521.33,8.453,23.2945,0
16,30,-0.0019,-0.0004,642.57,1587.58,1406.71,552.76,47.47,521.13,8.4607,23.4158,0
16,31,-0.0016,-0.0003,642.79,1593.29,1414.7,553.23,47.61,521.67,8.4621,23.3235,0
16,32,-0.0007,0.0003,643.11,1594.51,1413.42,553.43,47.5,521.08,8.449,23.2429,0
16,33,-0.0017,0.0003,643.07,1592.58,1406.42,553.21,47.53,521.53,8.4564,23.3263,0
16,34,-0.001,0.0003,642.77,1581.93,1409.91,552.9,47.46,520.83,8.4642,23.2277,0
16,35,0.0013,0.0005,642.68,1589.19,1412.25,553.02,47.7,521.54,8.4688,23.1409,0
16,36,-0.0016,0.0003,642.58,1586.21,1401.84,553.18,47.62,521.88,8.445,23.3335,0
16,37,-0.0006,-0.0001,642.43,1588.54,1407.45,552.95,47.39,521.35,8.4644,23.2639,0
16,38,-0.0021,0.0005,642.33,1590.72,1410.52,553.39,47.53,521.3,8.4214,23.2394,0
16,39,0.0027,0.0005,642.7,1593.41,1412.23,553.12,47.56,521.29,8.4446,23.194,0
16,40,0.0025,0.0002,642.7,1593.39,1411.15,553.16,47.77,521.0,8.4425,23.1897,0
16,41,-0.0012,-0.0004,642.46,1595.11,1415.71,552.83,47.61,520.8,8.4615,23.3384,0
16,42,-0.0017,0.0001,642.88,1593.16,1408.39,553.84,47.71,521.48,8.4789,23.2211,0
16,43,-0.0001,0.0003,642.4,1589.08,1421.17,552.74,47.59,520.99,8.4489,23.2488,0
16,44,-0.0002,0.0003,642.38,1593.16,1409.48,553.47,47.71,521.43,8.4648,23.3499,0
16,45,0.0005,0.0003,642.7,1585.66,1409.55,553.34,47.52,521.62,8.5035,23.3491,0
16,46,0.0029,-0.0004,643.02,1588.24,1420.29,552.87,47.51,521.65,8.4147,23.2987,0
16,47,0.0011,-0.0003,642.62,1598.58,1411.15,552.68,47.68,521.12,8.4197,23.2019,0
16,48,0.0006,-0.0003,642.81,1585.74,1412.69,553.58,47.58,520.84,8.4429,23.1808,0
16,49,0.0016,-0.0005,643.45,1595.47,1408.92,553.42,47.68,521.33,8.4647,23.3091,0
16,50,-0.0016,0.0001,643.28,1589.08,1413.15,553.95,47.72,521.03,8.4537,23.2716,0
16,51,-0.0008,-0.0001,642.97,1591.0,1413.93,553.55,47.75,521.66,8.4525,23.1686,0
16,52,-0.0037,0.0002,642.61,1588.21,1412.73,553.95,47.51,521.45,8.4815,23.2392,0
16,53,0.0029,0.0005,642.97,1593.84,1410.74,552.95,47.58,521.53,8.4462,23.2367,0
16,54,-0.0005,0.0,642.92,1593.78,1406.44,553.42,47.71,521.6,8.4479,23.2507,0
16,55,-0.0028,0.0003,642.54,1594.83,1412.91,552.74,47.53,521.11,8.4316,23.2167,0
16,56,-0.0042,0.0001,642.41,1594.51,1411.32,552.96,47.57,520.59,8.4334,23.1823,0
16,57,-0.0006,0.0,642.56,1599.43,1413.91,553.07,47.66,521.08,8.4564,23.2099,0
16,58,-0.0005,0.0001,642.95,1593.98,1409.17,553.11,47.46,520.87,8.4683,23.1916,0
16,59,-0.0043,-0.0004,643.24,1588.15,1413.43,553.95,47.75,521.16,8.4508,23.2897,0
16,60,-0.002,0.0001,642.92,1593.79,1405.9,553.03,47.5,521.4,8.4544,23.3153,0
16,61,0.0002,-0.0002,642.57,1590.32,1413.95,552.69,47.58,521.42,8.4194,23.2367,0
16,62,0.0,0.0001,642.98,1590.73,1405.39,554.17,47.67,520.64,8.4783,23.1966,0
16,63,0.0025,0.0,643.44,1591.58,1409.86,552.92,47.77,521.11,8.4807,23.3293,0
16,64,0.0013,-0.0004,642.8,1588.99,1406.18,552.86,47.85,521.01,8.4095,23.2971,0
16,65,0.0001,-0.0001,642.87,1583.82,1410.34,553.69,47.59,521.2,8.4666,23.1628,0
16,66,0.0045,0.0,642.45,1591.03,1407.18,552.76,47.51,520.71,8.4223,23.282,0
16,67,0.0028,-0.0001,642.45,1596.45,1408.07,552.55,47.67,521.25,8.458,23.3148,0
16,68,0.0055,-0.0002,642.52,1588.58,1409.1,553.05,47.63,521.32,8.4646,23.2195,0
16,69,-0.0018,-0.0004,642.38,1592.82,1412.95,553.75,47.6,521.03,8.448,23.216,0
16,70,-0.0039,0.0004,643.23,1596.7,1406.13,552.81,47.63,521.14,8.4366,23.1273,0
16,71,-0.001,0.0001,643.26,1585.02,1416.64,552.63,47.77,520.96,8.4372,23.2862,0
16,72,0.0038,0.0003,642.33,1593.48,1415.99,552.76,47.68,521.25,8.4321,23.3846,0
16,73,0.004,-0.0002,642.8,1600.42,1408.34,552.88,47.8,520.82,8.4652,23.2089,0
16,74,-0.0002,0.0001,643.01,1597.17,1411.47,553.88,47.58,521.18,8.4609,23.2078,0
16,75,-0.0024,-0.0,642.9,1589.31,1419.33,552.72,47.5,520.98,8.4814,23.3,0
16,76,-0.0029,0.0003,642.65,1581.23,1408.91,552.37,47.42,521.31,8.4229,23.1664,0
16,77,0.0014,-0.0003,642.8,1585.48,1414.18,553.81,47.76,521.66,8.4657,23.2181,0
16,78,0.001,-0.0004,642.67,1597.02,1408.81,552.97,47.74,521.43,8.46,23.354,0
16,79,0.0023,0.0002,643.05,1586.18,1406.98,552.85,47.76,520.87,8.442,23.2532,0
16,80,-0.0026,-0.0001,642.98,1591.03,1411.3,553.03,47.74,521.23,8.4759,23.149,0
16,81,0.0011,-0.0004,642.94,1593.73,1415.33,552.62,47.52,521.6,8.4867,23.2928,0
16,82,0.0003,-0.0,642.93,1596.55,1411.06,552.69,47.62,521.31,8.4476,23.277,0
16,83,-0.0002,0.0004,643.31,1584.59,1405.56,552.56,47.7,520.53,8.468,23.3159,0
16,84,-0.0013,-0.0004,643.29,1583.45,1415.67,553.32,47.62,521.39,8.451,23.3055,0
16,85,0.0007,0.0,643.08,1591.41,1414.65,553.47,47.58,521.36,8.4863,23.3782,0
16,86,-0.0032,-0.0001,641.92,1593.65,1412.29,553.54,47.53,520.92,8.4355,23.23,0
16,87,0.0004,-0.0001,643.21,1587.6,1411.5,553.25,47.69,521.53,8.4371,23.1597,0
16,88,-0.0029,-0.0001,642.59,1594.85,1410.67,553.63,47.64,520.87,8.5126,23.1654,0
16,89,0.001,0.0001,642.89,1599.98,1408.2,553.06,47.67,521.28,8.4332,23.1367,0
16,90,0.0003,0.0003,642.59,1587.37,1412.83,552.69,47.61,521.48,8.4431,23.2418,0
16,91,-0.0005,-0.0,643.52,1593.09,1414.17,553.02,47.75,520.48,8.4609,23.1894,0
16,92,0.0029,-0.0004,642.96,1587.5,1414.23,552.85,47.63,521.24,8.457,23.2015,0
16,93,-0.0007,0.0001,642.82,1592.23,1418.45,553.62,47.73,520.73,8.4922,23.3257,0
16,94,0.0028,0.0005,642.41,1592.92,1419.74,552.87,47.6,521.18,8.4541,23.2774,0
16,95,0.0011,0.0,643.0,1592.48,1407.14,553.13,47.73,520.57,8.4568,23.2439,0
16,96,0.0019,-0.0002,643.05,1593.1,1410.54,552.88,47.74,521.31,8.453,23.2392,0
16,97,-0.001,0.0001,642.71,1599.12,1418.57,553.12,47.63,520.68,8.5005,23.1971,0
16,98,0.001,0.0001,642.93,1592.37,1414.69,553.23,47.82,520.94,8.4657,23.378,0
16,99,-0.0002,0.0001,643.25,1591.29,1415.57,552.79,47.71,520.66,8.4287,23.3497,0
16,100,-0.0015,0.0005,642.65,1590.7,1410.57,552.33,47.69,520.61,8.4577,23.1303,0
16,101,-0.0002,-0.0004,642.89,1591.8,1418.99,552.61,47.69,521.22,8.4631,23.1727,0
16,102,-0.0007,0.0001,643.45,1589.85,1412.94,553.29,47.52,520.97,8.4442,23.376,0
16,103,-0.0021,0.0002,642.55,1584.1,1412.21,552.29,47.44,520.55,8.4536,23.2093,0
16,104,0.0029,0.0005,643.35,1589.07,1417.67,552.78,47.8,521.48,8.4632,23.2788,0
16,105,-0.0029,-0.0004,642.76,1582.45,1421.16,553.17,47.88,521.27,8.467,23.1896,0
16,106,-0.001,-0.0004,642.84,1595.24,1411.36,553.04,47.74,520.99,8.4627,23.2293,0
16,107,0.0005,-0.0002,643.18,1590.92,1420.14,552.95,47.73,522.03,8.4507,23.1632,0
16,108,0.0018,0.0003,642.63,1584.85,1407.4,552.65,47.63,521.75,8.4681,23.1732,0
16,109,-0.0021,0.0002,642.96,1585.75,1414.67,552.38,47.73,520.68,8.4534,23.3081,0
16,110,0.0001,0.0003,642.44,1586.72,1417.56,552.25,47.57,521.19,8.4772,23.2462,0
16,111,0.0028,-0.0001,642.65,1597.52,1405.98,552.56,47.83,521.12,8.4897,23.2308,0
16,112,0.0014,-0.0002,643.48,1588.27,1415.87,552.81,47.89,521.35,8.4529,23.1502,0
16,113,-0.0023,0.0003,643.11,1591.08,1409.14,552.85,47.77,521.68,8.4547,23.2357,0
16,114,0.0029,-0.0003,643.27,1590.16,1416.38,552.93,47.69,521.11,8.4561,23.2964,0
16,115,0.0011,-0.0,642.73,1581.93,1410.58,552.68,47.63,520.97,8.4493,23.2831,0
16,116,-0.0052,-0.0003,643.41,1590.38,1409.98,552.88,47.75,520.64,8.4426,23.1645,0
16,117,-0.0016,0.0001,643.36,1594.09,1415.27,552.32,47.64,520.12,8.4135,23.2922,0
16,118,-0.002,0.0004,642.67,1590.93,1419.59,552.65,47.6,520.83,8.4561,23.2876,0
16,119,-0.0017,0.0004,642.54,1596.43,1410.05,553.03,47.71,521.31,8.4822,23.3002,0
16,120,0.0011,-0.0002,642.97,1591.26,1409.54,551.68,47.5,520.3,8.48,23.1471,0
16,121,-0.0011,0.0001,643.25,1595.08,1418.02,552.41,47.78,520.78,8.4823,23.1478,0
16,122,-0.0001,-0.0003,643.45,1597.02,1418.2,552.56,47.93,520.5,8.4643,23.2109,0
16,123,-0.0039,-0.0003,643.01,1590.1,1412.0,551.9,47.67,521.01,8.4611,23.3199,0
16,124,0.0021,0.0001,643.44,1589.6,1420.38,552.86,47.74,521.39,8.461,23.1425,0
16,125,-0.0012,-0.0002,643.28,1592.44,1415.76,552.88,47.73,521.23,8.4819,23.1904,0
16,126,0.0014,-0.0005,642.91,1592.84,1416.83,553.63,47.56,520.71,8.4878,23.3927,0
16,127,0.0013,-0.0002,643.0,1584.07,1411.71,553.09,47.61,520.55,8.4492,23.3055,0
16,128,-0.0016,-0.0004,643.4,1595.63,1415.95,553.38,47.89,520.44,8.4715,23.3204,0
16,129,0.0007,0.0004,643.52,1592.05,1417.44,552.45,47.64,520.62,8.4584,23.1813,0
16,130,0.0019,-0.0001,642.94,1599.63,1417.16,552.5,47.63,520.84,8.4631,23.2245,0
16,131,0.0074,0.0004,642.7,1589.22,1416.08,552.23,47.76,521.01,8.4678,23.1324,0
16,132,-0.0028,0.0004,643.02,1598.03,1418.77,552.71,47.63,520.64,8.4498,23.2,0
16,133,0.0026,-0.0004,643.15,1594.41,1420.01,552.25,47.81,520.57,8.4492,23.1736,0
16,134,-0.0008,0.0004,642.84,1599.78,1416.75,552.45,47.7,520.99,8.4787,23.2487,0
16,135,0.0026,-0.0004,642.72,1583.72,1409.0,552.91,47.67,520.56,8.4627,23.2941,0
16,136,-0.0024,0.0004,642.89,1597.35,1418.89,552.35,47.73,520.87,8.4655,23.2248,0
16,137,0.003,-0.0,643.26,1592.81,1417.33,552.2,47.93,520.62,8.4569,23.1461,0
16,138,0.0018,-0.0001,642.84,1596.23,1409.83,552.69,47.92,520.45,8.4553,23.0984,0
16,139,-0.0017,0.0003,643.47,1591.84,1417.93,553.02,47.8,520.51,8.471,23.2702,0
16,140,-0.0036,-0.0005,643.41,1598.06,1409.19,552.52,47.76,520.55,8.456,23.1676,0
16,141,0.001,0.0003,643.02,1598.25,1411.63,552.66,47.81,520.7,8.4793,23.2379,0
16,142,-0.001,-0.0001,643.07,1601.02,1419.96,551.91,47.84,520.86,8.4725,23.2524,0
16,143,0.0033,0.0001,643.09,1602.86,1415.38,552.8,47.85,521.06,8.4614,23.2587,0
16,144,-0.0018,-0.0002,642.85,1594.73,1421.52,552.66,47.72,520.9,8.4684,23.2351,0
16,145,0.0006,-0.0001,643.2,1598.17,1414.55,552.37,47.69,521.23,8.4758,23.2071,0
16,146,-0.0057,-0.0001,643.26,1593.02,1418.12,552.73,47.88,520.11,8.4816,23.2294,0
16,147,0.0022,-0.0002,643.4,1588.66,1420.49,552.67,47.73,521.02,8.5224,23.2177,0
16,148,-0.0038,-0.0004,642.6,1600.22,1415.16,552.62,47.94,520.71,8.4889,23.2746,0
16,149,-0.0012,-0.0001,643.24,1595.36,1413.59,552.34,47.82,520.63,8.4534,23.2283,0
16,150,0.0031,0.0003,643.62,1596.08,1416.16,552.78,47.85,520.7,8.4826,23.1849,0
16,151,0.0009,-0.0001,642.96,1595.32,1422.85,552.42,47.91,520.62,8.4916,23.0985,0
16,152,-0.0021,-0.0001,642.75,1593.67,1408.97,551.92,47.73,521.49,8.4466,23.2125,0
16,153,0.002,-0.0004,642.97,1589.41,1416.37,553.14,47.86,521.15,8.4849,23.2593,0
16,154,0.0001,-0.0004,642.83,1593.63,1414.51,552.76,47.76,519.86,8.4811,23.1699,0
16,155,0.0032,-0.0001,643.31,1589.79,1417.87,552.75,47.82,520.81,8.4638,23.2593,0
16,156,0.0037,-0.0002,643.06,1587.11,1416.88,552.72,47.93,520.49,8.4723,23.1481,0
16,157,0.0019,0.0005,643.4,1591.78,1411.02,552.52,47.78,520.51,8.518,23.1859,0
16,158,-0.0011,-0.0001,643.07,1595.38,1413.62,552.47,47.88,520.5,8.5021,23.2693,0
16,159,-0.0005,-0.0003,643.07,1600.76,1410.04,552.61,47.93,520.71,8.4992,23.1548,0
16,160,0.0007,0.0005,643.24,1592.09,1419.9,552.69,47.85,520.45,8.4707,23.1367,0
16,161,0.0004,-0.0003,643.13,1597.31,1420.55,552.7,47.93,520.08,8.498,23.2068,0
16,162,0.0003,-0.0002,642.75,1593.25,1417.47,552.6,47.76,520.53,8.4649,23.1313,0
16,163,0.0005,-0.0003,642.78,1592.48,1421.62,552.15,47.88,520.19,8.4795,23.0346,0
16,164,-0.003,0.0003,642.88,1583.97,1416.46,551.63,47.67,520.14,8.4728,23.2151,0
16,165,0.0041,-0.0002,642.97,1594.52,1406.3,551.74,47.87,520.46,8.4423,23.1345,0
16,166,0.0022,-0.0001,643.59,1605.55,1416.63,552.13,47.86,519.96,8.4766,23.0732,0
16,167,-0.0006,0.0003,643.05,1599.2,1415.55,552.5,47.89,520.11,8.4811,23.1939,0
16,168,0.0006,0.0,643.64,1595.22,1419.24,552.03,47.77,520.6,8.4834,23.1782,0
16,169,0.0016,0.0002,642.66,1588.48,1422.83,552.7,48.04,520.0,8.503,23.0166,0
16,170,0.0015,0.0002,643.08,1601.22,1423.57,552.35,48.01,520.61,8.502,23.2044,0
16,171,0.0013,0.0005,643.49,1593.14,1425.53,552.16,48.09,520.46,8.438,23.1953,0
16,172,-0.003,0.0002,643.23,1593.09,1420.7,552.28,48.01,520.96,8.5053,23.1909,0
16,173,0.0,-0.0001,643.2,1597.34,1418.31,552.04,47.76,520.3,8.4968,23.0991,0
16,174,0.0013,-0.0002,643.59,1604.53,1416.51,552.69,47.95,520.79,8.4877,23.1996,0
16,175,-0.0,-0.0004,643.33,1598.74,1426.64,552.27,47.92,520.56,8.4757,23.2217,0
16,176,-0.0022,0.0001,643.16,1597.14,1421.84,551.6,47.85,520.59,8.455,23.1382,0
16,177,0.001,0.0001,643.3,1597.68,1419.99,551.87,47.9,520.59,8.5108,23.1236,0
16,178,0.0002,0.0004,643.56,1594.89,1417.45,551.95,47.79,520.4,8.4805,23.0919,0
16,179,-0.0012,0.0,643.6,1599.17,1417.4,551.89,47.74,519.54,8.5156,23.1488,1
16,180,0.0045,-0.0003,643.52,1593.85,1424.52,552.16,47.96,519.83,8.4879,23.0862,1
16,181,0.0015,0.0,642.78,1596.41,1428.06,551.72,47.96,520.23,8.5157,23.1118,1
16,182,-0.0021,-0.0005,643.4,1592.7,1421.49,551.67,47.92,520.38,8.4881,23.1526,1
16,183,-0.0,0.0002,643.51,1606.45,1419.12,551.41,48.11,520.35,8.4686,23.1246,1
16,184,-0.0001,0.0,643.15,1598.35,1417.83,551.88,47.81,520.3,8.4978,23.2105,1
16,185,-0.0002,-0.0005,643.5,1592.92,1423.93,550.96,48.07,520.08,8.5089,23.0247,1
16,186,0.0013,0.0004,643.73,1594.87,1427.07,550.85,48.1,519.99,8.4415,23.1274,1
16,187,-0.0022,-0.0003,642.9,1595.84,1423.67,552.53,47.91,520.64,8.5249,23.1017,1
16,188,0.0034,-0.0001,643.18,1600.43,1425.79,551.45,47.99,520.26,8.4923,23.0293,1
16,189,-0.0033,-0.0003,643.69,1599.54,1418.5,551.1,48.03,520.03,8.4897,23.164,1
16,190,-0.0031,0.0002,643.79,1603.14,1422.67,551.78,47.97,520.18,8.5204,23.11,1
16,191,-0.0002,0.0003,643.75,1597.74,1426.81,551.47,47.97,519.92,8.5027,23.0648,1
16,192,0.0008,0.0005,643.38,1597.73,1430.31,552.03,48.04,519.66,8.4965,23.1404,1
16,193,-0.0007,0.0001,643.1,1599.46,1426.24,551.57,47.94,519.45,8.4697,23.0865,1
16,194,0.0002,-0.0001,643.74,1602.99,1425.86,551.42,48.08,519.58,8.549,23.0638,1
16,195,0.0032,0.0004,643.47,1608.02,1428.85,551.68,48.08,520.26,8.5333,23.1536,1
16,196,-0.0049,0.0005,643.36,1594.72,1423.16,552.22,47.92,519.6,8.5304,23.044,1
16,197,0.0011,0.0,643.76,1595.45,1428.81,551.56,47.98,519.79,8.5345,23.0969,1
16,198,0.0038,0.0004,643.5,1600.59,1429.68,551.33,48.16,519.88,8.5094,22.9774,1
16,199,0.0006,-0.0004,643.67,1601.82,1424.25,551.06,47.97,519.41,8.5258,23.108,1
16,200,0.0035,0.0002,644.27,1597.45,1425.06,551.36,48.1,519.48,8.5314,23.1342,1
16,201,-0.0061,0.0005,643.45,1597.43,1429.67,551.8,47.93,519.96,8.4904,23.0557,1
16,202,-0.0006,-0.0001,643.2,1600.99,1426.59,551.42,48.11,519.4,8.5369,23.1639,1
16,203,0.0002,-0.0004,644.18,1607.21,1423.13,551.23,47.87,519.65,8.5495,23.1279,1
16,204,-0.0006,-0.0001,643.86,1598.86,1427.74,551.12,47.99,519.63,8.4722,23.0637,1
16,205,0.0035,0.0001,643.88,1608.26,1426.2,551.01,48.08,519.8,8.5213,23.2392,1
16,206,0.0025,0.0001,643.6,1601.98,1419.63,551.42,47.92,519.5,8.5139,23.0701,1
16,207,0.0001,0.0001,643.86,1605.94,1434.58,551.2,48.2,519.29,8.5595,23.0348,1
16,208,0.0024,-0.0002,644.47,1595.68,1437.53,550.51,48.2,519.64,8.5419,23.0087,1
16,209,0.0012,-0.0002,643.61,1601.47,1429.68,551.17,48.28,519.44,8.5258,23.1505,1
17,1,-0.0032,0.0005,641.45,1587.52,1401.29,555.25,47.25,522.19,8.3859,23.5279,0
17,2,0.0008,0.0005,642.13,1589.83,1399.55,554.3,47.34,522.07,8.4125,23.4691,0
17,3,-0.0011,0.0005,642.1,1587.43,1400.98,555.27,47.15,522.68,8.4146,23.3437,0
17,4,0.0042,-0.0002,642.07,1586.55,1394.42,554.35,47.33,522.65,8.4033,23.4337,0
17,5,0.0008,-0.0004,642.09,1582.86,1400.71,554.88,47.15,522.39,8.3931,23.4077,0
17,6,-0.0025,0.0003,642.57,1585.26,1400.36,554.52,47.32,522.24,8.4113,23.5295,0
17,7,-0.0006,-0.0002,641.54,1585.86,1398.68,554.36,47.2,522.31,8.3787,23.4017,0
17,8,-0.0027,-0.0001,642.27,1587.62,1399.79,554.76,47.17,522.69,8.3459,23.4415,0
17,9,-0.0007,0.0003,642.07,1579.05,1393.24,554.37,47.22,522.29,8.3996,23.37,0
17,10,0.0023,0.0002,642.33,1583.05,1391.98,554.43,47.16,522.55,8.3449,23.4097,0
17,11,0.0021,0.0005,642.3,1577.49,1397.93,554.62,47.19,521.87,8.4145,23.3646,0
17,12,-0.002,0.0001,641.65,1584.84,1390.53,554.5,47.11,522.49,8.3869,23.4954,0
17,13,-0.0031,-0.0003,641.73,1581.36,1398.84,554.66,47.29,522.24,8.4083,23.4894,0
17,14,0.0041,0.0003,641.53,1585.51,1402.96,554.17,47.11,522.44,8.3637,23.374,0
17,15,0.0021,-0.0,641.78,1590.12,1399.15,554.94,47.09,522.05,8.4564,23.3585,0
17,16,0.0023,0.0001,641.79,1582.26,1394.02,554.85,47.26,522.39,8.3484,23.4428,0
17,17,-0.0016,-0.0,642.2,1583.35,1402.41,554.5,47.28,522.07,8.3929,23.4013,0
17,18,-0.0007,0.0001,641.9,1585.5,1398.16,554.11,47.23,521.91,8.3788,23.4303,0
17,19,-0.0018,0.0005,642.13,1584.27,1402.27,554.59,47.12,522.52,8.4341,23.4579,0
17,20,-0.0004,0.0004,641.99,1578.99,1395.63,554.71,46.95,522.17,8.4021,23.409,0
17,21,0.0001,-0.0002,641.87,1591.0,1394.39,554.72,47.24,522.37,8.4147,23.3543,0
17,22,-0.0019,-0.0,642.21,1585.58,1402.13,554.33,47.22,522.43,8.3976,23.4084,0
17,23,-0.0006,-0.0003,642.58,1579.93,1395.52,556.06,47.13,522.87,8.4123,23.353,0
17,24,-0.0009,0.0005,642.0,1589.65,1398.13,554.61,47.38,522.97,8.3818,23.4901,0
17,25,0.0004,0.0002,641.91,1585.22,1399.79,553.94,47.19,522.47,8.4109,23.4079,0
17,26,0.002,-0.0004,642.09,1583.42,1394.01,554.21,47.23,522.29,8.4051,23.4725,0
17,27,-0.0006,-0.0003,642.36,1588.08,1394.29,554.71,47.3,521.94,8.4162,23.2903,0
17,28,0.0003,0.0004,642.43,1582.26,1395.77,554.16,47.21,522.14,8.445,23.3871,0
17,29,-0.0001,0.0001,642.29,1586.41,1394.51,554.37,47.06,522.64,8.3909,23.3908,0
17,30,-0.001,0.0002,642.05,1583.19,1393.77,555.01,47.17,522.47,8.4176,23.4329,0
17,31,0.0,0.0003,642.21,1577.4,1400.16,554.3,47.28,522.21,8.3891,23.3951,0
17,32,-0.0013,-0.0002,641.92,1582.34,1398.55,553.96,47.02,522.26,8.4186,23.3134,0
17,33,-0.004,-0.0001,641.87,1586.14,1402.83,554.47,47.23,521.88,8.3967,23.3996,0
17,34,0.0017,-0.0004,642.07,1587.67,1396.34,554.32,47.31,522.48,8.4157,23.5428,0
17,35,-0.0014,0.0005,642.34,1587.09,1395.86,553.96,47.2,521.98,8.4168,23.3925,0
17,36,0.0008,-0.0,642.18,1581.6,1401.3,555.02,47.28,522.12,8.3927,23.3091,0
17,37,-0.0012,0.0005,642.26,1580.95,1397.82,554.18,47.34,522.64,8.4527,23.4543,0
17,38,-0.0014,0.0002,642.24,1586.55,1400.44,554.68,47.3,521.75,8.4046,23.396,0
17,39,-0.0047,0.0004,642.44,1584.93,1397.22,554.56,47.39,522.13,8.3662,23.4533,0
17,40,-0.0012,0.0004,642.05,1586.67,1396.39,554.69,47.19,522.32,8.3823,23.3871,0
17,41,-0.0007,0.0002,642.18,1587.24,1397.63,554.75,47.16,522.25,8.4122,23.3853,0
17,42,0.0038,-0.0003,642.74,1579.57,1397.41,554.42,47.42,522.83,8.3976,23.3936,0
17,43,0.0013,-0.0004,642.28,1589.9,1390.87,554.45,47.02,522.4,8.3984,23.3629,0
17,44,0.0042,0.0005,641.83,1583.24,1397.69,554.6,47.2,522.11,8.3944,23.4538,0
17,45,-0.0051,0.0003,642.45,1593.52,1403.54,554.37,47.19,522.31,8.4038,23.457,0
17,46,0.0019,-0.0002,642.06,1585.63,1391.13,554.81,47.1,522.65,8.3913,23.3782,0
17,47,0.0016,-0.0002,642.46,1585.86,1403.53,554.41,47.17,522.37,8.3923,23.4642,0
17,48,0.0005,0.0004,642.36,1584.05,1396.55,555.2,47.31,521.91,8.389,23.4141,0
17,49,-0.0018,0.0002,641.74,1584.73,1396.28,554.07,47.35,522.41,8.41,23.3393,0
17,50,-0.0002,-0.0002,642.03,1582.81,1399.94,554.02,47.19,522.68,8.3908,23.4165,0
17,51,0.0018,0.0004,642.22,1578.52,1395.27,554.79,47.18,522.52,8.3788,23.5128,0
17,52,-0.0056,-0.0,642.07,1589.05,1400.73,554.43,47.27,522.02,8.3841,23.427,0
17,53,-0.0,-0.0003,642.93,1585.91,1390.76,554.31,47.1,522.32,8.4207,23.4397,0
17,54,0.0012,0.0004,642.52,1585.11,1400.51,554.16,47.17,522.3,8.4012,23.4519,0
17,55,0.0004,-0.0003,642.08,1583.19,1393.34,553.72,47.43,521.76,8.4243,23.4178,0
17,56,-0.0006,-0.0002,642.28,1586.86,1393.85,554.2,47.22,522.48,8.4289,23.291,0
17,57,0.0029,-0.0004,641.78,1587.02,1397.35,554.18,47.22,522.27,8.403,23.4028,0
17,58,0.0033,0.0002,642.28,1581.59,1405.33,553.69,47.3,522.6,8.4086,23.3592,0
17,59,-0.0016,0.0001,642.0,1589.37,1402.36,554.26,47.35,522.39,8.4116,23.3498,0
17,60,0.0001,-0.0002,642.31,1581.75,1401.54,554.0,47.26,521.57,8.4102,23.3466,0
17,61,-0.0012,-0.0,642.39,1586.61,1401.51,554.69,47.25,522.85,8.3899,23.4476,0
17,62,-0.0021,-0.0001,642.16,1581.58,1390.41,554.24,47.24,522.04,8.3946,23.4242,0
17,63,0.0005,0.0004,642.31,1576.29,1399.59,554.31,47.15,521.89,8.4198,23.5292,0
17,64,-0.0017,-0.0005,642.04,1580.18,1402.7,555.0,47.36,522.51,8.3876,23.3255,0
17,65,0.0041,0.0003,642.46,1587.59,1407.64,554.21,47.32,522.43,8.4267,23.3514,0
17,66,0.0031,0.0004,641.86,1582.9,1400.35,554.16,47.25,522.73,8.4063,23.425,0
17,67,-0.0005,-0.0001,642.32,1588.14,1405.95,554.27,47.11,522.5,8.4147,23.3704,0
17,68,0.0044,0.0001,642.72,1590.12,1399.78,554.79,47.13,522.09,8.4107,23.4402,0
17,69,-0.0038,-0.0003,642.28,1588.27,1402.03,554.36,47.37,522.42,8.4251,23.2853,0
17,70,0.0008,0.0002,642.09,1586.68,1401.11,554.32,47.34,521.73,8.4343,23.4371,0
17,71,-0.0008,0.0001,642.79,1584.29,1403.57,554.75,47.24,522.6,8.4107,23.5323,0
17,72,-0.0,0.0001,641.89,1584.47,1398.68,553.33,47.37,522.44,8.4338,23.3594,0
17,73,0.0033,-0.0002,642.1,1585.12,1395.65,553.86,47.12,522.36,8.387,23.4495,0
17,74,-0.0005,-0.0004,641.78,1583.54,1401.35,554.65,47.22,522.0,8.4099,23.418,0
17,75,-0.001,0.0005,642.53,1584.97,1399.29,554.26,47.19,522.48,8.411,23.4905,0
17,76,0.0007,0.0001,642.13,1585.73,1404.19,554.56,47.22,522.22,8.4251,23.499,0
17,77,-0.0055,-0.0001,641.96,1578.85,1398.07,554.47,47.22,522.18,8.4107,23.346,0
17,78,-0.0003,0.0005,642.54,1575.15,1400.24,555.16,47.14,522.29,8.4346,23.3824,0
17,79,0.0004,-0.0001,642.3,1584.01,1401.89,553.78,47.24,522.15,8.4109,23.3999,0
17,80,-0.001,-0.0003,642.47,1587.84,1401.12,554.21,47.33,521.94,8.3726,23.354,0
17,81,-0.0024,-0.0002,642.18,1580.49,1402.76,553.79,47.17,522.28,8.4314,23.4297,0
17,82,0.0028,-0.0002,642.09,1587.4,1402.51,554.72,47.08,522.27,8.4216,23.4179,0
17,83,0.0025,-0.0004,641.73,1585.25,1399.05,554.53,47.35,521.85,8.3942,23.4432,0
17,84,0.0008,-0.0002,642.83,1582.09,1397.57,554.44,47.33,522.42,8.4064,23.4181,0
17,85,0.0015,-0.0,642.04,1581.68,1402.77,554.05,47.2,522.37,8.4122,23.3981,0
17,86,0.0003,0.0003,642.23,1577.94,1400.35,554.04,47.34,522.14,8.3954,23.4391,0
17,87,-0.0018,0.0002,642.22,1589.28,1395.99,554.69,47.14,522.3,8.4027,23.4516,0
17,88,-0.0025,-0.0001,642.56,1588.99,1398.02,554.51,47.27,522.18,8.4235,23.5028,0
17,89,0.0036,0.0004,641.9,1583.74,1408.61,553.24,47.24,521.69,8.3915,23.4192,0
17,90,0.0033,-0.0002,642.5,1588.75,1397.48,554.91,47.43,522.08,8.3672,23.4356,0
17,91,0.0027,-0.0003,642.96,1585.37,1402.28,554.18,47.31,522.44,8.3709,23.2512,0
17,92,-0.0003,0.0004,642.25,1583.37,1401.28,554.22,47.32,521.94,8.3949,23.4493,0
17,93,-0.0014,-0.0002,641.97,1586.86,1406.35,554.17,47.11,522.14,8.4124,23.4439,0
17,94,-0.0018,0.0004,642.37,1593.89,1400.73,554.15,47.31,521.81,8.4021,23.2841,0
17,95,-0.0025,-0.0004,642.49,1592.66,1398.86,554.97,47.29,522.65,8.3993,23.4424,0
17,96,0.001,-0.0004,642.9,1581.1,1400.12,554.69,47.4,522.15,8.4328,23.4321,0
17,97,-0.0026,0.0004,642.15,1586.44,1399.53,554.73,47.24,522.22,8.3978,23.4664,0
17,98,-0.0014,-0.0,642.46,1582.67,1402.17,553.94,47.23,522.22,8.4133,23.3428,0
17,99,-0.0001,0.0005,642.23,1584.16,1401.3,554.82,47.23,522.29,8.3843,23.3972,0
17,100,-0.0072,-0.0002,642.31,1581.27,1396.71,554.04,47.35,522.32,8.4034,23.3664,0
17,101,0.0015,-0.0004,641.89,1587.61,1406.0,554.42,47.18,522.29,8.4207,23.3533,0
17,102,0.0005,-0.0003,642.33,1588.31,1400.65,555.12,47.17,522.07,8.3835,23.4404,0
17,103,0.0023,0.0002,642.41,1579.63,1398.34,554.49,47.14,521.84,8.4024,23.4679,0
17,104,0.0011,-0.0,642.04,1588.67,1404.87,554.89,47.33,522.56,8.388,23.3754,0
17,105,-0.0011,-0.0003,641.93,1583.07,1396.6,554.59,47.34,522.44,8.4383,23.3343,0
17,106,-0.0022,0.0002,642.25,1593.42,1401.6,553.81,47.45,522.34,8.4079,23.4032,0
17,107,0.0,-0.0001,642.71,1585.66,1401.31,554.14,47.24,522.04,8.422,23.2836,0
17,108,-0.0005,0.0004,642.24,1583.9,1393.71,554.27,47.29,522.11,8.4157,23.3878,0
17,109,-0.0009,0.0002,642.14,1591.46,1404.94,554.8,47.17,522.45,8.4136,23.4821,0
17,110,0.0012,0.0005,642.38,1585.52,1402.47,554.42,47.38,522.0,8.4198,23.3504,0
17,111,0.0016,0.0,642.16,1586.32,1398.1,554.04,47.12,522.45,8.4134,23.4853,0
17,112,-0.0002,0.0002,642.66,1588.81,1401.7,553.83,47.34,522.25,8.4002,23.2484,0
17,113,-0.0,0.0001,642.88,1590.27,1397.51,554.45,47.44,522.39,8.3965,23.4601,0
17,114,0.0024,0.0003,642.23,1584.92,1401.17,554.35,47.33,522.57,8.4073,23.4688,0
17,115,-0.0012,-0.0003,642.37,1578.31,1399.02,554.06,47.45,521.95,8.3886,23.4274,0
17,116,0.003,0.0003,642.08,1590.34,1398.49,553.97,47.14,522.15,8.4296,23.4046,0
17,117,-0.0039,-0.0003,642.27,1582.66,1399.59,554.3,47.19,522.2,8.3824,23.3763,0
17,118,-0.0012,0.0001,641.56,1584.12,1412.29,554.16,47.51,522.34,8.4501,23.3966,0
17,119,-0.0029,-0.0004,642.4,1583.74,1394.35,553.57,47.17,522.14,8.4079,23.3375,0
17,120,-0.0029,-0.0004,642.22,1583.24,1398.24,554.07,47.42,522.41,8.4152,23.3318,0
17,121,-0.0025,0.0001,641.63,1590.48,1403.91,554.53,47.5,521.78,8.436,23.3183,0
17,122,0.0003,0.0,642.21,1589.17,1403.5,554.8,47.33,521.38,8.3913,23.3101,0
17,123,-0.0006,-0.0002,642.36,1593.47,1404.06,553.9,47.26,522.59,8.4782,23.2781,0
17,124,-0.0027,0.0003,642.95,1591.07,1398.38,554.51,47.17,521.94,8.4248,23.3044,0
17,125,-0.0014,-0.0001,641.78,1587.36,1401.62,554.73,47.37,522.09,8.3653,23.3872,0
17,126,-0.0007,0.0004,642.46,1586.97,1410.91,554.5,47.27,522.13,8.4011,23.36,0
17,127,0.0002,-0.0002,642.23,1587.57,1405.74,553.96,47.45,521.9,8.408,23.4545,0
17,128,0.0015,-0.0001,642.33,1586.88,1403.27,553.71,47.29,521.8,8.4258,23.387,0
17,129,0.0019,-0.0001,641.78,1590.87,1395.24,554.01,47.32,521.83,8.4173,23.2828,0
17,130,-0.0033,0.0004,642.61,1590.93,1403.14,553.76,47.36,522.38,8.4394,23.2974,0
17,131,-0.0026,0.0004,641.92,1587.58,1406.9,553.82,47.37,522.15,8.4025,23.3725,0
17,132,0.0044,0.0005,642.88,1584.73,1405.16,554.52,47.26,522.17,8.4163,23.4027,0
17,133,0.0018,0.0005,642.54,1582.3,1395.69,554.78,47.37,521.94,8.4315,23.4232,0
17,134,-0.0027,-0.0003,642.85,1582.79,1401.67,554.2,47.26,522.12,8.3966,23.448,0
17,135,0.0011,0.0001,642.39,1581.13,1399.83,553.99,47.46,522.37,8.4142,23.443,0
17,136,0.0015,-0.0002,642.6,1594.1,1399.88,554.39,47.25,522.22,8.4095,23.3383,0
17,137,-0.0018,0.0002,642.6,1585.5,1403.29,553.53,47.2,522.16,8.4436,23.3797,0
17,138,0.0017,-0.0001,642.62,1585.66,1404.48,554.33,47.2,522.15,8.3738,23.4277,0
17,139,-0.0,0.0003,642.54,1594.99,1394.7,554.99,47.43,522.15,8.412,23.3232,0
17,140,-0.0004,0.0003,642.12,1593.98,1398.0,553.43,47.4,522.44,8.4541,23.3649,0
17,141,0.0005,-0.0002,642.22,1586.76,1402.17,554.14,47.4,521.9,8.4158,23.439,0
17,142,0.0019,-0.0001,642.46,1590.23,1394.96,553.32,47.25,521.62,8.4069,23.2935,0
17,143,0.0014,-0.0001,642.54,1586.74,1403.49,553.21,47.3,522.49,8.4402,23.2889,0
17,144,-0.0019,0.0002,641.94,1583.07,1407.06,553.85,47.32,521.82,8.3894,23.3687,0
17,145,-0.0019,-0.0003,642.3,1584.65,1397.85,554.06,47.35,522.19,8.4253,23.2876,0
17,146,-0.0001,0.0,642.42,1583.59,1405.31,553.95,47.25,521.64,8.3745,23.4263,0
17,147,-0.0032,-0.0002,641.61,1590.75,1405.51,554.51,47.38,521.64,8.4308,23.4109,0
17,148,0.001,0.0001,642.86,1588.66,1404.35,554.11,47.41,521.84,8.4223,23.3243,0
17,149,0.0031,-0.0004,642.68,1586.63,1399.87,553.2,47.46,521.84,8.4206,23.3674,0
17,150,0.0026,0.0004,641.98,1588.37,1400.46,553.62,47.3,522.08,8.4148,23.3882,0
17,151,0.0027,0.0003,642.49,1585.53,1401.98,554.6,47.28,522.41,8.3896,23.3245,0
17,152,0.0051,-0.0004,642.04,1593.13,1403.46,554.36,47.24,522.06,8.4213,23.3333,0
17,153,0.0024,0.0,642.96,1586.26,1395.23,554.25,47.37,521.44,8.4397,23.3772,0
17,154,0.0005,-0.0002,643.0,1580.31,1403.02,554.11,47.39,521.96,8.4325,23.2863,0
17,155,-0.0025,-0.0002,642.25,1580.98,1398.62,554.07,47.32,521.85,8.4217,23.3772,0
17,156,0.0015,0.0001,642.53,1585.24,1395.35,553.74,47.39,521.64,8.4294,23.4702,0
17,157,0.0011,0.0002,642.93,1587.96,1402.5,553.89,47.41,522.15,8.4198,23.2474,0
17,158,-0.0044,-0.0004,642.34,1586.11,1408.6,554.0,47.39,521.94,8.4323,23.3525,0
17,159,0.0001,-0.0005,642.72,1586.39,1393.73,553.71,47.42,521.75,8.4038,23.4214,0
17,160,-0.0007,0.0002,642.58,1589.31,1394.92,553.53,47.32,521.88,8.4545,23.3392,0
17,161,0.0007,0.0001,642.7,1595.22,1401.72,554.39,47.41,521.56,8.4288,23.2923,0
17,162,-0.0005,-0.0003,641.97,1587.8,1403.67,553.61,47.29,521.98,8.3727,23.2856,0
17,163,-0.0004,0.0002,642.07,1593.86,1406.47,554.58,47.61,522.21,8.3846,23.2523,0
17,164,-0.0025,-0.0002,642.22,1583.89,1412.84,553.92,47.08,522.64,8.3935,23.3198,0
17,165,-0.0028,-0.0002,642.2,1589.27,1400.95,554.09,47.28,522.01,8.4005,23.3098,0
17,166,0.0,0.0001,642.56,1580.45,1395.52,554.03,47.35,522.05,8.4073,23.292,0
17,167,-0.0006,0.0001,642.36,1582.58,1402.52,553.89,47.2,521.72,8.4203,23.2854,0
17,168,-0.0014,0.0,641.98,1591.18,1395.11,553.45,47.32,522.13,8.4095,23.3429,0
17,169,-0.0045,-0.0002,642.67,1584.04,1410.3,553.68,47.33,522.22,8.4124,23.3404,0
17,170,0.0003,0.0,642.84,1593.08,1397.9,554.39,47.49,522.31,8.4557,23.4283,0
17,171,0.0037,0.0003,642.58,1586.53,1403.43,554.59,47.39,522.04,8.4302,23.3404,0
17,172,-0.0017,-0.0002,642.72,1593.31,1402.83,554.25,47.38,521.9,8.4294,23.4612,0
17,173,-0.003,-0.0003,642.84,1584.9,1407.84,554.3,47.24,521.67,8.4067,23.4445,0
17,174,0.0025,-0.0002,643.04,1585.99,1397.64,552.86,47.45,522.1,8.3911,23.2987,0
17,175,-0.0003,-0.0003,642.45,1594.12,1404.96,553.72,47.45,521.85,8.4079,23.3794,0
17,176,-0.0007,-0.0002,642.18,1586.34,1399.89,554.48,47.46,521.7,8.4111,23.2551,0
17,177,-0.0004,0.0002,642.36,1585.89,1407.83,553.99,47.51,521.76,8.416,23.3162,0
17,178,-0.0024,0.0001,642.62,1587.15,1403.37,553.89,47.38,522.07,8.434,23.2983,0
17,179,0.0037,0.0001,642.97,1589.44,1401.41,553.71,47.41,521.51,8.3721,23.3575,0
17,180,-0.0007,0.0001,642.11,1586.0,1412.6,553.84,47.43,521.72,8.4301,23.3311,0
17,181,-0.0017,0.0004,642.46,1583.92,1409.66,554.03,47.35,521.68,8.3988,23.3106,0
17,182,0.0012,0.0,642.63,1588.34,1408.71,554.0,47.56,522.32,8.4153,23.3561,0
17,183,-0.0048,0.0005,643.0,1598.21,1405.2,553.8,47.37,521.77,8.417,23.321,0
17,184,-0.0012,0.0002,642.61,1590.64,1401.65,553.35,47.29,521.69,8.4398,23.3142,0
17,185,0.0005,-0.0004,642.56,1590.84,1402.19,553.53,47.3,521.87,8.4302,23.3731,0
17,186,0.0011,-0.0,642.6,1584.49,1397.07,553.77,47.55,522.21,8.4466,23.3551,0
17,187,-0.003,0.0003,642.83,1598.42,1406.55,554.23,47.49,521.79,8.3888,23.264,0
17,188,0.0005,0.0003,642.57,1588.56,1406.95,553.33,47.37,521.78,8.4254,23.3991,0
17,189,-0.002,-0.0004,642.43,1585.39,1401.76,553.54,47.42,522.02,8.4385,23.2303,0
17,190,-0.0033,0.0005,642.25,1596.9,1410.8,553.86,47.27,521.62,8.4298,23.2449,0
17,191,-0.0028,-0.0002,642.63,1591.59,1400.26,554.13,47.61,521.17,8.4122,23.3415,0
17,192,0.0024,-0.0002,642.55,1586.71,1409.87,554.54,47.53,521.53,8.4493,23.343,0
17,193,0.0003,-0.0004,642.46,1596.63,1408.77,553.64,47.4,521.76,8.4148,23.3076,0
17,194,-0.0012,0.0001,643.07,1587.51,1410.3,552.51,47.64,521.8,8.4261,23.2493,0
17,195,0.0033,0.0003,642.85,1584.21,1405.3,554.27,47.36,521.97,8.4251,23.3354,0
17,196,0.0003,0.0001,642.98,1588.67,1404.79,553.42,47.53,522.16,8.4634,23.3255,0
17,197,0.0021,0.0004,642.46,1589.8,1411.75,553.48,47.4,521.85,8.4321,23.3218,0
17,198,0.0006,0.0003,642.35,1587.84,1407.94,554.07,47.61,521.77,8.4606,23.3737,0
17,199,-0.0039,0.0003,642.05,1584.36,1404.1,553.94,47.46,521.47,8.4463,23.3126,0
17,200,0.0018,-0.0001,642.49,1583.5,1402.29,553.8,47.31,521.7,8.4183,23.3859,0
17,201,0.0004,-0.0,642.54,1598.26,1406.68,553.68,47.62,521.21,8.4463,23.359,0
17,202,0.0021,0.0003,642.11,1587.1,1404.18,553.14,47.29,521.24,8.4543,23.287,0
17,203,-0.0019,0.0001,642.86,1583.16,1408.23,552.97,47.59,521.23,8.4249,23.2474,0
17,204,0.0031,0.0002,642.87,1589.72,1406.92,553.47,47.57,521.49,8.4462,23.2776,0
17,205,-0.0015,0.0001,642.53,1591.21,1408.9,554.09,47.62,521.87,8.404,23.1035,0
17,206,-0.0062,-0.0004,642.75,1584.7,1400.9,553.84,47.59,522.13,8.4346,23.2152,0
17,207,0.0043,-0.0004,642.67,1586.55,1409.62,553.24,47.5,521.67,8.4357,23.327,0
17,208,0.002,0.0003,642.2,1589.75,1408.41,553.85,47.54,521.25,8.4291,23.3964,0
17,209,-0.0031,0.0002,642.85,1586.79,1399.69,553.35,47.41,521.12,8.4429,23.2707,0
17,210,-0.0014,0.0003,642.58,1597.16,1406.89,553.39,47.43,521.9,8.4259,23.3856,0
17,211,-0.0009,-0.0004,642.52,1589.79,1412.93,554.08,47.39,521.32,8.438,23.338,0
17,212,0.0006,-0.0002,642.56,1589.47,1413.36,553.56,47.6,521.11,8.4334,23.306,0
17,213,-0.0019,0.0005,642.47,1587.09,1407.88,553.07,47.34,521.79,8.4359,23.3755,0
17,214,0.0002,-0.0,643.01,1595.01,1414.55,553.74,47.51,521.34,8.4108,23.1943,0
17,215,0.0003,0.0005,642.74,1590.37,1410.19,553.33,47.41,521.55,8.4348,23.1593,0
17,216,-0.0023,-0.0001,642.73,1592.56,1417.78,552.61,47.37,521.14,8.4621,23.1804,0
17,217,0.0042,0.0001,642.81,1591.34,1409.4,553.14,47.49,521.12,8.4657,23.2216,0
17,218,0.0014,0.0005,642.69,1593.94,1409.23,553.28,47.56,521.72,8.452,23.2116,0
17,219,-0.0006,0.0004,642.67,1588.2,1409.23,553.24,47.36,521.73,8.4623,23.2798,0
17,220,-0.001,-0.0004,642.43,1593.96,1410.74,553.1,47.39,521.32,8.4338,23.2437,0
17,221,-0.0023,-0.0002,642.68,1589.89,1406.92,553.29,47.69,521.19,8.4421,23.3312,0
17,222,-0.0014,0.0003,643.3,1600.94,1406.96,553.75,47.67,521.29,8.4565,23.1434,0
17,223,0.0008,0.0002,642.79,1585.32,1409.63,553.95,47.42,521.24,8.4683,23.3197,0
17,224,-0.004,0.0003,643.04,1594.78,1410.57,553.04,47.58,521.56,8.4641,23.1333,0
17,225,0.001,-0.0004,643.68,1594.64,1409.17,552.61,47.58,521.44,8.454,23.178,0
17,226,-0.0024,0.0001,643.19,1587.67,1413.49,553.03,47.64,520.9,8.4153,23.2297,0
17,227,0.0001,0.0001,642.66,1591.11,1410.2,553.52,47.64,520.98,8.4643,23.312,0
17,228,-0.0017,-0.0002,643.11,1588.27,1411.02,553.32,47.49,521.41,8.4544,23.2811,0
17,229,-0.0021,0.0004,642.91,1591.13,1413.03,553.83,47.57,521.04,8.4469,23.2396,0
17,230,-0.0017,-0.0002,643.1,1590.1,1411.74,553.68,47.53,520.89,8.4554,23.1847,0
17,231,0.0016,-0.0,642.78,1597.89,1418.15,552.86,47.61,520.97,8.4632,23.234,0
17,232,0.0027,0.0004,643.1,1591.59,1415.25,552.91,47.49,521.06,8.4124,23.1387,0
17,233,-0.0005,-0.0004,643.03,1595.48,1409.53,552.87,47.65,521.09,8.4475,23.1826,0
17,234,-0.0006,0.0001,642.82,1590.95,1417.87,552.88,47.45,521.15,8.4235,23.1886,0
17,235,-0.0008,0.0003,643.22,1595.63,1407.83,552.42,47.66,521.34,8.4754,23.2613,0
17,236,0.0026,0.0004,642.95,1600.4,1417.09,553.32,47.76,520.7,8.4505,23.1692,0
17,237,0.0014,0.0003,642.46,1592.09,1408.25,552.89,47.61,521.0,8.4465,23.2524,0
17,238,-0.0027,0.0001,643.0,1593.94,1418.85,553.18,47.67,521.37,8.4623,23.1945,0
17,239,-0.0002,-0.0001,642.56,1600.14,1422.99,552.88,47.75,521.23,8.4775,23.256,0
17,240,-0.0009,-0.0004,643.17,1597.82,1418.71,553.42,47.67,520.91,8.4616,23.2331,0
17,241,0.0005,0.0001,642.96,1595.09,1415.02,553.21,47.65,521.59,8.4388,23.1517,0
17,242,-0.0008,-0.0002,643.41,1596.72,1419.3,552.89,47.66,521.08,8.4488,23.2495,0
17,243,-0.0038,0.0003,643.47,1595.79,1414.03,553.1,47.74,520.96,8.459,23.1161,0
17,244,-0.0011,-0.0002,643.05,1595.27,1422.37,552.84,47.65,521.24,8.4635,23.2356,0
17,245,-0.0003,-0.0001,643.37,1595.23,1411.52,553.29,47.9,521.01,8.4702,23.1402,0
17,246,-0.0022,0.0001,642.62,1597.58,1419.6,552.84,47.66,520.75,8.4397,23.2464,1
17,247,0.001,-0.0003,643.13,1597.55,1416.46,553.0,47.73,521.03,8.4916,23.17,1
17,248,-0.0004,0.0003,642.72,1601.33,1412.8,553.08,47.82,520.56,8.4594,23.1999,1
17,249,-0.006,-0.0003,643.05,1586.19,1421.61,552.98,47.96,521.15,8.4987,23.1289,1
17,250,-0.0013,-0.0004,643.21,1595.47,1415.21,552.59,47.69,520.53,8.4429,23.1109,1
17,251,-0.0007,0.0001,643.13,1592.38,1415.08,551.48,47.9,521.21,8.4902,23.1594,1
17,252,0.0015,-0.0001,642.91,1594.24,1414.83,552.46,47.71,520.57,8.4695,23.1611,1
17,253,0.0001,0.0004,643.22,1595.99,1418.95,552.99,47.79,520.9,8.4669,23.1701,1
17,254,-0.0,0.0004,643.01,1596.56,1421.67,552.55,47.78,520.68,8.4561,23.1806,1
17,255,0.001,-0.0,643.06,1593.97,1421.43,552.41,47.9,520.42,8.4853,23.1941,1
17,256,-0.0021,-0.0002,643.2,1605.95,1421.93,553.17,47.88,520.53,8.5161,23.1985,1
17,257,0.0012,0.0004,644.09,1594.72,1419.53,552.62,47.85,520.7,8.4991,23.1453,1
17,258,0.0017,-0.0,643.68,1602.79,1415.0,552.67,48.03,520.97,8.4594,23.1426,1
17,259,-0.0027,0.0002,643.27,1595.62,1428.3,552.52,47.95,520.84,8.4921,23.125,1
17,260,-0.0012,0.0003,643.17,1599.31,1428.94,552.38,47.89,520.63,8.5113,23.0846,1
17,261,0.0031,-0.0004,643.87,1596.92,1421.2,552.01,47.87,520.61,8.4809,22.9783,1
17,262,-0.0012,-0.0001,643.28,1597.94,1418.06,552.13,47.95,519.98,8.4567,23.0853,1
17,263,0.0006,0.0004,643.65,1601.45,1416.22,551.81,48.16,520.57,8.4526,23.0641,1
17,264,-0.003,-0.0004,643.62,1599.98,1427.41,552.61,47.89,520.74,8.4746,23.1302,1
17,265,-0.0001,-0.0004,643.64,1593.34,1429.2,552.59,47.88,520.83,8.4977,23.1248,1
17,266,0.002,0.0002,643.81,1601.24,1427.81,551.47,47.98,520.13,8.4876,23.0748,1
17,267,0.0031,0.0004,643.51,1608.86,1421.63,551.75,47.93,520.84,8.5067,23.1876,1
17,268,-0.002,0.0004,643.17,1603.62,1430.58,550.88,47.91,520.16,8.54,23.091,1
17,269,0.0026,-0.0002,643.73,1602.28,1430.87,552.2,48.14,520.54,8.4907,23.0103,1
17,270,0.0017,0.0,643.33,1602.5,1424.06,552.19,47.93,520.24,8.5155,23.1338,1
17,271,0.0025,0.0002,643.55,1608.55,1433.02,552.18,48.09,520.52,8.4998,23.0751,1
17,272,-0.0014,0.0002,643.13,1605.43,1422.78,552.13,48.2,520.08,8.5318,23.0667,1
17,273,0.0031,0.0004,643.71,1602.12,1422.72,552.04,48.23,520.09,8.5549,23.1137,1
17,274,-0.0018,0.0,643.58,1599.44,1420.47,551.96,48.09,519.77,8.5197,23.0759,1
17,275,-0.0003,0.0005,644.0,1601.52,1430.48,551.4,47.97,519.26,8.5472,23.0818,1
17,276,-0.0006,-0.0004,643.97,1599.82,1432.46,551.51,48.06,520.22,8.5171,23.0517,1
18,1,-0.0016,0.0005,642.49,1582.95,1401.6,554.59,47.19,521.41,8.3861,23.4234,0
18,2,-0.0006,0.0004,642.21,1589.39,1397.98,554.17,47.29,522.5,8.3788,23.5772,0
18,3,0.0029,0.0002,642.4,1590.51,1399.79,554.8,47.3,521.75,8.4153,23.445,0
18,4,0.0071,-0.0,642.28,1577.34,1393.92,553.56,47.29,521.63,8.3789,23.352,0
18,5,0.0003,-0.0001,641.48,1585.59,1398.89,554.49,47.22,522.25,8.3908,23.3086,0
18,6,0.0011,-0.0002,641.86,1579.69,1403.8,554.48,47.31,522.63,8.4012,23.3929,0
18,7,-0.0001,0.0005,641.58,1584.09,1389.32,554.23,47.14,522.27,8.4312,23.5667,0
18,8,0.0017,-0.0004,642.2,1580.01,1396.59,554.63,47.26,522.65,8.3996,23.4563,0
18,9,0.0044,0.0005,641.96,1588.77,1401.73,554.35,47.19,522.31,8.4192,23.4342,0
18,10,-0.0034,0.0002,642.23,1584.24,1399.28,554.08,47.29,521.92,8.3727,23.426,0
18,11,-0.0001,-0.0001,642.42,1579.74,1401.23,554.04,47.37,522.23,8.415,23.3028,0
18,12,0.0005,-0.0003,642.28,1583.42,1397.06,553.72,47.21,522.25,8.3509,23.4172,0
18,13,-0.0025,0.0004,642.49,1590.54,1399.01,554.54,47.15,522.16,8.3868,23.3905,0
18,14,0.0003,-0.0001,641.74,1582.73,1395.77,554.42,47.24,522.19,8.4477,23.4389,0
18,15,-0.0021,-0.0004,642.25,1579.36,1393.54,554.83,47.18,521.83,8.3826,23.4616,0
18,16,0.0003,0.0002,641.9,1581.77,1402.19,554.45,47.38,522.01,8.4036,23.3818,0
18,17,-0.0034,-0.0002,641.87,1578.41,1405.99,554.0,47.3,522.51,8.3841,23.4297,0
18,18,-0.0005,0.0005,642.14,1583.75,1397.2,554.01,47.26,522.31,8.3987,23.3747,0
18,19,0.0003,-0.0004,641.89,1579.43,1394.13,555.27,47.3,522.19,8.4198,23.3372,0
18,20,0.0027,-0.0001,642.12,1587.86,1400.58,554.46,47.2,521.79,8.4425,23.2882,0
18,21,0.0024,-0.0002,642.08,1580.09,1400.02,554.87,47.17,522.17,8.3911,23.437,0
18,22,0.0022,0.0004,641.98,1586.02,1398.5,554.14,47.25,522.53,8.3932,23.3562,0
18,23,0.0022,-0.0,642.73,1583.22,1405.06,554.78,47.2,522.26,8.4113,23.4336,0
18,24,0.0013,0.0005,642.08,1580.53,1397.51,554.78,47.28,522.47,8.3805,23.4425,0
18,25,0.0,0.0003,642.23,1589.57,1398.44,554.62,47.16,522.5,8.3688,23.3008,0
18,26,0.0015,0.0002,642.57,1585.89,1394.98,555.0,47.23,522.54,8.3995,23.4793,0
18,27,0.0036,-0.0004,642.25,1594.33,1400.33,554.76,47.13,521.93,8.3913,23.3715,0
18,28,-0.0007,0.0003,642.16,1580.08,1399.53,554.54,47.21,522.04,8.3794,23.4025,0
18,29,-0.0018,-0.0003,642.41,1585.02,1394.96,554.63,47.16,522.43,8.3925,23.3274,0
18,30,0.0014,-0.0001,642.0,1588.57,1395.56,554.9,47.2,522.37,8.3905,23.3546,0
18,31,0.0004,-0.0001,642.1,1592.26,1404.1,554.16,47.17,522.32,8.4052,23.4109,0
18,32,0.0035,-0.0002,641.98,1580.23,1394.26,554.44,47.18,522.64,8.409,23.4597,0
18,33,0.0002,-0.0001,642.31,1580.6,1401.18,554.88,47.3,522.68,8.3906,23.3475,0
18,34,0.0001,0.0004,642.33,1583.0,1399.97,554.43,47.05,521.79,8.3703,23.3317,0
18,35,-0.002,0.0004,642.47,1584.89,1394.36,554.48,47.18,522.44,8.4074,23.398,0
18,36,0.0004,0.0005,642.06,1590.71,1399.61,553.99,47.23,522.56,8.4054,23.2457,0
18,37,-0.0033,0.0005,642.28,1587.03,1392.82,554.76,47.29,522.06,8.4062,23.486,0
18,38,-0.0006,-0.0004,642.4,1584.49,1407.5,554.47,47.17,522.46,8.3683,23.4201,0
18,39,0.0009,-0.0002,642.73,1586.56,1404.8,554.24,47.36,521.72,8.401,23.4609,0
18,40,-0.0007,0.0003,642.39,1586.54,1402.17,554.34,47.24,522.56,8.4039,23.5294,0
18,41,-0.0006,-0.0003,642.56,1582.41,1403.69,553.68,47.36,522.55,8.3846,23.3992,0
18,42,0.0033,-0.0005,642.02,1580.17,1391.59,554.32,47.29,522.36,8.3874,23.4594,0
18,43,-0.0016,0.0002,641.34,1584.5,1396.26,553.72,47.02,522.43,8.4054,23.3709,0
18,44,0.0008,0.0004,642.36,1589.34,1399.81,554.45,47.32,523.2,8.4213,23.3803,0
18,45,0.0017,-0.0003,642.12,1581.15,1397.54,554.12,47.26,522.77,8.4157,23.3931,0
18,46,0.0027,0.0001,642.28,1582.73,1404.38,554.6,47.38,522.16,8.4102,23.4673,0
18,47,0.0017,0.0001,642.38,1586.87,1395.33,553.6,47.32,522.54,8.4264,23.486,0
18,48,0.0009,0.0001,642.44,1587.51,1406.53,554.48,47.08,522.56,8.3754,23.3508,0
18,49,0.0023,-0.0002,642.13,1582.46,1406.51,554.26,47.09,522.01,8.42,23.4727,0
18,50,0.0006,0.0,642.01,1586.29,1389.54,554.24,47.15,522.14,8.3921,23.4438,0
18,51,0.0017,-0.0,642.62,1579.97,1394.35,554.7,47.21,522.25,8.4246,23.4403,0
18,52,-0.0006,-0.0002,641.76,1585.96,1395.27,554.05,47.22,522.25,8.4201,23.4214,0
18,53,0.0,0.0001,642.21,1584.77,1397.47,553.82,47.36,522.72,8.4039,23.4062,0
18,54,-0.0024,0.0005,642.22,1585.77,1395.13,554.6,47.29,521.85,8.3783,23.4104,0
18,55,0.0001,0.0003,642.29,1576.47,1397.52,554.18,47.23,522.28,8.387,23.3158,0
18,56,-0.0003,-0.0001,642.01,1581.79,1400.68,554.38,47.15,522.05,8.36,23.3274,0
18,57,-0.0033,0.0003,642.32,1583.13,1402.57,554.41,47.33,522.37,8.3994,23.3882,0
18,58,-0.0041,-0.0001,641.86,1584.65,1398.06,553.89,47.28,522.52,8.4098,23.3903,0
18,59,0.0032,-0.0002,641.95,1583.05,1399.84,554.36,47.32,522.41,8.442,23.4238,0
18,60,-0.0029,-0.0002,642.7,1584.03,1394.72,554.7,47.25,522.28,8.4094,23.348,0
18,61,0.0002,-0.0003,641.99,1592.63,1403.36,554.64,47.32,522.03,8.4013,23.3724,0
18,62,0.0011,-0.0,642.52,1584.72,1396.77,554.17,47.14,521.77,8.3968,23.3002,0
18,63,-0.0024,-0.0003,641.91,1581.59,1397.66,553.58,47.34,522.27,8.3693,23.516,0
18,64,0.0041,-0.0001,642.2,1588.24,1406.35,554.35,47.19,522.04,8.3938,23.3359,0
18,65,-0.0006,0.0003,641.92,1592.11,1400.88,554.17,47.21,522.08,8.3843,23.4608,0
18,66,0.0014,0.0001,641.96,1586.68,1399.45,554.28,47.25,522.12,8.4302,23.3676,0
18,67,0.0029,-0.0004,642.16,1588.45,1401.89,553.96,47.12,521.9,8.4307,23.3735,0
18,68,-0.0053,-0.0004,642.05,1589.56,1400.97,554.17,47.37,522.23,8.4359,23.4621,0
18,69,0.0001,-0.0002,641.91,1581.06,1400.12,554.35,47.12,522.38,8.4231,23.4357,0
18,70,-0.0008,0.0004,641.9,1588.15,1403.54,554.31,47.07,521.73,8.3974,23.3067,0
18,71,-0.0032,-0.0003,642.1,1584.7,1400.82,553.87,47.16,522.34,8.3866,23.3137,0
18,72,-0.0015,-0.0,642.24,1584.34,1391.78,554.78,47.15,522.43,8.4192,23.4116,0
18,73,0.0007,0.0,641.97,1577.0,1391.66,554.74,47.35,521.82,8.3926,23.4302,0
18,74,-0.0033,0.0001,642.1,1584.06,1395.07,554.56,47.24,522.17,8.3808,23.3216,0
18,75,0.0003,0.0004,642.43,1576.32,1398.36,553.26,47.25,522.26,8.3971,23.3983,0
18,76,-0.0014,0.0,641.89,1586.03,1397.41,554.11,47.29,521.88,8.363,23.2577,0
18,77,0.0019,-0.0002,642.5,1583.75,1393.92,554.86,47.19,522.18,8.3599,23.3231,0
18,78,0.0001,-0.0005,642.12,1584.6,1400.5,553.98,47.23,522.25,8.3759,23.3331,0
18,79,0.0016,0.0002,642.17,1579.53,1399.94,554.66,47.36,522.02,8.3849,23.3346,0
18,80,0.002,-0.0003,642.66,1593.04,1410.9,554.17,47.17,522.16,8.406,23.3668,0
18,81,-0.0021,-0.0002,642.67,1582.84,1402.79,554.76,47.26,522.29,8.4095,23.3978,0
18,82,-0.0035,0.0005,642.07,1587.74,1399.22,553.91,47.09,521.69,8.4407,23.239,0
18,83,-0.0009,0.0005,642.34,1592.64,1403.44,553.76,47.24,522.01,8.4416,23.3372,0
18,84,0.0015,-0.0004,642.09,1589.33,1397.41,554.04,47.09,522.14,8.4015,23.4021,0
18,85,-0.0049,-0.0002,642.09,1583.27,1401.56,553.94,47.3,522.37,8.4391,23.3582,0
18,86,0.0018,-0.0,642.25,1591.3,1403.07,553.97,47.29,522.58,8.3878,23.4095,0
18,87,0.0014,0.0002,642.06,1582.49,1394.99,554.53,47.29,521.75,8.3919,23.4634,0
18,88,-0.0004,0.0,641.84,1589.77,1401.22,554.32,47.15,522.07,8.4509,23.3098,0
18,89,-0.0032,-0.0001,642.38,1588.14,1400.59,553.94,47.12,521.81,8.4391,23.4089,0
18,90,-0.0008,0.0003,642.74,1586.97,1392.63,554.97,47.3,522.07,8.4299,23.3423,0
18,91,0.004,-0.0,642.48,1592.27,1400.36,554.23,47.3,522.02,8.3815,23.4079,0
18,92,0.0001,0.0005,642.55,1591.31,1401.38,553.38,47.34,522.51,8.4036,23.4669,0
18,93,-0.0002,0.0003,642.67,1584.95,1398.8,554.55,47.46,522.39,8.3889,23.3003,0
18,94,-0.0001,0.0004,641.73,1582.79,1393.97,554.63,47.21,522.12,8.3987,23.4619,0
18,95,-0.001,0.0002,642.19,1580.1,1398.09,554.8,47.2,522.24,8.4083,23.3255,0
18,96,0.0007,0.0003,642.0,1587.19,1399.31,554.6,47.26,522.6,8.3757,23.3862,0
18,97,0.0003,-0.0001,642.18,1579.99,1400.55,554.65,47.25,522.25,8.3938,23.3256,0
18,98,0.0002,0.0005,642.54,1588.03,1399.2,554.23,47.32,521.76,8.4182,23.3368,0
18,99,0.0022,0.0001,642.51,1588.5,1400.65,553.98,47.28,522.54,8.4058,23.3504,0
18,100,-0.0002,0.0003,642.44,1585.3,1410.56,554.24,47.18,521.75,8.4235,23.3536,0
18,101,-0.0,-0.0001,642.23,1591.29,1401.78,553.73,47.53,521.71,8.438,23.348,0
18,102,-0.0011,0.0004,641.74,1584.86,1399.41,554.16,47.16,522.17,8.4421,23.3604,0
18,103,-0.0009,-0.0003,642.59,1590.76,1395.61,553.59,47.39,521.69,8.4326,23.5415,0
18,104,0.0011,0.0001,642.15,1582.62,1398.49,554.37,47.4,521.9,8.4134,23.2726,0
18,105,-0.0028,0.0001,641.84,1589.47,1401.67,554.01,47.34,521.43,8.4446,23.506,0
18,106,0.001,-0.0001,642.35,1591.63,1399.96,553.69,47.29,522.03,8.4204,23.3657,0
18,107,0.0001,-0.0002,642.79,1591.51,1410.85,553.44,47.27,522.0,8.4153,23.4117,0
18,108,-0.0033,-0.0002,642.49,1590.9,1409.16,553.74,47.24,521.83,8.4134,23.2886,0
18,109,0.0019,-0.0001,642.27,1590.55,1392.8,554.23,47.27,522.48,8.4141,23.4017,0
18,110,-0.0011,0.0004,642.55,1586.44,1405.16,553.14,47.37,522.09,8.4556,23.3786,0
18,111,-0.0002,-0.0003,642.53,1582.44,1401.75,553.44,47.28,522.57,8.3795,23.3086,0
18,112,0.0005,-0.0,642.34,1579.35,1404.3,554.25,47.34,521.88,8.381,23.3279,0
18,113,0.0008,-0.0003,642.69,1587.61,1403.82,554.02,47.34,522.39,8.4331,23.3641,0
18,114,0.0021,-0.0002,642.23,1587.46,1404.07,553.42,47.34,521.86,8.4375,23.4542,0
18,115,0.0004,0.0004,641.71,1591.35,1406.5,554.13,47.44,522.02,8.4052,23.2573,0
18,116,-0.0001,0.0002,642.19,1583.87,1410.57,553.62,47.25,521.71,8.444,23.3951,0
18,117,-0.0022,0.0004,642.06,1583.79,1404.78,553.9,47.23,522.31,8.4498,23.3608,0
18,118,-0.0005,0.0004,642.43,1589.58,1397.3,554.27,47.46,521.13,8.4467,23.389,0
18,119,0.0029,-0.0002,641.9,1592.46,1404.23,554.56,47.4,522.04,8.4354,23.4318,0
18,120,-0.0013,0.0003,642.21,1592.07,1405.99,554.22,47.22,522.23,8.4292,23.3621,0
18,121,0.0005,0.0003,642.52,1586.5,1399.33,554.09,47.36,521.65,8.4074,23.3686,0
18,122,0.0003,-0.0001,642.86,1587.74,1400.36,553.72,47.11,521.92,8.4184,23.4212,0
18,123,-0.0019,-0.0002,642.57,1582.27,1394.88,554.33,47.37,522.52,8.4051,23.3722,0
18,124,0.0008,-0.0002,642.21,1593.4,1400.11,554.02,47.3,521.88,8.3898,23.3311,0
18,125,0.0001,-0.0002,642.0,1588.58,1398.29,554.2,47.24,521.79,8.3991,23.4273,0
18,126,-0.0008,0.0003,642.37,1590.08,1396.3,554.87,47.37,522.07,8.4042,23.3313,0
18,127,0.0039,-0.0004,642.12,1589.53,1407.98,554.75,47.57,521.78,8.4641,23.287,0
18,128,-0.0011,-0.0001,642.14,1591.4,1397.89,554.52,47.35,521.88,8.4255,23.3941,0
18,129,-0.0005,0.0005,642.37,1593.56,1406.09,553.52,47.42,521.94,8.4045,23.2507,0
18,130,0.0018,0.0002,642.77,1594.14,1398.72,553.87,47.34,522.32,8.4203,23.3142,0
18,131,0.0001,0.0003,643.09,1591.11,1410.53,553.25,47.26,521.97,8.4357,23.2572,0
18,132,0.0033,0.0005,642.82,1588.54,1399.38,554.37,47.43,521.45,8.4232,23.316,0
18,133,0.003,-0.0002,642.66,1588.81,1405.97,553.88,47.22,522.1,8.4674,23.3347,0
18,134,-0.0,0.0005,642.6,1582.54,1403.88,553.83,47.44,522.06,8.4524,23.3867,0
18,135,-0.0013,-0.0001,642.54,1585.67,1405.34,553.81,47.41,521.66,8.4401,23.3456,0
18,136,-0.0028,0.0002,642.32,1587.62,1403.88,553.71,47.49,522.33,8.4293,23.3646,0
18,137,0.0028,0.0,642.74,1594.35,1400.15,553.68,47.54,522.04,8.4317,23.3933,0
18,138,0.0021,-0.0,642.59,1588.95,1409.01,553.55,47.2,522.07,8.4681,23.2783,0
18,139,-0.0006,0.0002,642.44,1591.67,1397.75,553.03,47.35,522.03,8.4336,23.3199,0
18,140,0.0035,-0.0001,642.02,1590.42,1402.13,553.05,47.42,521.68,8.4339,23.3742,0
18,141,0.0021,0.0004,642.42,1588.93,1403.87,554.45,47.48,521.57,8.4279,23.2611,0
18,142,0.0005,0.0004,642.57,1589.41,1410.8,553.6,47.44,521.71,8.4321,23.355,0
18,143,-0.0035,-0.0001,643.27,1589.81,1408.32,553.74,47.4,521.07,8.4616,23.2704,0
18,144,0.0002,-0.0,642.94,1585.94,1411.93,553.55,47.54,521.96,8.4174,23.4092,0
18,145,-0.0025,0.0002,642.97,1591.89,1405.28,553.79,47.49,521.62,8.4263,23.3455,0
18,146,-0.0036,0.0002,642.69,1589.1,1414.44,554.14,47.31,521.58,8.4438,23.2522,0
18,147,-0.0013,-0.0002,642.37,1592.68,1404.3,553.39,47.56,522.06,8.3921,23.3401,0
18,148,0.0002,-0.0002,641.91,1589.12,1404.57,554.06,47.38,521.35,8.4605,23.2572,0
18,149,0.002,-0.0003,642.87,1585.97,1402.33,554.15,47.42,520.97,8.4081,23.339,0
18,150,-0.0036,0.0004,642.45,1586.5,1403.39,553.3,47.35,521.2,8.4321,23.3118,0
18,151,0.0002,0.0002,642.33,1593.51,1412.38,552.74,47.45,522.04,8.4355,23.25,0
18,152,-0.0,-0.0001,642.44,1591.49,1403.22,554.39,47.56,521.85,8.4385,23.3116,0
18,153,0.0027,-0.0002,642.67,1586.35,1410.05,553.82,47.56,521.92,8.4785,23.1902,0
18,154,-0.0023,0.0003,642.83,1587.07,1406.5,554.69,47.47,522.03,8.4757,23.3986,0
18,155,-0.0031,0.0002,642.82,1597.04,1405.39,554.19,47.59,520.84,8.4184,23.2971,0
18,156,0.001,-0.0004,642.56,1591.75,1411.09,553.42,47.63,521.97,8.4523,23.3277,0
18,157,0.004,0.0003,642.62,1591.55,1406.17,553.09,47.67,521.49,8.4395,23.3202,0
18,158,-0.005,-0.0003,642.37,1587.54,1409.14,553.73,47.63,521.45,8.4415,23.3307,0
18,159,-0.0003,0.0003,642.95,1591.89,1401.17,553.84,47.5,521.73,8.432,23.2662,0
18,160,-0.0023,0.0003,642.97,1595.36,1411.22,554.1,47.6,521.85,8.4822,23.38,0
18,161,-0.0005,-0.0,642.73,1584.91,1417.65,552.67,47.7,521.44,8.435,23.2671,0
18,162,0.0007,0.0001,642.49,1591.6,1407.02,553.83,47.68,521.47,8.4515,23.2158,0
18,163,0.0043,0.0005,642.85,1592.58,1416.27,553.45,47.38,521.49,8.4483,23.1824,0
18,164,-0.0022,0.0005,642.41,1590.17,1410.04,553.66,47.47,521.63,8.4433,23.2063,0
18,165,0.0002,0.0005,643.06,1598.42,1408.19,553.28,47.76,521.42,8.4836,23.3115,1
18,166,-0.0002,0.0004,642.64,1591.74,1414.9,554.0,47.84,521.97,8.4689,23.2631,1
18,167,0.0013,-0.0002,642.34,1591.0,1416.13,552.71,47.6,521.83,8.4617,23.3384,1
18,168,0.0014,-0.0001,642.39,1596.24,1403.83,553.79,47.67,521.57,8.4355,23.2874,1
18,169,-0.0022,-0.0003,642.92,1598.65,1409.68,553.57,47.57,521.64,8.4708,23.1785,1
18,170,0.0024,-0.0001,643.04,1587.75,1411.21,554.36,47.58,521.14,8.4543,23.1904,1
18,171,-0.001,-0.0002,642.84,1589.1,1412.38,552.88,47.53,520.76,8.4662,23.2531,1
18,172,0.0058,-0.0003,643.47,1600.63,1406.05,553.15,47.82,521.35,8.4363,23.2209,1
18,173,-0.0001,0.0003,642.66,1596.12,1419.76,553.16,47.65,521.47,8.4577,23.2467,1
18,174,0.0033,-0.0001,642.79,1595.67,1416.74,553.04,47.78,520.73,8.4754,23.2433,1
18,175,0.003,0.0003,642.76,1594.37,1422.39,553.4,47.72,521.27,8.4475,23.2019,1
18,176,0.0011,0.0003,643.09,1596.47,1415.26,554.07,47.81,521.36,8.468,23.2493,1
18,177,0.0006,-0.0004,643.11,1602.3,1416.38,552.85,47.65,521.45,8.4567,23.1773,1
18,178,0.0009,-0.0004,642.74,1599.44,1417.74,552.88,47.78,520.84,8.5067,23.1483,1
18,179,0.0014,-0.0001,642.22,1601.1,1417.03,553.44,47.58,521.1,8.5244,23.1702,1
18,180,0.0022,-0.0,642.6,1602.68,1424.29,553.14,47.76,520.89,8.4783,23.2429,1
18,181,0.0016,-0.0001,643.33,1600.23,1422.16,551.94,47.91,520.94,8.4915,23.0976,1
18,182,0.0031,-0.0002,643.06,1608.95,1417.2,552.84,47.81,520.56,8.5002,23.1709,1
18,183,-0.0032,-0.0001,643.16,1599.22,1416.6,552.92,47.85,520.77,8.4876,23.0937,1
18,184,0.0024,-0.0003,643.56,1604.92,1416.38,552.45,47.88,520.47,8.5388,23.0863,1
18,185,-0.0001,-0.0002,643.06,1601.27,1417.87,552.25,47.63,521.06,8.4848,23.1556,1
18,186,0.0016,0.0001,643.85,1597.23,1425.43,552.58,47.99,520.33,8.4843,23.0816,1
18,187,-0.0006,-0.0002,643.17,1600.39,1422.43,551.82,48.15,520.23,8.4426,23.0819,1
18,188,0.0011,0.0001,643.17,1602.0,1428.31,552.77,47.77,520.49,8.4999,23.2292,1
18,189,-0.0001,-0.0004,643.11,1601.04,1433.02,552.09,47.93,521.03,8.4955,23.1173,1
18,190,0.002,-0.0003,643.39,1603.13,1424.21,551.39,47.97,520.14,8.5376,23.0872,1
18,191,-0.0007,-0.0001,643.59,1606.51,1423.47,551.58,47.87,520.25,8.5102,23.1001,1
18,192,-0.0018,-0.0004,643.23,1602.92,1426.15,552.23,48.1,520.53,8.5372,22.9841,1
18,193,0.0003,0.0001,643.89,1603.03,1423.65,552.22,48.3,520.36,8.5429,23.1555,1
18,194,0.0003,0.0004,644.05,1609.52,1423.44,551.52,48.14,520.23,8.4945,23.0109,1
18,195,-0.0029,-0.0001,643.93,1601.0,1428.08,551.43,48.01,519.44,8.5132,23.0304,1
19,1,0.0045,-0.0,642.55,1589.99,1411.09,553.09,47.64,521.86,8.4148,23.2468,0
19,2,-0.001,0.0001,642.82,1587.77,1411.04,553.05,47.46,521.31,8.4086,23.2836,0
19,3,-0.001,0.0004,643.37,1587.33,1407.56,553.31,47.46,521.74,8.4316,23.2071,0
19,4,0.0014,0.0002,642.53,1590.93,1412.13,553.19,47.55,521.6,8.4634,23.2752,0
19,5,-0.0005,-0.0004,642.41,1588.13,1407.64,553.3,47.53,521.21,8.457,23.2524,0
19,6,0.0034,0.0004,642.85,1596.95,1406.78,553.57,47.44,521.57,8.4274,23.255,0
19,7,-0.0011,0.0005,642.72,1587.07,1407.37,553.25,47.66,521.67,8.4279,23.3098,0
19,8,-0.0005,-0.0002,642.64,1590.03,1407.13,553.43,47.48,520.7,8.4393,23.3006,0
19,9,-0.0023,-0.0002,643.04,1591.23,1409.11,553.43,47.59,521.44,8.4269,23.2344,0
19,10,-0.0026,-0.0004,642.54,1588.75,1404.89,553.97,47.56,521.52,8.4081,23.2501,0
19,11,0.0029,-0.0005,643.13,1593.97,1410.49,552.85,47.57,521.81,8.4605,23.3284,0
19,12,-0.0014,0.0001,643.1,1594.98,1422.97,553.7,47.61,521.15,8.4289,23.2868,0
19,13,0.0009,-0.0004,642.35,1587.05,1406.18,553.82,47.6,521.68,8.4508,23.2731,0
19,14,0.001,-0.0005,643.21,1590.1,1403.15,553.27,47.58,521.33,8.418,23.2526,0
19,15,-0.0008,0.0005,642.75,1594.28,1407.62,553.73,47.69,521.03,8.4211,23.2853,0
19,16,-0.0022,0.0002,642.2,1593.11,1407.83,553.02,47.49,521.47,8.4313,23.3046,0
19,17,0.0005,0.0001,642.53,1591.36,1406.05,552.47,47.62,521.9,8.435,23.2081,0
19,18,0.0041,-0.0004,643.17,1588.99,1410.25,552.8,47.4,521.02,8.3976,23.2632,0
19,19,0.0036,0.0001,642.45,1594.35,1409.71,553.1,47.59,520.6,8.4309,23.3521,0
19,20,0.0009,-0.0003,642.7,1588.53,1413.7,553.2,47.71,521.52,8.4356,23.3257,0
19,21,0.0019,-0.0004,642.76,1592.13,1399.69,553.46,47.48,521.35,8.4498,23.324,0
19,22,-0.0012,0.0003,642.23,1589.77,1409.84,553.6,47.38,522.09,8.4375,23.3018,0
19,23,-0.0009,-0.0,642.73,1596.05,1404.17,553.1,47.41,521.02,8.471,23.3013,0
19,24,-0.0013,-0.0002,642.9,1592.19,1407.48,553.64,47.74,521.49,8.4323,23.3265,0
19,25,-0.0002,-0.0003,642.67,1584.52,1406.04,553.08,47.63,521.64,8.4403,23.3463,0
19,26,0.0029,-0.0004,642.37,1588.86,1411.93,553.96,47.44,521.48,8.4408,23.2728,0
19,27,-0.0028,-0.0001,642.95,1585.16,1406.91,553.47,47.49,521.18,8.4714,23.3233,0
19,28,-0.0008,-0.0004,642.07,1581.79,1412.55,553.45,47.37,521.71,8.4498,23.3038,0
19,29,0.001,-0.0003,641.91,1589.32,1410.98,553.37,47.53,521.44,8.4473,23.3194,0
19,30,0.0022,-0.0001,642.54,1588.02,1415.56,553.1,47.62,521.24,8.465,23.2854,0
19,31,0.0014,0.0004,642.69,1589.83,1404.5,552.4,47.71,521.43,8.4278,23.2491,0
19,32,0.0018,0.0001,642.85,1591.33,1411.99,553.26,47.73,521.18,8.4751,23.2388,0
19,33,-0.0014,-0.0004,642.96,1591.64,1407.84,553.2,47.79,521.13,8.4267,23.2431,0
19,34,0.0038,0.0003,642.62,1592.08,1409.47,553.24,47.75,521.44,8.4395,23.2897,0
19,35,0.0004,-0.0003,642.65,1589.06,1413.73,553.09,47.56,521.68,8.4146,23.2405,0
19,36,0.0016,0.0005,642.83,1598.57,1412.15,553.19,47.57,521.34,8.4659,23.2373,0
19,37,0.0007,0.0001,642.86,1586.82,1412.13,553.31,47.56,521.05,8.4576,23.2959,0
19,38,-0.0,0.0003,642.85,1590.06,1410.74,553.3,47.44,521.35,8.4386,23.2437,0
19,39,0.0021,0.0001,642.23,1586.95,1413.22,553.4,47.6,521.21,8.4037,23.3472,0
19,40,-0.0002,-0.0004,642.89,1593.28,1411.83,552.94,47.53,521.67,8.411,23.2606,0
19,41,0.0017,0.0004,642.98,1591.07,1410.28,553.03,47.55,521.21,8.4308,23.3649,0
19,42,-0.0,-0.0001,642.74,1591.26,1409.68,553.44,47.51,521.65,8.4375,23.2848,0
19,43,0.0017,-0.0001,642.72,1588.17,1405.46,553.31,47.66,521.44,8.4716,23.3131,0
19,44,-0.0006,0.0004,642.03,1589.56,1413.29,553.3,47.52,520.93,8.4691,23.3636,0
19,45,0.0023,-0.0004,642.4,1592.17,1414.19,553.32,47.57,521.93,8.4268,23.1953,0
19,46,0.0037,-0.0001,642.68,1587.13,1412.07,553.01,47.75,521.25,8.461,23.3367,0
19,47,0.0006,-0.0003,642.58,1592.34,1407.34,552.54,47.54,521.04,8.4621,23.2939,0
19,48,0.0002,0.0,642.73,1594.93,1418.49,553.05,47.56,521.45,8.443,23.3338,0
19,49,-0.0029,0.0004,642.76,1589.66,1407.59,552.81,47.72,520.89,8.4381,23.3476,0
19,50,-0.0007,-0.0004,642.77,1593.96,1415.17,553.3,47.57,521.39,8.4007,23.2549,0
19,51,-0.0011,0.0002,642.51,1589.74,1413.7,553.54,47.47,521.43,8.4484,23.2234,0
19,52,-0.0033,-0.0001,642.43,1593.84,1407.06,552.69,47.64,521.8,8.4823,23.3347,0
19,53,-0.0012,0.0001,643.06,1595.02,1409.99,553.04,47.65,521.22,8.4307,23.2343,0
19,54,0.0003,-0.0003,642.79,1597.75,1413.44,552.63,47.71,521.57,8.4485,23.2657,0
19,55,-0.0026,0.0003,642.69,1596.13,1409.11,552.96,47.83,521.52,8.4162,23.2501,0
19,56,-0.0008,0.0003,642.86,1583.82,1415.05,553.37,47.56,521.22,8.4502,23.2757,0
19,57,0.0002,0.0004,642.85,1591.29,1410.83,552.8,47.52,520.98,8.4327,23.2607,0
19,58,0.0006,-0.0003,642.74,1592.6,1408.77,553.11,47.69,520.88,8.4629,23.2729,0
19,59,-0.0003,-0.0003,642.67,1591.8,1411.34,552.81,47.52,521.04,8.4765,23.3375,0
19,60,-0.0049,-0.0004,642.68,1587.38,1410.58,552.91,47.73,520.76,8.4315,23.3252,0
19,61,0.0025,-0.0002,642.49,1593.31,1417.8,553.16,47.65,521.04,8.4434,23.2856,0
19,62,0.0039,-0.0001,642.28,1590.47,1408.57,552.73,47.77,520.8,8.4276,23.2194,0
19,63,-0.0008,0.0002,642.36,1591.45,1406.06,553.26,47.63,521.12,8.4876,23.2116,0
19,64,-0.0006,-0.0004,643.01,1581.87,1409.48,553.76,47.48,520.99,8.4468,23.3097,0
19,65,0.0028,0.0002,642.84,1597.85,1408.12,552.79,47.68,521.77,8.4475,23.3028,0
19,66,-0.0014,0.0002,643.15,1585.97,1411.13,553.99,47.61,521.04,8.4398,23.2549,0
19,67,-0.0032,0.0002,642.55,1591.7,1410.7,552.19,47.68,520.94,8.421,23.2641,0
19,68,0.0027,0.0004,642.65,1586.14,1405.31,553.75,47.6,521.07,8.4522,23.3544,0
19,69,-0.0013,0.0002,642.8,1601.78,1411.62,553.8,47.42,521.02,8.4255,23.2372,0
19,70,-0.002,-0.0001,642.64,1593.92,1409.27,553.4,47.62,521.27,8.4017,23.3041,0
19,71,-0.0032,-0.0002,643.33,1590.68,1410.85,553.06,47.7,521.04,8.452,23.3074,0
19,72,0.0007,0.0003,643.07,1592.08,1417.08,552.72,47.55,520.95,8.4253,23.2404,0
19,73,-0.0005,-0.0001,643.18,1583.11,1412.83,552.71,47.65,521.13,8.468,23.4029,0
19,74,-0.0015,-0.0,642.57,1595.49,1409.74,553.52,47.77,521.07,8.4727,23.2137,0
19,75,0.001,0.0005,643.17,1590.45,1408.82,553.69,47.69,521.28,8.4515,23.3202,0
19,76,0.0029,0.0001,643.09,1585.28,1410.25,552.86,47.57,521.01,8.4145,23.3368,0
19,77,-0.0028,-0.0001,642.9,1595.62,1414.26,553.04,47.73,521.2,8.4324,23.2269,0
19,78,-0.001,0.0005,642.84,1589.09,1411.63,553.35,47.76,521.92,8.4589,23.2324,0
19,79,0.0036,-0.0001,643.02,1593.79,1404.56,552.45,47.4,521.31,8.4235,23.2652,0
19,80,0.0031,-0.0002,642.67,1597.33,1416.52,553.25,47.6,520.81,8.4338,23.2186,0
19,81,0.001,-0.0004,644.12,1601.29,1420.9,553.43,47.57,521.58,8.4484,23.191,0
19,82,-0.0033,-0.0003,642.98,1598.06,1410.12,552.83,47.46,521.3,8.4622,23.3299,0
19,83,0.0038,0.0001,642.67,1595.65,1405.56,552.79,47.65,520.89,8.3989,23.1632,0
19,84,0.001,0.0004,642.76,1591.22,1414.02,553.51,47.63,520.8,8.4648,23.1799,0
19,85,-0.0005,0.0001,643.04,1590.63,1409.01,553.73,47.87,520.45,8.447,23.2447,0
19,86,0.0015,0.0005,643.01,1590.1,1410.08,553.13,47.59,521.03,8.4399,23.2445,0
19,87,-0.0027,0.0004,642.75,1595.77,1416.18,553.24,47.5,521.38,8.4614,23.234,0
19,88,0.0021,-0.0,642.94,1589.1,1416.46,552.59,47.64,521.19,8.4559,23.2013,0
19,89,0.0006,-0.0002,642.77,1592.83,1420.29,551.72,47.71,520.66,8.4657,23.2285,0
19,90,0.0036,-0.0004,642.81,1593.35,1411.48,552.63,47.7,521.32,8.4397,23.2118,0
19,91,-0.0006,0.0004,643.1,1589.44,1412.8,552.66,47.88,521.19,8.4723,23.2277,0
19,92,0.0036,-0.0004,642.78,1595.75,1410.56,553.11,47.7,521.09,8.4285,23.2234,0
19,93,-0.0027,0.0002,642.9,1593.94,1409.66,553.0,47.6,520.43,8.4571,23.2608,0
19,94,-0.0005,0.0004,643.66,1597.84,1418.85,553.44,47.75,521.3,8.469,23.1863,0
19,95,-0.0013,0.0002,643.08,1595.72,1414.33,552.45,47.68,520.56,8.4677,23.3249,0
19,96,-0.0016,-0.0,643.05,1598.49,1415.37,552.67,47.89,521.27,8.4674,23.1194,0
19,97,-0.0029,-0.0005,643.21,1593.51,1409.89,552.27,47.96,521.32,8.4809,23.2867,0
19,98,0.0031,0.0001,643.26,1594.33,1412.37,552.59,47.66,521.23,8.4436,23.3202,0
19,99,0.0007,-0.0003,642.98,1594.07,1410.87,552.97,47.79,521.36,8.451,23.2509,0
19,100,-0.0021,-0.0004,643.21,1602.29,1413.53,552.94,47.67,520.43,8.4545,23.2006,0
19,101,-0.0019,0.0002,643.21,1596.3,1416.79,552.75,47.73,520.67,8.4078,23.3293,0
19,102,0.0009,-0.0002,643.0,1591.51,1412.9,552.77,47.78,520.63,8.4626,23.2054,0
19,103,0.0031,-0.0,642.36,1595.3,1415.31,553.75,47.63,521.03,8.4862,23.2268,0
19,104,-0.0,-0.0001,643.14,1588.39,1415.89,552.69,47.79,521.06,8.5036,23.2781,0
19,105,0.0039,0.0003,642.86,1591.8,1414.04,552.58,47.88,520.78,8.4978,23.1176,0
19,106,0.0024,0.0001,642.86,1603.02,1416.23,552.85,47.71,520.46,8.4865,23.1649,0
19,107,-0.0004,-0.0002,643.23,1593.86,1416.08,552.99,47.81,521.26,8.4806,23.1997,0
19,108,0.0004,-0.0,642.56,1590.57,1411.25,551.81,47.72,520.72,8.4685,23.2061,0
19,109,-0.0007,0.0005,642.96,1596.82,1411.54,552.93,47.76,521.01,8.4792,23.1424,0
19,110,-0.0019,0.0004,643.32,1596.73,1415.7,552.47,47.81,520.81,8.4965,23.2228,0
19,111,-0.0042,-0.0004,643.27,1595.25,1419.58,552.76,47.87,520.88,8.4634,23.1583,0
19,112,-0.0,0.0002,643.15,1605.35,1417.79,552.22,47.86,521.07,8.4829,23.2076,0
19,113,0.0006,0.0003,643.76,1600.85,1412.57,552.07,47.54,521.17,8.4688,23.1186,0
19,114,0.0005,0.0002,643.37,1596.4,1422.4,552.66,47.92,520.94,8.5157,23.2054,0
19,115,0.001,0.0004,642.86,1597.55,1416.77,553.55,47.77,520.56,8.4464,23.2296,0
19,116,0.0023,-0.0003,642.72,1587.14,1415.88,552.24,47.81,521.09,8.4579,23.1796,0
19,117,0.0008,-0.0005,642.67,1592.63,1418.86,552.53,47.59,521.19,8.4721,23.2648,0
19,118,-0.0028,0.0002,643.06,1601.12,1417.01,552.52,47.8,520.52,8.4841,23.205,0
19,119,0.0021,-0.0003,642.99,1597.58,1415.64,552.23,47.78,520.67,8.482,23.0846,0
19,120,-0.0002,-0.0003,643.44,1590.1,1416.67,552.56,47.77,520.3,8.4613,23.2771,0
19,121,0.0014,-0.0002,643.2,1600.66,1416.42,551.56,47.82,520.32,8.485,23.1826,0
19,122,-0.0009,-0.0004,643.91,1587.38,1417.15,551.98,47.85,520.52,8.5054,23.2121,0
19,123,-0.0002,0.0,642.49,1598.16,1421.98,552.2,47.99,520.78,8.4379,23.131,0
19,124,0.0024,-0.0001,642.9,1595.48,1419.84,551.84,47.8,520.08,8.4868,23.0959,0
19,125,0.0003,-0.0003,643.61,1596.71,1419.75,551.93,47.98,520.4,8.4764,23.2692,0
19,126,-0.0001,-0.0001,643.09,1598.24,1421.15,552.34,47.82,520.94,8.4877,23.2356,0
19,127,0.001,0.0,643.25,1596.18,1419.81,552.68,48.0,520.57,8.4791,23.2953,0
19,128,0.0023,-0.0003,643.18,1603.68,1419.46,552.27,48.07,520.29,8.4803,23.1868,1
19,129,0.0018,0.0004,643.44,1589.42,1420.91,552.27,47.94,520.86,8.4572,23.2079,1
19,130,-0.0017,-0.0004,643.41,1595.04,1418.48,551.9,47.86,520.32,8.4336,23.1258,1
19,131,0.0015,0.0004,642.98,1594.07,1420.61,552.27,47.93,520.56,8.4633,23.2253,1
19,132,0.0015,0.0001,643.39,1592.53,1420.91,552.05,48.0,520.52,8.4731,23.0466,1
19,133,0.0035,-0.0004,643.07,1593.66,1418.44,551.74,47.89,520.36,8.4726,23.1752,1
19,134,0.0006,0.0003,643.46,1600.85,1413.51,551.68,47.85,519.7,8.4955,23.0666,1
19,135,0.0025,0.0,643.13,1598.99,1425.2,552.94,47.88,519.73,8.4988,23.2025,1
19,136,0.0025,-0.0003,642.92,1597.09,1422.71,551.76,47.79,520.25,8.5123,23.2237,1
19,137,-0.001,-0.0002,643.28,1594.5,1428.05,552.25,47.8,519.62,8.4547,23.0693,1
19,138,0.002,-0.0002,643.11,1598.76,1423.31,552.2,47.95,520.11,8.515,23.161,1
19,139,0.0017,0.0004,643.54,1601.65,1425.36,550.69,47.96,520.29,8.4808,22.9693,1
19,140,-0.0004,-0.0,643.32,1597.76,1417.45,551.81,48.17,519.93,8.4837,23.0929,1
19,141,-0.0042,-0.0003,643.23,1599.42,1421.72,551.78,47.92,520.41,8.464,23.1695,1
19,142,-0.0008,-0.0,643.65,1592.36,1416.28,551.36,47.96,519.93,8.4703,23.2697,1
19,143,-0.0006,0.0004,643.8,1599.1,1427.12,551.58,48.06,519.76,8.4631,23.1593,1
19,144,0.0015,-0.0005,643.68,1590.73,1425.19,551.58,47.97,520.04,8.5121,23.2047,1
19,145,-0.0005,0.0003,642.79,1597.69,1421.19,551.96,48.08,519.46,8.4982,23.148,1
19,146,-0.002,0.0003,643.03,1605.27,1424.03,552.16,48.18,519.52,8.521,23.0104,1
19,147,0.0006,-0.0002,643.48,1604.18,1420.42,551.83,48.24,519.85,8.501,23.1683,1
19,148,-0.0021,-0.0001,643.01,1605.53,1425.86,551.93,48.05,520.43,8.519,23.0838,1
19,149,0.0016,-0.0002,643.57,1604.98,1421.34,551.76,48.0,519.3,8.5168,23.1173,1
19,150,0.0002,0.0001,643.51,1604.42,1431.34,551.38,48.14,519.79,8.4934,23.1234,1
19,151,-0.0009,0.0001,643.94,1603.13,1431.72,551.4,48.09,519.82,8.494,23.0814,1
19,152,-0.0012,-0.0004,643.66,1603.8,1431.3,552.2,48.16,519.79,8.4974,23.0703,1
19,153,0.0014,0.0004,643.45,1596.48,1427.77,550.73,48.14,519.62,8.5113,23.1006,1
19,154,0.0051,0.0003,643.99,1600.85,1426.73,551.33,48.14,519.8,8.5145,23.047,1
19,155,0.0019,0.0,642.92,1601.97,1433.78,551.24,48.15,519.45,8.5215,23.053,1
19,156,-0.0029,-0.0002,643.44,1601.17,1430.45,550.9,48.14,519.67,8.538,23.0858,1
19,157,0.0026,0.0,643.43,1597.38,1426.98,551.22,48.01,519.5,8.5381,23.0758,1
19,158,-0.0009,0.0004,643.34,1605.58,1433.97,550.84,48.23,519.22,8.5343,22.9405,1
20,1,0.0023,0.0002,643.0,1589.87,1404.3,553.44,47.56,521.93,8.4498,23.2767,0
20,2,0.0002,0.0,642.72,1588.75,1406.6,553.77,47.67,520.66,8.4217,23.2626,0
20,3,-0.001,-0.0001,642.9,1587.31,1404.3,552.91,47.49,521.14,8.4432,23.276,0
20,4,0.0013,-0.0,642.42,1583.0,1417.06,553.69,47.61,521.63,8.439,23.2784,0
20,5,-0.0009,-0.0003,642.55,1585.71,1406.9,553.06,47.55,521.48,8.4171,23.2748,0
20,6,0.001,-0.0003,643.16,1586.19,1403.67,552.42,47.48,521.62,8.4453,23.3133,0
20,7,0.0014,0.0004,642.44,1583.76,1404.13,554.4,47.56,521.07,8.4528,23.2666,0
20,8,-0.0017,-0.0005,642.66,1589.12,1408.09,553.43,47.46,521.09,8.4364,23.2775,0
20,9,0.0039,0.0004,642.39,1584.35,1403.87,553.46,47.61,521.43,8.4559,23.3822,0
20,10,0.0025,-0.0005,642.73,1585.04,1397.76,553.64,47.48,521.9,8.4414,23.4045,0
20,11,0.0019,0.0002,642.56,1586.04,1410.55,553.34,47.42,521.51,8.4197,23.2635,0
20,12,0.0037,0.0003,642.39,1585.47,1407.66,554.31,47.54,521.69,8.4545,23.3024,0
20,13,-0.0026,0.0003,642.76,1589.63,1405.47,553.92,47.37,521.45,8.4751,23.2503,0
20,14,0.0019,0.0002,642.31,1591.06,1411.72,552.96,47.6,521.67,8.4054,23.3803,0
20,15,-0.0046,-0.0005,641.83,1592.49,1406.63,553.42,47.61,521.28,8.4377,23.3967,0
20,16,0.0023,0.0003,642.45,1589.62,1399.9,553.36,47.42,522.03,8.4111,23.3011,0
20,17,-0.0009,0.0004,642.52,1588.52,1405.1,552.78,47.54,521.52,8.446,23.231,0
20,18,-0.0027,0.0001,642.63,1589.33,1404.53,554.07,47.52,520.19,8.4085,23.3501,0
20,19,0.0038,0.0005,643.1,1593.38,1403.45,553.66,47.37,520.99,8.4607,23.2071,0
20,20,-0.0013,-0.0001,642.78,1592.77,1406.23,553.05,47.35,521.31,8.44,23.3233,0
20,21,-0.0023,0.0004,642.59,1583.52,1411.61,554.02,47.57,521.48,8.4344,23.4263,0
20,22,-0.0027,-0.0001,642.59,1585.06,1405.34,553.23,47.53,521.68,8.4422,23.3007,0
20,23,-0.0001,-0.0003,643.3,1601.08,1406.85,553.68,47.69,521.3,8.4479,23.3758,0
20,24,-0.0007,-0.0005,642.61,1588.31,1402.29,553.14,47.37,521.22,8.4664,23.2466,0
20,25,0.0014,-0.0003,642.22,1582.05,1407.26,553.85,47.54,521.52,8.4509,23.2967,0
20,26,0.0036,-0.0003,642.48,1596.63,1410.81,553.57,47.43,521.34,8.4508,23.3192,0
20,27,-0.0016,0.0003,643.11,1583.9,1404.13,553.25,47.56,521.67,8.4485,23.3431,0
20,28,-0.0029,-0.0002,642.52,1586.56,1404.01,553.3,47.4,521.17,8.4256,23.3833,0
20,29,0.0031,-0.0,642.78,1587.38,1412.5,553.51,47.67,521.6,8.418,23.3385,0
20,30,0.0009,-0.0005,642.92,1596.94,1405.78,553.37,47.53,520.94,8.4731,23.1653,0
20,31,-0.0017,0.0002,642.91,1591.65,1404.61,554.19,47.57,521.78,8.4334,23.3442,0
20,32,-0.0006,-0.0002,642.39,1590.01,1403.95,553.61,47.3,521.53,8.4505,23.26,0
20,33,-0.0014,-0.0001,642.87,1590.95,1405.04,552.91,47.45,521.35,8.4725,23.2933,0
20,34,-0.0004,-0.0001,642.68,1594.78,1400.07,553.27,47.57,521.35,8.4479,23.23,0
20,35,0.0008,-0.0,642.68,1593.0,1408.04,553.62,47.53,520.92,8.4404,23.2435,0
20,36,0.0021,-0.0004,642.39,1590.16,1406.21,554.66,47.37,521.54,8.4676,23.4161,0
20,37,0.0,-0.0001,642.86,1585.03,1408.03,553.27,47.33,521.05,8.4277,23.39,0
20,38,-0.0034,0.0001,642.9,1593.58,1404.38,553.14,47.53,521.42,8.4333,23.2588,0
20,39,0.0025,-0.0003,642.76,1590.26,1404.61,554.11,47.38,521.62,8.4304,23.3827,0
20,40,-0.0003,-0.0003,642.85,1582.87,1409.39,553.29,47.63,521.86,8.4449,23.3017,0
20,41,-0.0021,0.0004,642.69,1588.76,1403.24,554.24,47.61,521.38,8.3917,23.3647,0
20,42,0.0026,-0.0004,642.68,1588.26,1410.67,553.31,47.57,521.68,8.435,23.1774,0
20,43,-0.0036,0.0003,642.25,1588.46,1402.22,553.41,47.46,521.04,8.4702,23.3041,0
20,44,0.0008,-0.0004,642.55,1579.43,1406.18,554.13,47.28,521.41,8.4699,23.3076,0
20,45,-0.0035,0.0004,642.91,1589.92,1412.98,553.39,47.4,521.36,8.442,23.2619,0
20,46,-0.0006,0.0002,641.94,1587.3,1406.72,552.68,47.54,521.65,8.4218,23.2239,0
20,47,-0.0004,0.0004,642.59,1586.41,1403.2,553.54,47.61,521.51,8.434,23.3577,0
20,48,0.0004,-0.0004,642.7,1587.24,1415.13,553.59,47.58,521.31,8.4339,23.3285,0
20,49,0.0002,0.0001,642.52,1595.78,1410.36,553.26,47.54,521.41,8.4592,23.3159,0
20,50,-0.0007,-0.0003,642.56,1589.15,1404.24,553.59,47.53,521.06,8.4435,23.2622,0
20,51,0.0026,-0.0,643.17,1588.28,1406.11,553.11,47.46,521.13,8.4609,23.233,0
20,52,-0.0052,0.0005,643.46,1589.91,1407.67,553.68,47.42,521.76,8.4438,23.2739,0
20,53,0.0031,0.0002,642.68,1585.19,1407.01,553.45,47.64,521.99,8.4658,23.2878,0
20,54,0.0045,-0.0,642.76,1584.28,1408.61,553.74,47.61,521.49,8.4488,23.4201,0
20,55,-0.0007,0.0,642.67,1595.03,1409.77,553.3,47.51,521.66,8.4483,23.2591,0
20,56,0.002,0.0001,643.0,1589.89,1415.21,553.4,47.58,521.67,8.4164,23.2907,0
20,57,-0.0005,0.0001,642.69,1584.64,1404.85,553.99,47.51,521.59,8.4343,23.294,0
20,58,0.0006,0.0005,642.56,1592.77,1410.07,552.63,47.49,521.61,8.4387,23.2305,0
20,59,-0.0001,0.0003,642.89,1586.18,1407.96,553.06,47.64,521.63,8.4483,23.2829,0
20,60,0.0007,0.0003,643.15,1585.89,1408.67,552.65,47.47,521.09,8.4581,23.275,0
20,61,0.0049,-0.0005,642.29,1588.64,1409.54,553.4,47.32,521.81,8.455,23.3002,0
20,62,-0.0001,-0.0004,642.09,1588.38,1402.1,552.69,47.41,520.83,8.4092,23.2064,0
20,63,-0.0026,0.0004,642.7,1588.44,1411.68,553.7,47.43,521.59,8.418,23.2909,0
20,64,0.0001,0.0005,642.56,1589.55,1411.22,552.85,47.53,521.38,8.44,23.3248,0
20,65,-0.0004,0.0004,642.81,1580.74,1407.01,553.95,47.51,521.65,8.4251,23.4223,0
20,66,0.0032,-0.0005,642.32,1584.07,1404.98,551.82,47.51,521.2,8.4593,23.2613,0
20,67,0.0018,-0.0,642.5,1593.76,1407.67,553.17,47.38,521.54,8.4577,23.3067,0
20,68,0.0016,0.0004,642.18,1586.15,1406.39,553.02,47.54,521.18,8.4292,23.3743,0
20,69,-0.0004,0.0,642.28,1592.13,1404.19,553.28,47.38,521.29,8.4573,23.302,0
20,70,0.0006,-0.0002,642.5,1590.96,1408.9,553.18,47.45,520.96,8.4021,23.3289,0
20,71,0.0023,0.0002,642.34,1588.94,1406.93,553.5,47.5,521.51,8.4797,23.2532,0
20,72,-0.0006,0.0003,642.73,1590.7,1398.84,553.74,47.62,521.81,8.4701,23.2108,0
20,73,-0.0019,0.0001,642.35,1594.4,1402.21,553.97,47.66,521.12,8.4661,23.1704,0
20,74,-0.0028,-0.0001,642.53,1597.95,1414.01,553.44,47.5,521.42,8.4571,23.3986,0
20,75,0.0016,0.0003,642.98,1587.91,1406.72,553.37,47.62,521.87,8.4613,23.3528,0
20,76,0.0001,-0.0005,642.12,1592.48,1399.4,553.62,47.53,521.42,8.4348,23.3029,0
20,77,-0.0014,0.0001,642.5,1589.91,1410.4,552.55,47.52,521.94,8.4364,23.3197,0
20,78,-0.004,-0.0001,642.18,1586.29,1406.63,552.46,47.49,521.75,8.4145,23.3192,0
20,79,-0.0005,-0.0004,642.58,1586.81,1414.27,553.35,47.51,521.42,8.43,23.2583,0
20,80,-0.0018,-0.0003,642.4,1589.25,1413.43,553.35,47.46,521.93,8.4315,23.2943,0
20,81,0.0011,-0.0003,643.09,1589.36,1411.33,553.64,47.63,521.34,8.448,23.4235,0
20,82,0.0057,0.0,642.54,1593.93,1411.86,553.48,47.55,521.62,8.4394,23.2727,0
20,83,0.0004,0.0005,643.2,1596.52,1402.75,552.49,47.63,521.06,8.4846,23.3133,0
20,84,-0.0006,-0.0004,642.37,1588.61,1408.82,553.53,47.44,521.36,8.4453,23.2789,0
20,85,-0.0031,0.0001,642.22,1587.6,1412.57,552.57,47.47,521.51,8.4454,23.2369,0
20,86,-0.0002,-0.0001,642.97,1590.15,1406.15,553.18,47.42,521.61,8.4384,23.4045,0
20,87,0.002,-0.0003,642.16,1592.56,1410.69,553.44,47.53,521.61,8.4147,23.2796,0
20,88,0.003,-0.0004,642.49,1595.1,1411.53,553.55,47.52,521.16,8.4409,23.3322,0
20,89,-0.0001,0.0,642.69,1593.79,1412.23,552.42,47.46,521.56,8.4741,23.311,0
20,90,-0.0024,-0.0004,643.07,1594.25,1408.04,552.72,47.44,521.64,8.4137,23.3096,0
20,91,-0.0002,-0.0,642.47,1589.57,1407.24,552.62,47.51,521.41,8.4123,23.2504,0
20,92,-0.0006,-0.0003,643.2,1586.33,1414.36,554.05,47.73,521.25,8.4384,23.1659,0
20,93,0.0042,-0.0003,642.66,1601.51,1409.78,553.41,47.62,521.27,8.466,23.2592,0
20,94,-0.0006,-0.0002,643.05,1589.38,1406.97,553.78,47.56,521.88,8.4072,23.3717,0
20,95,0.0031,-0.0003,642.89,1597.01,1403.4,552.71,47.42,521.86,8.4386,23.3039,0
20,96,0.0016,0.0001,642.86,1593.33,1408.4,552.9,47.59,521.16,8.4466,23.3181,0
20,97,0.004,-0.0002,643.38,1590.61,1408.42,552.93,47.65,521.0,8.4367,23.2089,0
20,98,0.0006,0.0003,643.09,1596.53,1403.14,553.54,47.63,521.71,8.4485,23.335,0
20,99,0.0023,-0.0001,642.29,1591.27,1415.57,553.43,47.42,521.24,8.4493,23.2234,0
20,100,-0.0008,0.0004,642.87,1592.56,1405.75,553.07,47.54,521.03,8.4343,23.2563,0
20,101,-0.0013,-0.0004,642.28,1588.07,1409.94,553.09,47.62,520.88,8.4615,23.3331,0
20,102,0.0005,-0.0001,642.94,1591.15,1404.37,553.17,47.66,521.08,8.457,23.2615,0
20,103,-0.0007,0.0003,643.16,1594.68,1407.17,553.25,47.46,521.75,8.446,23.2814,0
20,104,-0.0058,0.0002,643.13,1587.03,1406.89,553.12,47.34,521.71,8.4214,23.2237,0
20,105,0.0034,-0.0003,642.76,1580.84,1413.8,552.45,47.66,521.21,8.4386,23.3195,0
20,106,-0.0011,-0.0002,642.22,1589.26,1413.83,553.31,47.45,521.45,8.4393,23.2713,0
20,107,0.0017,0.0003,642.56,1588.92,1410.89,552.87,47.66,521.11,8.4372,23.2237,0
20,108,-0.0007,-0.0002,642.32,1585.96,1408.45,553.24,47.57,521.68,8.4528,23.3125,0
20,109,0.0028,0.0002,642.53,1588.51,1409.0,552.52,47.45,521.38,8.4349,23.2156,0
20,110,-0.0006,0.0004,642.62,1584.45,1410.61,553.03,47.78,520.91,8.4366,23.2607,0
20,111,-0.0035,-0.0004,642.86,1590.05,1405.06,553.36,47.58,521.45,8.434,23.2636,0
20,112,-0.0011,-0.0005,642.58,1592.34,1419.48,553.64,47.73,520.82,8.4348,23.3227,0
20,113,-0.0006,0.0003,642.96,1592.95,1407.37,553.42,47.54,520.45,8.4672,23.3092,0
20,114,0.0036,-0.0003,642.98,1593.88,1403.16,553.35,47.59,521.51,8.47,23.2415,0
20,115,-0.0,-0.0001,642.73,1592.16,1412.45,553.3,47.5,521.76,8.4493,23.2474,0
20,116,0.0014,-0.0002,642.47,1595.27,1408.38,553.0,47.82,521.45,8.4435,23.2964,0
20,117,0.0019,0.0004,643.06,1590.81,1416.9,553.62,47.69,521.68,8.4683,23.2988,0
20,118,-0.0,0.0004,642.55,1587.34,1415.72,553.6,47.73,520.89,8.4446,23.3293,0
20,119,-0.0013,-0.0002,642.55,1592.14,1407.61,553.54,47.69,521.52,8.4563,23.3315,0
20,120,0.0021,0.0004,642.58,1586.67,1410.99,553.0,47.5,520.77,8.4339,23.2364,0
20,121,0.0013,-0.0001,642.96,1591.04,1409.02,553.11,47.62,521.53,8.453,23.3508,0
20,122,-0.0003,-0.0,642.71,1590.26,1421.62,552.8,47.62,521.54,8.4346,23.2506,0
20,123,-0.0005,0.0002,642.68,1587.22,1414.97,552.77,47.62,520.98,8.4516,23.3264,0
20,124,0.0013,-0.0005,642.56,1596.01,1415.17,553.2,47.63,521.36,8.4437,23.2722,0
20,125,0.0051,0.0005,642.56,1593.75,1409.01,553.45,47.71,521.65,8.4587,23.2647,0
20,126,0.003,-0.0001,642.91,1596.42,1413.12,552.71,47.61,521.36,8.4697,23.2043,0
20,127,-0.0005,-0.0,642.92,1594.01,1413.4,553.42,47.52,521.07,8.4333,23.2313,0
20,128,-0.0044,0.0003,642.74,1595.71,1411.4,553.37,47.52,521.67,8.4356,23.2587,0
20,129,0.0015,-0.0005,642.25,1594.04,1421.01,553.44,47.79,521.6,8.4173,23.242,0
20,130,0.002,-0.0003,642.45,1592.86,1408.14,552.54,47.67,521.28,8.4576,23.3206,0
20,131,0.0,0.0003,642.69,1586.67,1413.62,552.36,47.57,521.39,8.4446,23.3337,0
20,132,-0.0005,0.0003,642.2,1590.09,1407.34,553.17,47.7,520.54,8.4121,23.2953,0
20,133,0.0002,-0.0,642.58,1594.52,1410.09,553.19,47.59,521.35,8.4603,23.2711,0
20,134,0.0001,0.0003,642.99,1587.89,1415.42,553.08,47.66,521.31,8.4661,23.3411,0
20,135,0.0014,-0.0005,642.64,1587.12,1412.36,553.02,47.52,521.3,8.451,23.1733,0
20,136,-0.0015,-0.0005,642.65,1597.03,1410.97,552.89,47.59,521.31,8.4641,23.3832,0
20,137,-0.0027,-0.0003,643.02,1598.18,1413.35,553.55,47.57,521.57,8.4452,23.3033,0
20,138,-0.0002,-0.0004,642.79,1592.56,1412.27,553.55,47.61,521.16,8.4279,23.2034,0
20,139,-0.0011,-0.0002,642.75,1590.01,1410.97,552.7,47.69,521.44,8.4398,23.1815,0
20,140,-0.001,-0.0002,642.62,1600.27,1407.27,553.55,47.61,521.22,8.4628,23.2348,0
20,141,0.0051,0.0004,642.9,1599.73,1420.41,552.92,47.62,521.73,8.4522,23.1094,0
20,142,0.0034,0.0002,642.41,1591.21,1416.28,552.97,47.58,520.8,8.418,23.2429,0
20,143,-0.0005,0.0003,643.39,1592.93,1416.04,552.6,47.51,521.28,8.4664,23.2783,0
20,144,-0.0025,0.0004,642.72,1594.93,1416.54,552.68,47.65,521.22,8.4845,23.3204,0
20,145,0.0047,-0.0005,642.98,1596.6,1414.15,553.46,47.67,521.44,8.4415,23.199,0
20,146,0.0012,-0.0004,643.05,1592.33,1404.64,553.24,47.82,521.13,8.4609,23.1918,0
20,147,-0.0028,-0.0002,643.19,1589.88,1409.92,553.99,47.71,520.85,8.4524,23.2974,0
20,148,0.0002,-0.0001,642.93,1590.95,1412.77,553.18,47.68,521.48,8.4496,23.2748,0
20,149,0.0016,0.0001,643.06,1598.73,1412.56,553.72,47.69,521.69,8.4162,23.1124,0
20,150,-0.0005,0.0001,642.7,1600.21,1417.73,553.35,47.64,520.92,8.4814,23.3095,0
20,151,0.0034,-0.0,643.1,1594.23,1409.21,553.05,47.8,521.64,8.4717,23.2525,0
20,152,-0.0022,-0.0005,642.41,1594.61,1401.58,553.04,47.59,520.89,8.4943,23.2657,0
20,153,-0.0017,0.0002,642.86,1588.39,1412.65,553.11,47.49,520.98,8.45,23.2965,0
20,154,-0.0032,-0.0001,642.38,1590.07,1407.12,552.94,47.79,521.03,8.4504,23.2014,0
20,155,-0.0001,0.0004,643.09,1593.13,1411.45,552.37,47.77,520.69,8.4186,23.2963,0
20,156,0.0019,0.0001,642.73,1591.78,1412.73,553.09,47.93,521.07,8.4519,23.1988,0
20,157,-0.0047,-0.0001,642.31,1591.12,1418.07,552.9,47.67,521.33,8.4801,23.2796,0
20,158,0.0041,0.0001,642.44,1594.7,1417.94,552.84,47.79,521.23,8.4683,23.212,0
20,159,-0.0027,0.0002,642.71,1584.55,1417.95,553.34,47.65,520.5,8.4488,23.2674,0
20,160,-0.0004,0.0005,643.31,1595.32,1415.59,552.9,47.81,521.27,8.4556,23.1871,0
20,161,-0.0009,0.0001,642.94,1595.83,1416.61,552.49,47.89,521.05,8.4465,23.1748,0
20,162,-0.0035,-0.0003,643.14,1593.15,1415.99,552.3,47.61,520.87,8.4634,23.1721,0
20,163,-0.0034,0.0,643.23,1595.8,1412.52,552.88,47.66,520.62,8.4582,23.2628,0
20,164,0.0018,0.0004,643.17,1593.99,1421.13,553.49,47.57,520.52,8.4629,23.229,0
20,165,-0.0001,-0.0002,642.64,1601.0,1410.17,552.73,47.76,520.91,8.4694,23.1233,0
20,166,-0.0017,-0.0003,642.69,1590.41,1416.29,552.65,47.83,521.03,8.4338,23.3285,0
20,167,-0.001,0.0003,642.65,1589.78,1410.74,552.55,47.71,520.83,8.4519,23.176,0
20,168,0.0049,0.0002,643.13,1599.66,1414.58,552.54,47.81,521.02,8.4653,23.1948,0
20,169,-0.0047,-0.0003,642.37,1592.26,1413.95,552.35,47.74,520.82,8.4925,23.251,0
20,170,0.0012,0.0004,642.18,1593.13,1417.33,552.5,47.64,520.78,8.4758,23.2537,0
20,171,-0.0025,0.0001,643.06,1598.96,1421.32,552.48,47.63,519.82,8.4697,23.3033,0
20,172,0.0023,0.0,642.32,1596.24,1414.06,552.69,47.83,521.08,8.4567,23.1996,0
20,173,0.0011,-0.0005,642.9,1592.72,1413.52,553.1,47.8,520.79,8.4873,23.2269,0
20,174,-0.0009,0.0003,642.87,1597.12,1413.39,552.95,47.79,520.41,8.4328,23.1606,0
20,175,0.0051,0.0002,642.77,1596.39,1422.24,552.62,47.81,521.04,8.4394,23.2445,0
20,176,0.002,-0.0002,643.46,1600.36,1413.4,553.05,47.75,521.01,8.4602,23.2303,0
20,177,-0.0015,0.0001,642.92,1592.53,1414.73,553.3,47.74,520.56,8.4738,23.1155,0
20,178,-0.0001,-0.0004,642.7,1594.94,1411.79,552.8,47.9,521.19,8.4416,23.3174,0
20,179,-0.0008,0.0001,643.64,1599.76,1415.72,552.81,47.82,520.82,8.4593,23.2629,0
20,180,0.0021,0.0005,642.95,1597.33,1414.35,551.96,47.74,520.87,8.4623,23.1929,0
20,181,0.0006,-0.0003,643.08,1595.05,1420.56,553.02,47.7,521.1,8.4378,23.1033,0
20,182,0.0037,0.0004,642.76,1603.03,1422.16,552.85,47.82,520.54,8.4591,23.1215,0
20,183,-0.002,-0.0001,642.95,1595.68,1412.47,553.04,47.71,520.87,8.5117,23.2129,0
20,184,0.0005,0.0001,643.39,1596.49,1418.07,552.77,47.6,520.89,8.4635,23.2477,0
20,185,0.0033,0.0001,643.15,1597.62,1420.81,552.95,47.78,520.78,8.5035,23.236,0
20,186,0.0008,-0.0,643.11,1600.42,1422.57,551.93,47.82,520.94,8.4512,23.1286,0
20,187,0.0017,0.0001,643.1,1598.74,1421.44,552.81,47.8,521.38,8.44,23.3172,0
20,188,0.0044,0.0003,643.5,1597.0,1421.45,552.12,47.97,520.92,8.4837,23.2216,0
20,189,0.0022,-0.0004,643.05,1594.45,1418.05,552.74,47.89,521.26,8.4764,23.2704,0
20,190,0.0018,-0.0002,643.63,1591.84,1416.25,552.56,47.64,520.29,8.5047,23.2866,0
20,191,0.0028,0.0004,643.05,1597.64,1420.17,552.05,47.8,520.66,8.4617,23.1973,0
20,192,-0.0004,0.0001,643.36,1597.5,1417.58,552.72,47.87,520.06,8.4928,23.261,0
20,193,0.0018,-0.0003,643.22,1592.26,1418.62,552.52,48.1,520.21,8.4537,23.1715,0
20,194,-0.0011,-0.0003,643.63,1593.07,1420.46,551.95,47.93,520.44,8.473,23.1526,0
20,195,0.0007,0.0001,643.17,1596.56,1413.66,552.89,47.72,520.91,8.5006,23.1441,0
20,196,-0.0002,-0.0004,642.89,1601.31,1422.88,551.74,47.88,520.7,8.4568,23.0713,0
20,197,-0.0025,0.0004,642.81,1594.41,1411.02,552.88,47.99,520.28,8.4787,23.1269,0
20,198,-0.0019,-0.0004,642.69,1599.15,1421.81,552.03,47.9,521.2,8.484,23.1019,0
20,199,0.0035,0.0004,643.57,1591.15,1418.58,552.39,48.06,520.81,8.5218,23.2158,0
20,200,0.0006,0.0001,642.95,1595.89,1422.65,552.27,47.86,520.99,8.4909,23.2385,0
20,201,-0.0034,0.0002,643.24,1593.58,1417.28,551.49,47.92,520.29,8.4816,23.07,0
20,202,0.0021,0.0003,643.03,1588.35,1415.63,552.29,47.84,520.29,8.4862,23.221,0
20,203,0.0004,-0.0005,643.5,1600.79,1421.12,552.29,47.76,520.46,8.459,23.0613,0
20,204,-0.002,0.0003,642.54,1601.47,1433.21,552.04,48.15,519.72,8.4656,23.1044,1
20,205,0.0008,-0.0003,642.6,1594.3,1425.26,552.45,47.72,520.23,8.4833,23.1094,1
20,206,0.0011,-0.0004,643.05,1597.72,1411.04,551.41,47.92,520.33,8.4703,23.2369,1
20,207,0.0003,0.0,643.37,1596.99,1424.85,551.63,47.99,520.53,8.4903,23.067,1
20,208,0.0043,0.0005,642.78,1599.24,1426.51,552.09,48.09,520.71,8.4899,23.1406,1
20,209,-0.001,-0.0003,642.97,1601.54,1420.31,551.36,47.89,520.43,8.4785,23.0521,1
20,210,-0.0011,-0.0002,643.66,1597.72,1420.29,552.33,47.96,519.74,8.4903,23.2342,1
20,211,-0.0005,-0.0003,643.74,1595.32,1420.74,551.78,48.13,520.24,8.5043,23.204,1
20,212,-0.0035,0.0004,643.6,1601.16,1420.51,552.08,48.02,520.01,8.4715,23.1415,1
20,213,0.0039,-0.0005,643.61,1600.96,1426.23,551.96,48.04,520.45,8.5071,23.1659,1
20,214,0.0016,-0.0005,643.6,1598.48,1423.82,551.9,47.96,519.91,8.5085,22.9923,1
20,215,-0.0037,0.0002,643.71,1600.26,1427.83,551.37,47.95,520.48,8.5027,23.1,1
20,216,-0.0008,-0.0001,643.72,1602.51,1426.99,551.65,48.01,520.13,8.5006,23.0235,1
20,217,0.0001,0.0003,644.12,1600.51,1419.65,552.47,48.0,520.34,8.5402,23.1025,1
20,218,-0.0021,0.0001,643.51,1597.19,1426.75,551.55,47.95,519.41,8.507,23.06,1
20,219,0.0005,-0.0003,643.36,1600.44,1424.92,551.97,47.94,520.04,8.488,23.1529,1
20,220,-0.0018,0.0003,643.41,1594.88,1426.76,552.72,47.99,519.72,8.5325,23.1548,1
20,221,0.0002,0.0004,643.17,1601.99,1417.47,552.29,48.05,519.29,8.5172,23.0966,1
20,222,0.0033,0.0004,643.52,1597.12,1425.51,551.92,48.13,520.07,8.4841,23.137,1
20,223,-0.0023,-0.0004,643.47,1600.6,1433.5,551.66,48.0,520.09,8.5054,23.0636,1
20,224,-0.0009,0.0003,643.13,1599.29,1417.01,552.3,47.94,519.44,8.514,23.1708,1
20,225,-0.0004,0.0003,643.89,1595.15,1420.89,550.43,48.09,519.92,8.4936,23.0928,1
20,226,-0.002,-0.0,643.49,1597.07,1425.52,551.51,48.04,520.1,8.51,23.1189,1
20,227,-0.0021,-0.0002,643.3,1600.38,1426.9,551.86,48.19,520.43,8.5451,23.0524,1
20,228,0.0009,0.0005,644.03,1592.36,1423.29,550.78,47.99,520.05,8.5072,23.1634,1
20,229,-0.0012,0.0005,643.34,1597.71,1429.25,551.15,48.21,520.01,8.4967,23.0636,1
20,230,-0.001,-0.0,643.57,1605.67,1431.45,552.2,48.16,520.12,8.4887,23.1231,1
20,231,0.0022,-0.0003,643.89,1603.35,1429.72,550.84,48.41,519.74,8.48,22.9885,1
20,232,-0.0003,0.0,643.85,1608.02,1432.08,551.34,48.17,519.28,8.523,23.146,1
20,233,-0.0012,-0.0001,643.93,1601.9,1437.23,551.67,48.23,519.97,8.5058,22.9783,1
20,234,0.0011,-0.0004,643.86,1598.43,1430.93,551.74,48.15,519.73,8.5433,22.9964,1
