{"type": "FeatureCollection", "features": [{"type": "Feature", "properties": {"name": "A-220", "type": "SUA"}, "geometry": {"type": "Polygon", "coordinates": [[[-74.3122237229173, 39.9541747627284], [-74.4163904122584, 39.7708413884741], [-74.8663905578957, 39.8208413826612], [-74.7163905245327, 40.0583414352459], [-74.5497238128233, 40.1958414684098], [-74.1955570274039, 40.0833414585103], [-74.3122237229173, 39.9541747627284]]]}}, {"type": "Feature", "properties": {"name": "A-371", "type": "SUA"}, "geometry": {"type": "Polygon", "coordinates": [[[-87.4877985631707, 36.3401073843104], [-87.4900253678041, 36.3401026152099], [-87.4922521724381, 36.3401075601113], [-87.4944789110728, 36.3401222190146], [-87.496705520708, 36.3401465909198], [-87.4989319353439, 36.340180676827], [-87.5011580929803, 36.3402244737361], [-87.5033839266174, 36.340277981647], [-87.5056093732549, 36.3403411985599], [-87.5078343688929, 36.3404141224748], [-87.5100588475315, 36.3404967513916], [-87.5122827461706, 36.3405890843102], [-87.5145059988101, 36.3406911162308], [-87.5167285434501, 36.3408028451534], [-87.5189503140904, 36.3409242680779], [-87.5211712457313, 36.3410553820043], [-87.5233912763725, 36.3411961819327], [-87.5256103400141, 36.3413466648631], [-87.527828372656, 36.3415068257953], [-87.5300453102983, 36.3416766597295], [-87.5322610889409, 36.3418561626657], [-87.5344756435838, 36.3420453296037], [-87.5366889112269, 36.3422441535438], [-87.5389008278704, 36.3424526294858], [-87.5411113275141, 36.3426707524298], [-87.543320348158, 36.3428985143757], [-87.5455278258022, 36.3431359103236], [-87.5477336944465, 36.3433829322734], [-87.549937893091, 36.3436395732252], [-87.5521403557356, 36.3439058261789], [-87.5543410193804, 36.3441816821347], [-87.5565398200253, 36.3444671350923], [-87.5587366946703, 36.3447621760519], [-87.5609315783153, 36.3450667960136], [-87.5631244089605, 36.3453809859772], [-87.5653151226057, 36.3457047379427], [-87.5675036542509, 36.3460380409102], [-87.569689942896, 36.3463808868797], [-87.5718739245413, 36.3467332648512], [-87.5740555341864, 36.3470951658246], [-87.5762347108315, 36.3474665777999], [-87.5784113904765, 36.3478474897773], [-87.5805855091215, 36.3482378927566], [-87.5827570057664, 36.348637774738], [-87.584925815411, 36.3490471227212], [-87.5870918770557, 36.3494659257065], [-87.5892551267001, 36.3498941726937], [-87.5914155013443, 36.3503318496829], [-87.5935729399883, 36.3507789446741], [-87.5957273786321, 36.3512354436673], [-87.5978787552758, 36.3517013356623], [-87.6000270079191, 36.3521766056595], [-87.6021720735621, 36.3526612396585], [-87.6043138902049, 36.3531552246596], [-87.6064523968474, 36.3536585456626], [-87.6085875304895, 36.3541711876676], [-87.6107192281313, 36.3546931366745], [-87.6128474307727, 36.3552243776835], [-87.6149720734138, 36.3557648946944], [-87.6170930970544, 36.3563146717073], [-87.6192104396946, 36.3568736937222], [-87.6213240383345, 36.3574419437389], [-87.6234338339738, 36.3580194067578], [-87.6255397626126, 36.3586060637785], [-87.627641766251, 36.3592018998012], [-87.6297397818888, 36.359806895826], [-87.6318337485261, 36.3604210358526], [-87.6339236071629, 36.3610443018813], [-87.6360092957991, 36.3616766749119], [-87.6380907534347, 36.3623181369444], [-87.6401679210698, 36.362968669979], [-87.6422407367042, 36.3636282540155], [-87.6443091423379, 36.3642968720539], [-87.646373075971, 36.3649745020943], [-87.6484324786035, 36.3656611271367], [-87.6504872902352, 36.366356724181], [-87.6525374518662, 36.3670612762273], [-87.6545829024965, 36.3677747612755], [-87.6566235841261, 36.3684971583257], [-87.6586594367549, 36.3692284463778], [-87.6606904013828, 36.3699686054319], [-87.66271641901, 36.370717613488], [-87.6647374306364, 36.371475448546], [-87.666753378262, 36.3722420896059], [-87.6687642018866, 36.3730175126678], [-87.6707698445105, 36.3738016957315], [-87.6727702471333, 36.3745946177973], [-87.6747653517553, 36.3753962538649], [-87.6767551003765, 36.3762065819346], [-87.6787394359966, 36.3770255770061], [-87.6807182986158, 36.3778532170796], [-87.6826916332339, 36.378689478155], [-87.6846593808512, 36.3795343342323], [-87.6866214844673, 36.3803877623116], [-87.6885778870825, 36.3812497363927], [-87.6905285326966, 36.3821202334758], [-87.6924733633096, 36.3829992265608], [-87.6944123239216, 36.3838866906478], [-87.6963453555324, 36.3847825997366], [-87.6982724041421, 36.3856869288273], [-87.7001934127507, 36.3865996499199], [-87.7021083263581, 36.3875207380145], [-87.7040170879644, 36.3884501671109], [-87.7059196425694, 36.3893879082092], [-87.7078159341733, 36.3903339353095], [-87.7097059077759, 36.3912882204116], [-87.7115895093773, 36.3922507355156], [-87.7134666829774, 36.3932214546215], [-87.7153373745762, 36.3942003477293], [-87.7172015291738, 36.3951873868389], [-87.71905909277, 36.3961825429504], [-87.7209100103649, 36.3971857880638], [-87.7227542289585, 36.398197093179], [-87.7245916955507, 36.3992164282961], [-87.7264223541415, 36.4002437634151], [-87.7282461527309, 36.401279069536], [-87.7300630393189, 36.4023223166587], [-87.7318729589055, 36.4033734737832], [-87.7336758594906, 36.4044325109096], [-87.7354716880743, 36.4054993970379], [-87.7372603936564, 36.4065741021679], [-87.7390419222371, 36.4076565932998], [-87.7408162228163, 36.4087468404335], [-87.7425832433939, 36.4098448115691], [-87.74434293197, 36.4109504747064], [-87.7460952375445, 36.4120637978456], [-87.7478401091175, 36.4131847479866], [-87.7495774956889, 36.4143132941295], [-87.7513073462586, 36.4154494022741], [-87.7530296098267, 36.4165930394205], [-87.7547442373931, 36.4177441735687], [-87.7564511779579, 36.4189027697187], [-87.758150380521, 36.4200687948705], [-87.7598417970824, 36.4212422150241], [-87.7615253786421, 36.4224229971795], [-87.7632010732001, 36.4236111053366], [-87.7648688347563, 36.4248065054955], [-87.7665286133108, 36.4260091646562], [-87.7681803588635, 36.4272190448186], [-87.7698240254144, 36.4284361129828], [-87.7714595639635, 36.4296603341488], [-87.7730869265107, 36.4308916713165], [-87.7747060640562, 36.4321300884859], [-87.7763169315998, 36.4333755516571], [-87.7779194811415, 36.4346280228299], [-87.7795136646813, 36.4358874660045], [-87.7810994362192, 36.4371538451809], [-87.7826767497552, 36.4384271233589], [-87.7842455582893, 36.4397072625387], [-87.7858058158214, 36.4409942277202], [-87.7873574773516, 36.4422879789034], [-87.7889004968797, 36.4435884800882], [-87.7904348284059, 36.4448956932748], [-87.7919604279301, 36.4462095794631], [-87.7934772504522, 36.447530102653], [-87.7949852509723, 36.4488572218445], [-87.7964843854904, 36.4501909000378], [-87.7979746110064, 36.4515310982327], [-87.7994558815203, 36.4528777774292], [-87.8009281550321, 36.4542308976275], [-87.8023913885418, 36.4555904208274], [-87.8038455380493, 36.4569563060289], [-87.8052905615548, 36.458328515232], [-87.806726415058, 36.4597070074367], [-87.8081530585591, 36.4610917426432], [-87.809570449058, 36.4624826808511], [-87.8109785435547, 36.4638797820607], [-87.8123773030492, 36.4652830042719], [-87.8137666845415, 36.4666923064847], [-87.8151466480314, 36.4681076496991], [-87.8165171515192, 36.4695289919151], [-87.8178781570047, 36.4709562911326], [-87.8192296214878, 36.4723895063517], [-87.8205715069687, 36.4738285955725], [-87.8219037744473, 36.4752735167947], [-87.8232263829236, 36.4767242280185], [-87.8245392933975, 36.4781806882438], [-87.825842468869, 36.4796428534707], [-87.8271358693382, 36.4811106816991], [-87.8284194578049, 36.482584129929], [-87.8296931942694, 36.4840631561605], [-87.8309570437314, 36.4855477163934], [-87.8322109671909, 36.4870377676279], [-87.833454927648, 36.4885332668638], [-87.8346888881027, 36.4900341701013], [-87.8359128135549, 36.4915404343403], [-87.8371266660046, 36.4930520145807], [-87.8383304104519, 36.4945688678225], [-87.8395240118966, 36.4960909490659], [-87.8407074333388, 36.4976182153107], [-87.8418806407785, 36.4991506205569], [-87.8430435992157, 36.5006881208046], [-87.8441962746503, 36.5022306720537], [-87.8453386310823, 36.5037782273043], [-87.8464706375117, 36.5053307435563], [-87.8475922579386, 36.5068881748097], [-87.8487034603628, 36.5084504750645], [-87.8498042107845, 36.5100176003207], [-87.8508944772035, 36.5115895025782], [-87.8519742266199, 36.5131661388372], [-87.8530434280336, 36.5147474610976], [-87.8541020484446, 36.5163334233592], [-87.855150057853, 36.5179239806223], [-87.8561874232586, 36.5195190858868], [-87.8572141146616, 36.5211186921525], [-87.8582301010619, 36.5227227534196], [-87.8592353534594, 36.5243312226881], [-87.8602298398542, 36.5259440529578], [-87.8612135322462, 36.5275611972288], [-87.8621864006356, 36.5291826095012], [-87.8631484170221, 36.5308082407749], [-87.8640995504058, 36.5324380440499], [-87.8650397737867, 36.5340719723261], [-87.8659690591649, 36.5357099776036], [-87.8668873785402, 36.5373520118825], [-87.8677947049127, 36.5389980281625], [-87.8686910092824, 36.5406479774437], [-87.8695762676492, 36.5423018127263], [-87.8704504510131, 36.5439594840101], [-87.8713135343742, 36.5456209442951], [-87.8721654917324, 36.5472861445813], [-87.8730062970877, 36.5489550368687], [-87.8738359254401, 36.5506275721573], [-87.8746543517896, 36.5523037014471], [-87.8754615511361, 36.5539833747381], [-87.8762575004798, 36.5556665450303], [-87.8770421748204, 36.5573531623236], [-87.8778155501582, 36.5590431776181], [-87.8785776044929, 36.5607365409138], [-87.8793283138247, 36.5624332022106], [-87.8800676561535, 36.5641331145085], [-87.8807956074794, 36.5658362258076], [-87.8815121478022, 36.5675424871077], [-87.882217255122, 36.569251848409], [-87.8829109074388, 36.5709642607114], [-87.8835930837525, 36.5726796730148], [-87.8842637640633, 36.5743980353194], [-87.8849229273709, 36.576119297625], [-87.8855705536755, 36.5778434089317], [-87.886206622977, 36.5795703202394], [-87.8868311172755, 36.5812999805482], [-87.8874440165708, 36.583032338858], [-87.8880453018631, 36.5847673451688], [-87.8886349551523, 36.5865049484807], [-87.8892129584384, 36.5882450977935], [-87.8897792947214, 36.5899877421075], [-87.8903339450011, 36.5917328314223], [-87.8908768942778, 36.5934803137382], [-87.8914081245513, 36.595230138055], [-87.8919276198217, 36.5969822543727], [-87.8924353640889, 36.5987366096915], [-87.892931342353, 36.6004931550112], [-87.8934155376139, 36.6022518363318], [-87.8938879368715, 36.6040126046533], [-87.8943485241261, 36.6057754059758], [-87.8947972863774, 36.6075401912992], [-87.8952342086254, 36.6093069066235], [-87.8956592778703, 36.6110755029486], [-87.8960724801119, 36.6128459262746], [-87.8964738023503, 36.6146181246016], [-87.8968632335855, 36.6163920489293], [-87.8972407608174, 36.618167644258], [-87.8976063710461, 36.6199448595874], [-87.8979600542716, 36.6217236439177], [-87.8983017994937, 36.6235039442489], [-87.8986315937126, 36.6252857095808], [-87.8989494289281, 36.6270688859136], [-87.8992552941405, 36.6288534222471], [-87.8995491783495, 36.6306392655814], [-87.8998310745552, 36.6324263649165], [-87.9001009707576, 36.6342146672524], [-87.9003588609567, 36.636004119589], [-87.9006047351525, 36.6377946699264], [-87.900838585345, 36.6395862662645], [-87.9010604045341, 36.6413788566034], [-87.90127018572, 36.6431723869429], [-87.9014679209024, 36.6449668062832], [-87.9016536030815, 36.6467620606241], [-87.9018272282572, 36.6485580979658], [-87.9019887874296, 36.6503548663082], [-87.9021382775987, 36.6521523126512], [-87.9022756917644, 36.6539503829948], [-87.9024010269267, 36.6557490273391], [-87.9025142770856, 36.657548190684], [-87.9026154382411, 36.6593478210296], [-87.9027045063933, 36.6611478663758], [-87.9027814785421, 36.6629482727226], [-87.9028463526874, 36.66474898807], [-87.9028991238294, 36.666549959418], [-87.9029397909679, 36.6683511347665], [-87.902968352103, 36.6701524601157], [-87.9029848042348, 36.6719538824654], [-87.9029891483631, 36.6737553498156], [-87.902981381488, 36.6755568091665], [-87.9029615036094, 36.6773582085178], [-87.9029295147275, 36.6791594928696], [-87.902885414842, 36.6809606122219], [-87.9028292039532, 36.6827615115747], [-87.9027608840609, 36.684562137928], [-87.9026804541652, 36.6863624402819], [-87.902587918266, 36.6881623646361], [-87.9024832763634, 36.6899618579909], [-87.9023665314573, 36.691760868346], [-87.9022376865477, 36.6935593427016], [-87.9020967436347, 36.6953572280577], [-87.9019437057182, 36.6971544714141], [-87.9017785777982, 36.698951020771], [-87.9016013638748, 36.7007468221282], [-87.9014120669479, 36.7025418244859], [-87.9012106930175, 36.7043359738439], [-87.9009972460837, 36.7061292182022], [-87.9007717321464, 36.707921504561], [-87.9005341572056, 36.7097127799201], [-87.9002845262613, 36.7115029922795], [-87.9000228473135, 36.7132920886392], [-87.8997491263622, 36.7150800179992], [-87.8994633714075, 36.7168667253596], [-87.8991655884492, 36.7186521597202], [-87.8988557874874, 36.7204362690812], [-87.8985339745222, 36.7222189994424], [-87.8982001595535, 36.7240002998038], [-87.8978543515812, 36.7257801171655], [-87.8974965596055, 36.7275584005275], [-87.8971267936263, 36.7293350948896], [-87.8967450636435, 36.731110151252], [-87.8963513786573, 36.7328835146146], [-87.8959457516675, 36.7346551349774], [-87.8955281916743, 36.7364249593404], [-87.8950987116775, 36.7381929357036], [-87.8946573236773, 36.7399590120669], [-87.8942040386735, 36.7417231364304], [-87.8937388686662, 36.7434852577941], [-87.8932618286555, 36.7452453231578], [-87.8927729296412, 36.7470032815217], [-87.8922721866234, 36.7487590798857], [-87.8917596136021, 36.7505126692498], [-87.8912352235773, 36.752263995614], [-87.890699032549, 36.7540130089783], [-87.8901510545172, 36.7557596563426], [-87.8895913044819, 36.7575038887071], [-87.8890197994431, 36.7592456520716], [-87.8884365544007, 36.7609848964361], [-87.8878415863549, 36.7627215718006], [-87.8872349123056, 36.7644556251652], [-87.8866165482527, 36.7661870055298], [-87.8859865111964, 36.7679156638943], [-87.8853448211366, 36.7696415472589], [-87.8846914940733, 36.7713646056234], [-87.8840265490065, 36.7730847889879], [-87.8833500059362, 36.7748020463524], [-87.8826618818624, 36.7765163257168], [-87.8819621977851, 36.7782275790811], [-87.8812509737043, 36.7799357534454], [-87.8805282286201, 36.7816408008096], [-87.8797939835323, 36.7833426701737], [-87.8790482594411, 36.7850413105377], [-87.8782910783463, 36.7867366729014], [-87.8775224602481, 36.7884287072652], [-87.8767424281465, 36.7901173636288], [-87.8759510030413, 36.7918025919922], [-87.8751482089327, 36.7934843433555], [-87.8743340678207, 36.7951625667186], [-87.8735086037051, 36.7968372150815], [-87.8726718395861, 36.7985082364443], [-87.8718237994636, 36.8001755838068], [-87.8709645073377, 36.8018392061692], [-87.8700939892084, 36.8034990555312], [-87.8692122680756, 36.8051550838931], [-87.8683193699393, 36.8068072402547], [-87.8674153207996, 36.8084554776161], [-87.8665001456564, 36.8100997459773], [-87.8655738715098, 36.811739998338], [-87.8646365253598, 36.8133761866986], [-87.8636881332064, 36.8150082600589], [-87.8627287230495, 36.8166361734188], [-87.8617583218893, 36.8182598767784], [-87.8607769577255, 36.8198793241377], [-87.8597846595585, 36.8214944654967], [-87.858781454388, 36.8231052538553], [-87.8577673732141, 36.8247116432136], [-87.8567424440368, 36.8263135845714], [-87.8557066958561, 36.827911030929], [-87.854660159672, 36.8295039362861], [-87.8536028644846, 36.8310922526428], [-87.8525348422937, 36.8326759329991], [-87.8514561230995, 36.834254931355], [-87.850366738902, 36.8358291997105], [-87.849266719701, 36.8373986940654], [-87.8481560974967, 36.83896336542], [-87.8470349062891, 36.8405231697741], [-87.8459031760781, 36.8420780591278], [-87.8447609418638, 36.8436279894809], [-87.8436082346461, 36.8451729138335], [-87.8424450894252, 36.8467127871857], [-87.8412715392009, 36.8482475645373], [-87.8400876179733, 36.8497771988884], [-87.8388933607423, 36.851301647239], [-87.8376888015082, 36.852820862589], [-87.8364739752706, 36.8543348009385], [-87.8352489170298, 36.8558434182874], [-87.8340136627858, 36.8573466686358], [-87.8327682485384, 36.8588445089835], [-87.8315127102878, 36.8603368943307], [-87.8302470840339, 36.8618237806773], [-87.8289714077768, 36.8633051240232], [-87.8276857175164, 36.8647808803685], [-87.8263900502527, 36.8662510067132], [-87.8250844459859, 36.8677154600573], [-87.8237689397159, 36.8691741964006], [-87.8224435724425, 36.8706271717434], [-87.8211083811661, 36.8720743450854], [-87.8197634048863, 36.8735156724268], [-87.8184086836035, 36.8749511117674], [-87.8170442563174, 36.8763806201073], [-87.8156701620281, 36.8778041554466], [-87.8142864427357, 36.8792216767851], [-87.8128931364401, 36.8806331401229], [-87.8114902851414, 36.8820385054599], [-87.8100779308394, 36.8834377297962], [-87.8086561125345, 36.8848307731318], [-87.8072248732263, 36.8862175934665], [-87.805784253915, 36.8875981508005], [-87.8043342976007, 36.8889724021336], [-87.8028750452832, 36.890340309466], [-87.8014065409626, 36.8917018307975], [-87.799928827639, 36.8930569271282], [-87.7984419473122, 36.8944055564582], [-87.7969459439825, 36.8957476797872], [-87.7954408616496, 36.8970832581155], [-87.7939267443137, 36.8984122514427], [-87.7924036359748, 36.8997346207693], [-87.7908715816329, 36.9010503260948], [-87.7893306262879, 36.9023593284195], [-87.7877808149399, 36.9036615907433], [-87.7862221925889, 36.9049570730662], [-87.784654805235, 36.9062457373882], [-87.7830786988781, 36.9075275457092], [-87.7814939195182, 36.9088024600294], [-87.7799005131554, 36.9100704423485], [-87.7782985277895, 36.9113314556667], [-87.7766880094208, 36.912585461984], [-87.7750690050492, 36.9138324243003], [-87.7734415636745, 36.9150723066155], [-87.7718057312971, 36.9163050719298], [-87.7701615569167, 36.9175306832431], [-87.7685090885335, 36.9187491035554], [-87.7668483751474, 36.9199602988667], [-87.7651794647584, 36.9211642321769], [-87.7635024063665, 36.9223608674861], [-87.7618172499719, 36.9235501697942], [-87.7601240445744, 36.9247321031013], [-87.7584228411741, 36.9259066344073], [-87.756713687771, 36.9270737267123], [-87.7549966353651, 36.9282333470161], [-87.7532717349564, 36.9293854593189], [-87.751539037545, 36.9305300316205], [-87.7497985931308, 36.9316670289211], [-87.7480504527138, 36.9327964172206], [-87.7462946692941, 36.9339181635189], [-87.7445312928718, 36.9350322338161], [-87.7427603774466, 36.9361385961121], [-87.7409819720189, 36.937237218407], [-87.7391961315884, 36.9383280657007], [-87.7374029081552, 36.9394111079932], [-87.7356023537194, 36.9404863112846], [-87.7337945222809, 36.9415536455747], [-87.7319794668399, 36.9426130778637], [-87.7301572403962, 36.9436645771515], [-87.7283278969499, 36.944708112438], [-87.726491490501, 36.9457436527233], [-87.7246480760495, 36.9467711680074], [-87.7227977055954, 36.9477906262903], [-87.7209404361388, 36.9488019985719], [-87.7190763216797, 36.9498052548523], [-87.717205416218, 36.9508003641314], [-87.7153277757538, 36.9517872984092], [-87.7134434562871, 36.9527660276857], [-87.7115525128179, 36.953736523961], [-87.7096550013462, 36.9546987562348], [-87.7077509768721, 36.9556526985075], [-87.7058404963956, 36.9565983207789], [-87.7039236169166, 36.9575355960488], [-87.7020003944352, 36.9584644963175], [-87.7000708859514, 36.9593849935848], [-87.6981351474652, 36.9602970608508], [-87.6961932379766, 36.9612006701155], [-87.6942452134857, 36.9620957963788], [-87.6922911309924, 36.9629824126407], [-87.6903310504968, 36.9638604909013], [-87.6883650279988, 36.9647300071604], [-87.6863931214986, 36.9655909354181], [-87.6844153909961, 36.9664432486745], [-87.6824318934913, 36.9672869229294], [-87.6804426879842, 36.968121933183], [-87.6784478334749, 36.9689482534351], [-87.6764473899633, 36.9697658606858], [-87.6744414144496, 36.970574729935], [-87.6724299669336, 36.9713748371828], [-87.6704131074155, 36.9721661584292], [-87.6683908958952, 36.972948671674], [-87.6663633923727, 36.9737223519175], [-87.6643306558481, 36.9744871761594], [-87.6622927463214, 36.9752431233999], [-87.6602497247926, 36.9759901696389], [-87.6582016522617, 36.9767282938764], [-87.6561485877287, 36.9774574731123], [-87.6540905931936, 36.9781776873468], [-87.6520277296565, 36.9788889125798], [-87.6499600581173, 36.9795911308112], [-87.6478876395762, 36.9802843180411], [-87.645810535033, 36.9809684562695], [-87.6437288064879, 36.9816435244963], [-87.6416425149408, 36.9823095017215], [-87.6395517233917, 36.9829663689452], [-87.6374564928408, 36.9836141071674], [-87.6353568862879, 36.984252696388], [-87.6332529647331, 36.984882117607], [-87.6311447911764, 36.9855023518244], [-87.6290324276178, 36.9861133820402], [-87.6269159370575, 36.9867151892544], [-87.6247953834952, 36.9873077554671], [-87.6226708269311, 36.9878910626781], [-87.6205423333652, 36.9884650948874], [-87.6184099627976, 36.9890298340952], [-87.6162737812282, 36.9895852643014], [-87.614133850657, 36.9901313685059], [-87.6119902350841, 36.9906681297087], [-87.6098429975095, 36.99119553291], [-87.6076922019332, 36.9917135621095], [-87.6055379123552, 36.9922222023075], [-87.6033801917755, 36.9927214385037], [-87.6012191051942, 36.9932112556983], [-87.5990547156112, 36.9936916388912], [-87.5968870890267, 36.9941625740824], [-87.5947162874405, 36.9946240472719], [-87.5925423778528, 36.9950760444598], [-87.5903654222634, 36.9955185536459], [-87.5881854866726, 36.9959515598303], [-87.5860026360802, 36.9963750510131], [-87.5838169334863, 36.996789015194], [-87.5816284458909, 36.9971934393733], [-87.5794372372941, 36.9975883115509], [-87.5772433726958, 36.9979736197267], [-87.575046917096, 36.9983493529008], [-87.5728479354948, 36.9987155000731], [-87.5706464938922, 36.9990720502437], [-87.5684426572882, 36.9994189924126], [-87.5662364906829, 36.9997563165797], [-87.5640280600762, 37.000084012745], [-87.5618174304682, 37.0004020709085], [-87.5596046688588, 37.0007104820703], [-87.5573898392482, 37.0010092372303], [-87.5551730086363, 37.0012983263885], [-87.5529542420231, 37.0015777425449], [-87.5507336054087, 37.0018474766996], [-87.5485111657931, 37.0021075198524], [-87.5462869881762, 37.0023578660035], [-87.5440611385582, 37.0025985061527], [-87.541833682939, 37.0028294343001], [-87.5396046883187, 37.0030506434457], [-87.5373742196972, 37.0032621255895], [-87.5351423440746, 37.0034638767314], [-87.5329091284509, 37.0036558888715], [-87.5306746378261, 37.0038381580098], [-87.5284389392003, 37.0040106771463], [-87.5262020985734, 37.0041734422809], [-87.5239641829456, 37.0043264484137], [-87.5217252583167, 37.0044696905446], [-87.5194853916868, 37.0046031646737], [-87.517244649056, 37.0047268678009], [-87.5150030974242, 37.0048407939262], [-87.5127608027915, 37.0049449410497], [-87.5105178331579, 37.0050393071713], [-87.5082742535235, 37.005123887291], [-87.5060301308881, 37.0051986804089], [-87.5037855322519, 37.0052636835249], [-87.5015405246149, 37.005318895639], [-87.499295173977, 37.0053643137512], [-87.4970495473383, 37.0053999378615], [-87.4948037116989, 37.00542576597], [-87.4925577330587, 37.0054417980764], [-87.4903116794178, 37.0054480331811], [-87.4880656157762, 37.0054444712838], [-87.4858196101338, 37.0054311123846], [-87.4835737284908, 37.0054079564835], [-87.4813280388472, 37.0053750055805], [-87.4790826062028, 37.0053322586756], [-87.4768374985579, 37.0052797187687], [-87.4745927819124, 37.00521738686], [-87.4723485222663, 37.0051452649493], [-87.4701047886196, 37.0050633540367], [-87.4678616449724, 37.0049716581221], [-87.4656191593246, 37.0048701792057], [-87.4633773986764, 37.0047589212872], [-87.4611364290276, 37.0046378853669], [-87.4588963163785, 37.0045070774446], [-87.4566571287288, 37.0043664995203], [-87.4544189310787, 37.0042161565941], [-87.4521817904282, 37.004056053666], [-87.4499457737774, 37.0038861957359], [-87.4477109471261, 37.0037065858038], [-87.4454773764746, 37.0035172318698], [-87.4432451288226, 37.0033181369339], [-87.4410142701704, 37.003109308996], [-87.4387848665178, 37.0028907530561], [-87.436556984865, 37.0026624761143], [-87.4343306902121, 37.0024244851705], [-87.4321060495588, 37.0021767862247], [-87.4298831289053, 37.001919388277], [-87.4276619942516, 37.0016522973272], [-87.4254427105977, 37.0013755223756], [-87.4232253459437, 37.0010890714219], [-87.4210099632896, 37.0007929524663], [-87.4187966306353, 37.0004871745087], [-87.416585412981, 37.0001717475491], [-87.4143763763265, 36.9998466795875], [-87.412169585672, 36.999511981624], [-87.4099651070175, 36.9991676626585], [-87.407763005363, 36.998813732691], [-87.4055633457085, 36.9984502037215], [-87.4033661950539, 36.99807708475], [-87.4011716163994, 36.9976943877765], [-87.398979676745, 36.9973021238011], [-87.3967904400907, 36.9969003048237], [-87.3946039714365, 36.9964889428442], [-87.3924203357824, 36.9960680488628], [-87.3902395991284, 36.9956376378795], [-87.3880618244746, 36.995197719894], [-87.385887076821, 36.9947483099066], [-87.3837154211675, 36.9942894209173], [-87.3815469215143, 36.9938210659259], [-87.3793816428613, 36.9933432589325], [-87.3772196482086, 36.9928560149372], [-87.3750610035562, 36.9923593469398], [-87.3729057709041, 36.9918532709405], [-87.3707540152522, 36.9913378019392], [-87.3686058006007, 36.9908129549358], [-87.3664611909496, 36.9902787449305], [-87.3643202482989, 36.9897351879232], [-87.3621830376485, 36.9891823019138], [-87.3600496219985, 36.9886201009026], [-87.357920063349, 36.9880486018893], [-87.3557944267, 36.987467823874], [-87.3536727750514, 36.9868777818567], [-87.3515551694033, 36.9862784938374], [-87.3494416737557, 36.9856699788161], [-87.3473323511086, 36.9850522537929], [-87.3452272634621, 36.9844253367677], [-87.3431264728162, 36.9837892467404], [-87.3410300421708, 36.9831440037112], [-87.3389380335261, 36.9824896246799], [-87.336850507882, 36.9818261316467], [-87.3347675282385, 36.9811535416115], [-87.3326891565957, 36.9804718765743], [-87.3306154529536, 36.9797811555352], [-87.3285464803122, 36.979081399494], [-87.3264822986715, 36.9783726294509], [-87.3244229690316, 36.9776548664057], [-87.3223685543924, 36.9769281303586], [-87.320319113754, 36.9761924443096], [-87.3182747081164, 36.9754478302585], [-87.3162353974796, 36.9746943092054], [-87.3142012438437, 36.9739319051504], [-87.3121723062086, 36.9731606380934], [-87.3101486445744, 36.9723805330345], [-87.3081303189411, 36.9715916129736], [-87.3061173893087, 36.9707938999107], [-87.3041099156772, 36.9699874198458], [-87.3021079560468, 36.969172193779], [-87.3001115704172, 36.9683482487102], [-87.2981208177887, 36.9675156066394], [-87.2961357571611, 36.9666742935667], [-87.2941564475347, 36.965824335492], [-87.2921829469092, 36.9649657554154], [-87.2902153132848, 36.9640985793368], [-87.2882536056615, 36.9632228342563], [-87.2862978810393, 36.9623385451738], [-87.2843481984182, 36.9614457380893], [-87.2824046137983, 36.9605444400029], [-87.2804671861795, 36.9596346779146], [-87.2785359725619, 36.9587164778243], [-87.2766110289455, 36.9577898677321], [-87.2746924133303, 36.956854875638], [-87.2727801817164, 36.9559115275419], [-87.2708743901036, 36.9549598524439], [-87.2689750954922, 36.953999879344], [-87.267082354882, 36.9530316352422], [-87.2651962222732, 36.9520551491384], [-87.2633167536657, 36.9510704500327], [-87.2614440060595, 36.9500775679251], [-87.2595780324547, 36.9490765318156], [-87.2577188898513, 36.9480673717042], [-87.2558666322493, 36.9470501155908], [-87.2540213146487, 36.9460247964756], [-87.2521829900495, 36.9449914423585], [-87.2503517144517, 36.9439500852395], [-87.2485275408554, 36.9429007561186], [-87.2467105242606, 36.9418434849958], [-87.2449007156674, 36.9407783038711], [-87.2430981710756, 36.9397052437445], [-87.2413029414854, 36.938624337616], [-87.2395150818968, 36.9375356164857], [-87.2377346433097, 36.9364391123535], [-87.2359616787242, 36.9353348582195], [-87.2341962401403, 36.9342228870836], [-87.2324383795581, 36.9331032319458], [-87.2306881489775, 36.9319759258061], [-87.2289456003986, 36.9308410016647], [-87.2272107838213, 36.9296984925214], [-87.2254837512457, 36.9285484333762], [-87.2237645526719, 36.9273908582291], [-87.2220532390998, 36.9262258010803], [-87.2203498615294, 36.9250532969296], [-87.2186544689608, 36.9238733787771], [-87.216967111394, 36.9226860836228], [-87.2152878388289, 36.9214914454667], [-87.2136167012657, 36.9202895003088], [-87.2119537457044, 36.919080283149], [-87.2102990231449, 36.9178638299874], [-87.2086525805872, 36.9166401768241], [-87.2070144680314, 36.9154093606589], [-87.2053847324776, 36.914171416492], [-87.2037634209256, 36.9129263813233], [-87.2021505833756, 36.9116742931528], [-87.2005462648276, 36.9104151879805], [-87.1989505132814, 36.9091491038065], [-87.1973633757373, 36.9078760766307], [-87.1957848981952, 36.9065961454531], [-87.1942151266551, 36.9053093482738], [-87.192654108117, 36.9040157220927], [-87.191101888581, 36.9027153069099], [-87.189558512047, 36.9014081387254], [-87.1880240255151, 36.9000942585391], [-87.1864984719853, 36.8987737033511], [-87.1849818974576, 36.8974465141614], [-87.183474344932, 36.89611272897], [-87.1819758604086, 36.8947723867769], [-87.1804864868873, 36.893425528582], [-87.1790062673683, 36.8920721923855], [-87.1775352468513, 36.8907124201873], [-87.1760734663367, 36.8893462519873], [-87.1746209688242, 36.8879737267857], [-87.1731777983139, 36.8865948855824], [-87.1717439958059, 36.8852097703775], [-87.1703196023002, 36.8838184211709], [-87.1689046617967, 36.8824208779627], [-87.1674992132955, 36.8810171847528], [-87.1661032997966, 36.8796073805412], [-87.1647169603002, 36.878191508328], [-87.1633402358059, 36.8767696101132], [-87.1619731673141, 36.8753417268967], [-87.1606157938246, 36.8739079016786], [-87.1592681543375, 36.872468176459], [-87.1579302898528, 36.8710225942377], [-87.1566022383706, 36.8695711970148], [-87.1552840378907, 36.8681140287903], [-87.1539757274133, 36.8666511305643], [-87.1526773459383, 36.8651825483366], [-87.1513889304658, 36.8637083231074], [-87.1501105179958, 36.8622284998766], [-87.1488421455282, 36.8607431216443], [-87.1475838510633, 36.8592522324104], [-87.1463356716008, 36.857755876175], [-87.1450976411408, 36.856254096938], [-87.1438697976834, 36.8547469396995], [-87.1426521762285, 36.8532344484594], [-87.1414448127763, 36.8517166682179], [-87.1402477403266, 36.8501936439748], [-87.1390609958795, 36.8486654197302], [-87.1378846124351, 36.8471320414842], [-87.1367186249933, 36.8455935542366], [-87.1355630675541, 36.8440500029876], [-87.1344179721175, 36.8425014337371], [-87.1332833726837, 36.8409478924851], [-87.1321593022525, 36.8393894252317], [-87.1310457938241, 36.8378260769768], [-87.1299428793983, 36.8362578937205], [-87.1288505889752, 36.8346849234627], [-87.1277689575549, 36.8331072112036], [-87.1266980131373, 36.8315248029429], [-87.1256377887225, 36.8299377476809], [-87.1245883143104, 36.8283460894175], [-87.1235496199012, 36.8267498771527], [-87.1225217354947, 36.8251491578865], [-87.121504691091, 36.8235439776189], [-87.1204985156901, 36.8219343843499], [-87.1195032392921, 36.8203204260795], [-87.1185188888969, 36.8187021488079], [-87.1175454935046, 36.8170796025348], [-87.1165830821151, 36.8154528332604], [-87.1156316817285, 36.8138218889847], [-87.1146913183448, 36.8121868187076], [-87.113762020964, 36.8105476714293], [-87.1128438155861, 36.8089044931496], [-87.1119367282111, 36.8072573338686], [-87.111040784839, 36.8056062415864], [-87.1101560114699, 36.8039512653028], [-87.1092824341037, 36.802292454018], [-87.1084200767405, 36.8006298557319], [-87.1075689643803, 36.7989635194446], [-87.106729121023, 36.797293496156], [-87.1059005716688, 36.7956198328662], [-87.1050833383175, 36.7939425795751], [-87.1042774459693, 36.7922617852828], [-87.1034829176241, 36.7905775009893], [-87.1026997742819, 36.7888897756945], [-87.1019280399427, 36.7871986573986], [-87.1011677366067, 36.7855041981015], [-87.1004188842737, 36.7838064468032], [-87.0996815049437, 36.7821054535038], [-87.0989556206169, 36.7804012692031], [-87.0982412502931, 36.7786939419014], [-87.0975384159725, 36.7769835235985], [-87.0968471366549, 36.7752700652944], [-87.0961674313405, 36.7735536149892], [-87.0954993200291, 36.7718342256829], [-87.094842821721, 36.7701119463755], [-87.094197954416, 36.768386828067], [-87.0935647361141, 36.7666589227574], [-87.0929431858154, 36.7649282794468], [-87.0923333205199, 36.763194950135], [-87.0917351562276, 36.7614589858222], [-87.0911487119385, 36.7597204375083], [-87.0905740016525, 36.7579793551934], [-87.0900110433698, 36.7562357918775], [-87.0894598520902, 36.7544897985605], [-87.0889204438139, 36.7527414252425], [-87.0883928325408, 36.7509907249235], [-87.087877033271, 36.7492377486035], [-87.0873730610044, 36.7474825472826], [-87.0868809297411, 36.7457251729606], [-87.086400652481, 36.7439656766377], [-87.0859322432242, 36.7422041113138], [-87.0854757139707, 36.740440528989], [-87.0850310777204, 36.7386749796633], [-87.0845983474735, 36.7369075163366], [-87.0841775352299, 36.735138191009], [-87.0837686509895, 36.7333670556804], [-87.0833717067525, 36.731594162351], [-87.0829867135188, 36.7298195640207], [-87.0826136822884, 36.7280433106895], [-87.0822526220614, 36.7262654563575], [-87.0819035438376, 36.7244860520245], [-87.0815664556172, 36.7227051506908], [-87.0812413674002, 36.7209228053561], [-87.0809282881865, 36.7191390670207], [-87.0806272259762, 36.7173539896844], [-87.0803381877693, 36.7155676233474], [-87.0800611825657, 36.7137800230095], [-87.0797962183655, 36.7119912396708], [-87.0795432991688, 36.7102013263313], [-87.0793024349753, 36.7084103359912], [-87.0790736297853, 36.7066183196502], [-87.0788568895987, 36.7048253323085], [-87.0786522214155, 36.703031423966], [-87.0784596282357, 36.7012366496228], [-87.0782791170594, 36.6994410612789], [-87.0781106908864, 36.6976447109343], [-87.0779543547169, 36.6958476515889], [-87.0778101115508, 36.6940499362429], [-87.0776779653881, 36.6922516168962], [-87.0775579192289, 36.6904527475489], [-87.0774499750732, 36.6886533812009], [-87.0773541359208, 36.6868535688522], [-87.0772704027719, 36.6850533645029], [-87.0771987786265, 36.683252821153], [-87.0771392634846, 36.6814519908025], [-87.0770918593461, 36.6796509264513], [-87.0770565662111, 36.6778496820996], [-87.0770333840795, 36.6760483087472], [-87.0770223129515, 36.6742468603943], [-87.0770233518269, 36.6724453900409], [-87.0770365017058, 36.6706439496869], [-87.0770617585881, 36.6688425923323], [-87.077099123474, 36.6670413719772], [-87.0771485923634, 36.6652403396216], [-87.0772101642563, 36.6634395492655], [-87.0772838361526, 36.6616390529088], [-87.0773696040524, 36.6598389035518], [-87.0774674669558, 36.6580391551942], [-87.0775774188626, 36.6562398588361], [-87.077699456773, 36.6544410684776], [-87.0778335756869, 36.6526428351186], [-87.0779797716043, 36.6508452137592], [-87.0781380385252, 36.6490482553994], [-87.0783083714496, 36.6472520130391], [-87.0784907653775, 36.6454565396785], [-87.078685212309, 36.6436618873175], [-87.078891707244, 36.641868108956], [-87.0791102431825, 36.6400752575942], [-87.0793408121245, 36.6382833852321], [-87.0795834060701, 36.6364925438696], [-87.0798380180191, 36.6347027865067], [-87.0801046399718, 36.6329141651435], [-87.0803832629279, 36.6311267327801], [-87.0806738778875, 36.6293405414163], [-87.0809764748508, 36.6275556430522], [-87.0812910448175, 36.6257720906878], [-87.0816175777877, 36.6239899353232], [-87.0819560627615, 36.6222092299582], [-87.0823064897389, 36.6204300275931], [-87.0826688477197, 36.6186523782277], [-87.0830431247041, 36.616876335862], [-87.083429308692, 36.6151019504961], [-87.0838273876835, 36.6133292761301], [-87.0842373506785, 36.6115583627638], [-87.084659183677, 36.6097892633973], [-87.0850928726791, 36.6080220300307], [-87.0855384056847, 36.6062567126639], [-87.0859957676937, 36.604493364297], [-87.0864649457064, 36.6027320369299], [-87.0869459247226, 36.6009727805626], [-87.0874386897423, 36.5992156481953], [-87.0879432247656, 36.5974606898279], [-87.0884595157923, 36.5957079574603], [-87.0889875458226, 36.5939575030926], [-87.0895272988564, 36.5922093757249], [-87.0900787588937, 36.5904636293571], [-87.0906419079346, 36.5887203119893], [-87.091216729979, 36.5869794776213], [-87.0918032070269, 36.5852411742534], [-87.0920365689683, 36.5834228468856], [-87.4500052375206, 36.3416735093078], [-87.4522221951401, 36.3415038491753], [-87.4544402477606, 36.3413438630448], [-87.456659329382, 36.341193554916], [-87.4588793760044, 36.3410529297891], [-87.4611003246276, 36.3409219906641], [-87.4633221092518, 36.3408007425409], [-87.4655446668768, 36.3406891884196], [-87.4677679325027, 36.3405873313002], [-87.4699918411293, 36.3404951741827], [-87.4722163307569, 36.3404127200671], [-87.4744413343852, 36.3403399709533], [-87.4766667880143, 36.3402769298414], [-87.4788926286441, 36.3402235967314], [-87.4811187912747, 36.3401799746233], [-87.483345210906, 36.3401460655171], [-87.485571822538, 36.3401218684128], [-87.4877985631707, 36.3401073843104]]]}}, {"type": "Feature", "properties": {"name": "A-440", "type": "SUA"}, "geometry": {"type": "Polygon", "coordinates": [[[-88.3085766539023, 33.5735434628887], [-88.2463163973707, 33.5176784597766], [-88.3046247440854, 33.4721256700286], [-88.3662386533864, 33.5274562350629], [-88.3681204838623, 33.5265883978087], [-88.3700160623432, 33.5257418385584], [-88.371925045829, 33.524916708312], [-88.3738470893197, 33.5241131580696], [-88.3757818448151, 33.523331332831], [-88.3777289633152, 33.5225713725966], [-88.3796880928199, 33.5218334153663], [-88.3816588773292, 33.5211175951401], [-88.3836409628428, 33.520424040918], [-88.3856339893606, 33.5197528767002], [-88.3876375978827, 33.5191042254866], [-88.3896514244089, 33.5184782032773], [-88.3916751079392, 33.5178749230722], [-88.3937082794733, 33.5172944948716], [-88.3957505740114, 33.5167370236753], [-88.397801621553, 33.5162026084835], [-88.3998610510984, 33.5156913472962], [-88.4019284916472, 33.5152033321133], [-88.4040035681996, 33.5147386499349], [-88.4060859077552, 33.5142973867612], [-88.4081751323141, 33.513879620592], [-88.4102708658761, 33.5134854284274], [-88.4123727294411, 33.5131148802675], [-88.4144803420091, 33.5127680431123], [-88.4165933255799, 33.5124449789618], [-88.4187112961534, 33.512145747816], [-88.4208338717296, 33.511870403675], [-88.4229606703082, 33.5116189945388], [-88.4250913058892, 33.5113915664073], [-88.4272253954726, 33.5111881612807], [-88.4293625520582, 33.511008816159], [-88.4315023906458, 33.5108535610421], [-88.4336445242354, 33.5107224269302], [-88.435788566827, 33.5106154348232], [-88.4379341314203, 33.5105326067211], [-88.4400808290153, 33.510473955624], [-88.4422282726117, 33.5104394925318], [-88.4443760752097, 33.5104292234446], [-88.4465238488091, 33.5104431503625], [-88.4486712054097, 33.5104812722853], [-88.4508177560113, 33.5105435802132], [-88.452963114614, 33.5106300641461], [-88.4551068942176, 33.5107407070842], [-88.4572487058221, 33.5108754910273], [-88.4593881634272, 33.5110343899754], [-88.4615248810329, 33.5112173769286], [-88.4636584726391, 33.5114244168869], [-88.4657885532457, 33.5116554728504], [-88.4679147378525, 33.5119105048189], [-88.4700366414594, 33.5121894647926], [-88.4721538830664, 33.5124923027713], [-88.4742660776733, 33.5128189657553], [-88.4763728462801, 33.5131693917443], [-88.4784738068865, 33.5135435207385], [-88.4805685804926, 33.5139412827377], [-88.4826567880981, 33.5143626067421], [-88.4847380537031, 33.5148074157517], [-88.4868119993073, 33.5152756317663], [-88.4888782529106, 33.5157671677861], [-88.490936438513, 33.516281936811], [-88.4929861861144, 33.516819843841], [-88.4950271247146, 33.5173807938762], [-88.4970588853136, 33.5179646839163], [-88.4990811009112, 33.5185714099617], [-88.5010934065073, 33.5192008610121], [-88.5030954381018, 33.5198529250675], [-88.5050868326946, 33.5205274821281], [-88.5070672322856, 33.5212244121937], [-88.5090362778747, 33.5219435882643], [-88.5109936124617, 33.5226848813399], [-88.5129388840467, 33.5234481564206], [-88.5148717406294, 33.5242332765063], [-88.5167918312098, 33.5250400995969], [-88.5186988097878, 33.5258684786925], [-88.5205923313632, 33.526718265793], [-88.522472052936, 33.5275893068986], [-88.524337634506, 33.5284814450089], [-88.5261887390732, 33.5293945171242], [-88.5280250316375, 33.5303283602443], [-88.5298461791986, 33.5312828043693], [-88.5316518527566, 33.5322576784992], [-88.5334417253114, 33.5332528046338], [-88.5352154728628, 33.5342680037732], [-88.5369727744108, 33.5353030929173], [-88.5387133119552, 33.5363578840662], [-88.540436769496, 33.5374321872197], [-88.542142836033, 33.538525807378], [-88.5438312015661, 33.5396385485408], [-88.5455015610953, 33.5407702077083], [-88.5471536106206, 33.5419205808804], [-88.5487870521417, 33.543089461057], [-88.5504015896585, 33.5442766362382], [-88.551996929171, 33.5454818914238], [-88.5535727826791, 33.5467050086138], [-88.5551288641827, 33.5479457678083], [-88.5566648916817, 33.5492039430071], [-88.5581805861761, 33.5504793082103], [-88.5596756716657, 33.5517716324178], [-88.5611498791504, 33.5530806816296], [-88.5626029396301, 33.5544062188456], [-88.5640345891048, 33.5557480050657], [-88.5654445685744, 33.55710579729], [-88.5668326220389, 33.5584793495185], [-88.568198496498, 33.559868413751], [-88.5695419449517, 33.5612727389875], [-88.5708627214, 33.5626920702281], [-88.5721605878428, 33.5641261524725], [-88.5734353082799, 33.5655747237209], [-88.5746866487114, 33.5670375239731], [-88.5759143841371, 33.5685142882291], [-88.5771182895569, 33.5700047494889], [-88.5782981469709, 33.5715086367523], [-88.5794537413788, 33.5730256780195], [-88.5805848617807, 33.5745556002903], [-88.5816913021764, 33.5760981255646], [-88.5827728625659, 33.5776529758424], [-88.5838293429491, 33.5792198671237], [-88.584860554326, 33.5807985184084], [-88.5858663056964, 33.5823886426965], [-88.5868464150603, 33.5839899529879], [-88.5878007024177, 33.5856021582826], [-88.5887289947685, 33.5872249675804], [-88.5896311231126, 33.5888580868815], [-88.5905069204499, 33.5905012191856], [-88.5913562287804, 33.5921540694927], [-88.5921788911041, 33.5938163358029], [-88.5929747584208, 33.595487719116], [-88.5937436847306, 33.5971679164319], [-88.5944855280333, 33.5988566227507], [-88.5952001533289, 33.6005535320722], [-88.5958874296174, 33.6022583383965], [-88.5965472308986, 33.6039707307233], [-88.5971794351726, 33.6056904010528], [-88.5977839274393, 33.6074170363848], [-88.5983605956987, 33.6091503247192], [-88.5989093339506, 33.6108899520561], [-88.5994300411951, 33.6126356013953], [-88.5999226214321, 33.6143869587368], [-88.6003869826616, 33.6161437060805], [-88.6008230408835, 33.6179055244264], [-88.6012307140978, 33.6196720947743], [-88.6016099273045, 33.6214430961243], [-88.6019606095034, 33.6232182094763], [-88.6022826956946, 33.6249971108301], [-88.602576124878, 33.6267794791859], [-88.6028408430537, 33.6285649905433], [-88.6030768002215, 33.6303533219026], [-88.6032839523815, 33.6321441492635], [-88.6034622585336, 33.6339371456259], [-88.6036116856777, 33.6357319889898], [-88.6037322058139, 33.6375283513553], [-88.6038237939422, 33.6393259087221], [-88.6038864310624, 33.6411243340903], [-88.6039201061746, 33.6429233014596], [-88.6039248092788, 33.6447224838302], [-88.6039005383749, 33.6465215562019], [-88.603847297463, 33.6483201915746], [-88.6037650925429, 33.6501180629484], [-88.6036539366147, 33.6519148443231], [-88.6035138496785, 33.6537102106986], [-88.6033448537341, 33.6555038350749], [-88.6031469787815, 33.6572953934519], [-88.6029202588208, 33.6590845588296], [-88.6026647328519, 33.6608710072079], [-88.6023804458749, 33.6626544155866], [-88.6020674468896, 33.6644344579659], [-88.6017257908962, 33.6662108123455], [-88.6013555398947, 33.6679831567254], [-88.6009567568849, 33.6697511691055], [-88.600529514867, 33.6715145284858], [-88.6000738878409, 33.6732729138662], [-88.5995899578066, 33.6750260072467], [-88.5990778107641, 33.6767734886271], [-88.5985375377136, 33.6785150420074], [-88.5979692356548, 33.6802503503875], [-88.5973730055879, 33.6819790997674], [-88.5967489545128, 33.683700974147], [-88.5960971934297, 33.6854156625262], [-88.5954178403384, 33.687122852905], [-88.5947110162391, 33.6888222342833], [-88.5939768471317, 33.6905134986609], [-88.5932154660162, 33.692196339038], [-88.5924270098927, 33.6938704494143], [-88.5916116197612, 33.6955355257898], [-88.5907694416217, 33.6971912641645], [-88.5899006284742, 33.6988373655382], [-88.5890053353188, 33.7004735299109], [-88.5880837241555, 33.7020994592826], [-88.5871359609843, 33.7037148586532], [-88.5861622168053, 33.7053194350226], [-88.5851626666184, 33.7069128963907], [-88.5841374914237, 33.7084949517575], [-88.5830868752213, 33.7100653151229], [-88.5820110080112, 33.7116237004868], [-88.5809100847934, 33.7131698248493], [-88.579784303568, 33.7147034062101], [-88.5786338683349, 33.7162241655693], [-88.5774589870943, 33.7177318279268], [-88.5762598718462, 33.7192261172825], [-88.5750367385906, 33.7207067626363], [-88.5737898103276, 33.7221734949882], [-88.5725193110572, 33.7236260473382], [-88.5712254717795, 33.7250641556861], [-88.5699085264945, 33.7264875580319], [-88.5685687132022, 33.7278959953756], [-88.5672062749028, 33.729289211717], [-88.5658214585962, 33.7306669530562], [-88.5644145142826, 33.732028969393], [-88.562985697962, 33.7333750137273], [-88.5615352686344, 33.7347048390592], [-88.5600634883, 33.7360182043886], [-88.5585706239587, 33.7373148707154], [-88.5570569476106, 33.7385946030396], [-88.5555227322558, 33.739857166361], [-88.5539682578943, 33.7411023326797], [-88.5523938045262, 33.7423298749955], [-88.5507996601517, 33.7435395693085], [-88.5491861127707, 33.7447311956185], [-88.5475534553833, 33.7459045369256], [-88.5459019839896, 33.7470593802295], [-88.5442319995896, 33.7481955145304], [-88.5425438051835, 33.7493127328281], [-88.5408377077714, 33.7504108331226], [-88.5391140153531, 33.7514896144139], [-88.5373730439289, 33.7525488807018], [-88.5356151084989, 33.7535884389864], [-88.5338405280631, 33.7546080992675], [-88.5320496266215, 33.7556076765451], [-88.5302427281743, 33.7565869888192], [-88.5284201617216, 33.7575458570898], [-88.5265822592634, 33.7584841083567], [-88.5247293557998, 33.7594015696199], [-88.5228617863309, 33.7602980758795], [-88.5209798908568, 33.7611734621352], [-88.5190840133775, 33.7620275693871], [-88.5171744968932, 33.7628602426352], [-88.5152516904039, 33.7636713298794], [-88.5133159429098, 33.7644606831196], [-88.5113676074109, 33.7652281593559], [-88.5094070379073, 33.765973617588], [-88.5074345913991, 33.7666969228162], [-88.5054506268864, 33.7673979430401], [-88.5034555053693, 33.76807655126], [-88.5014495898479, 33.7687326224756], [-88.4994332473223, 33.769366037687], [-88.4974068427925, 33.7699766828941], [-88.4953707462586, 33.7705644450969], [-88.4933253277209, 33.7711292172953], [-88.4912709611794, 33.7716708974894], [-88.489208019634, 33.772189386679], [-88.487136880085, 33.7726845898641], [-88.4850579175325, 33.7731564170447], [-88.4829715129766, 33.7736047822209], [-88.4808780454173, 33.7740296043924], [-88.4787778958547, 33.7744308055594], [-88.4766714482891, 33.7748083127217], [-88.4745590857204, 33.7751620568794], [-88.4724411921488, 33.7754919740325], [-88.4703181545744, 33.7757980041808], [-88.4681903599972, 33.7760800903243], [-88.4660581954174, 33.7763381814632], [-88.4639220508352, 33.7765722315971], [-88.4617823132505, 33.7767821977263], [-88.4596393736635, 33.7769680408507], [-88.4574936230743, 33.7771297279702], [-88.455345452483, 33.7772672290848], [-88.4531952528898, 33.7773805191945], [-88.4510434162947, 33.7774695772993], [-88.4488903356979, 33.7775343883991], [-88.4467364020994, 33.777574939494], [-88.4445820084994, 33.7775912235839], [-88.4424275478979, 33.7775832376688], [-88.4402734122951, 33.7775509827487], [-88.4381199956911, 33.7774944658236], [-88.4359676900861, 33.7774136968934], [-88.43381688648, 33.7773086899581], [-88.431667977873, 33.7771794640178], [-88.4295213552653, 33.7770260430725], [-88.4273774116569, 33.776848456122], [-88.425236535048, 33.7766467341664], [-88.4230991184386, 33.7764209142057], [-88.420965548829, 33.77617103724], [-88.418836216219, 33.7758971492691], [-88.4167115086091, 33.7755993002931], [-88.4145918129991, 33.7752775443119], [-88.4124775163892, 33.7749319393256], [-88.4103690027796, 33.7745625503341], [-88.4082666571704, 33.7741694423376], [-88.4061708615616, 33.7737526883359], [-88.4040819989533, 33.773312363329], [-88.4020004493457, 33.772848548317], [-88.399926592739, 33.7723613272999], [-88.3978608051331, 33.7718507902776], [-88.3958034645283, 33.7713170282502], [-88.3937549449245, 33.7707601402177], [-88.391715619322, 33.77018022618], [-88.3896858597209, 33.7695773931372], [-88.3876660351212, 33.7689517510894], [-88.3856565135231, 33.7683034120364], [-88.3836576609266, 33.7676324969784], [-88.3816698403319, 33.7669391249152], [-88.3796934147391, 33.766223424847], [-88.3777287441483, 33.7654855257737], [-88.3757761855597, 33.7647255626955], [-88.3738360939732, 33.7639436726121], [-88.3719088233891, 33.7631400005238], [-88.3699947238074, 33.7623146914304], [-88.3680941442282, 33.7614678953321], [-88.3662074296516, 33.7605997662288], [-88.3643349240779, 33.7597104631205], [-88.3624769675069, 33.7588001480074], [-88.360633897939, 33.7578689868893], [-88.3588060503741, 33.7569171477663], [-88.3569937588123, 33.7559448056385], [-88.3551973502538, 33.7549521375059], [-88.3534171526987, 33.7539393223684], [-88.3516534901471, 33.7529065472261], [-88.349906682599, 33.751853998079], [-88.3481770470545, 33.7507818669272], [-88.346464898514, 33.7496903497708], [-88.3447705479772, 33.7485796456096], [-88.3430943034444, 33.7474499554438], [-88.3414364689157, 33.7463014852733], [-88.3397973453911, 33.7451344450983], [-88.3381772298708, 33.7439490459186], [-88.3365764183548, 33.7427455047345], [-88.3349952008433, 33.7415240405459], [-88.3334338633363, 33.7402848753527], [-88.331892689834, 33.7390282341552], [-88.3303719593364, 33.7377543459533], [-88.3288719488436, 33.736463443747], [-88.3273929293557, 33.7351557605364], [-88.3259351698728, 33.7338315363215], [-88.324498934395, 33.7324910101024], [-88.3230844829224, 33.7311344278791], [-88.3216920724549, 33.7297620346516], [-88.3203219549929, 33.72837408042], [-88.3189743785363, 33.7269708191843], [-88.3176495870852, 33.7255525039447], [-88.3163478206396, 33.7241193947009], [-88.3150693151998, 33.7226717514533], [-88.3138143017657, 33.7212098382017], [-88.3125830083374, 33.7197339189464], [-88.311375655915, 33.7182442636871], [-88.3101924644986, 33.7167411434242], [-88.3090336470884, 33.7152248311574], [-88.3078994126842, 33.7136956028871], [-88.3067899672862, 33.7121537356131], [-88.3057055118945, 33.7105995113356], [-88.3046462405092, 33.7090332110545], [-88.3036123451303, 33.70745512077], [-88.3026040127579, 33.705865526482], [-88.301621425392, 33.7042647181908], [-88.3006647600328, 33.7026529858961], [-88.2997341876802, 33.7010306235983], [-88.2988298783344, 33.6993979252972], [-88.2979519929955, 33.6977551889931], [-88.2971006906634, 33.6961027116857], [-88.2962761243383, 33.6944407943754], [-88.2954784430202, 33.692769738062], [-88.2947077887091, 33.6910898487458], [-88.2939643004051, 33.6894014304268], [-88.2932481121083, 33.6877047891049], [-88.2925593528187, 33.6860002337802], [-88.2918981435364, 33.6842880744529], [-88.2912646052614, 33.6825686221229], [-88.2906588509938, 33.6808421877904], [-88.2900809877336, 33.6791090864554], [-88.2895311204809, 33.6773696331179], [-88.2890093462357, 33.6756241427781], [-88.2885157589981, 33.6738729324359], [-88.2880504457681, 33.6721163200914], [-88.2876134895457, 33.6703546257448], [-88.287204967331, 33.668588168396], [-88.286824953124, 33.6668172690452], [-88.2864735129247, 33.6650422496923], [-88.2861507097333, 33.6632634313376], [-88.2858565995497, 33.6614811379809], [-88.285591234374, 33.6596956926224], [-88.2853546602061, 33.6579074192622], [-88.2851469190462, 33.6561166429003], [-88.2849680458942, 33.6543236885368], [-88.2848180707502, 33.6525288811717], [-88.2846970216143, 33.6507325468052], [-88.2846049164863, 33.6489350104372], [-88.2845417703664, 33.647136600068], [-88.2845075932546, 33.6453376406973], [-88.2845023901508, 33.6435384593256], [-88.2845261600552, 33.6417393809526], [-88.2845788959677, 33.6399407345786], [-88.2846605868883, 33.6381428432036], [-88.2847712168171, 33.6363460358276], [-88.284910763754, 33.6345506364508], [-88.2850791996992, 33.6327569720732], [-88.2852764926525, 33.6309653666948], [-88.285502605614, 33.6291761453158], [-88.2857574955838, 33.6273896329361], [-88.2860411145617, 33.625606153556], [-88.2863534085478, 33.6238260301754], [-88.2866943205422, 33.6220495857944], [-88.2870637865448, 33.620277142413], [-88.2874617365556, 33.6185090210315], [-88.2878880985745, 33.6167455416497], [-88.2883427926017, 33.6149870252679], [-88.2888257336371, 33.613233788886], [-88.2893368346807, 33.6114861515042], [-88.2898759997324, 33.6097444301224], [-88.2904431297924, 33.6080089397408], [-88.2910381208604, 33.6062799943595], [-88.2916608629367, 33.6045579069784], [-88.292311242021, 33.6028429915978], [-88.2929891381135, 33.6011355562176], [-88.2936944272141, 33.5994359118379], [-88.2944269793228, 33.5977443664588], [-88.2951866604395, 33.5960612260803], [-88.2959733325642, 33.5943867947026], [-88.296786850697, 33.5927213773257], [-88.2976270648377, 33.5910652739496], [-88.2984938239865, 33.5894187845745], [-88.2993869671431, 33.5877822082004], [-88.3003063323077, 33.5861558408273], [-88.30125175148, 33.5845399774553], [-88.3022230516603, 33.5829349090846], [-88.3032200558484, 33.5813409277152], [-88.3042425830442, 33.579758321347], [-88.3052904452478, 33.5781873769803], [-88.3063634524591, 33.5766283786151], [-88.307461407678, 33.5750816072513], [-88.3085766539023, 33.5735434628887]]]}}, {"type": "Feature", "properties": {"name": "A-443", "type": "SUA"}, "geometry": {"type": "Polygon", "coordinates": [[[-88.4633386528496, 33.0294505716764], [-88.4722275360967, 32.8772283174816], [-88.5777831215763, 32.8800060920227], [-88.5799179671687, 32.8799979539392], [-88.5820521427639, 32.880043850867], [-88.5841837283612, 32.8801437398062], [-88.5863108069602, 32.8802975327569], [-88.5884314665603, 32.8805050897191], [-88.590543799161, 32.8807662256928], [-88.5926459057617, 32.881080704678], [-88.5947358953618, 32.8814482446748], [-88.5968118889609, 32.8818685146831], [-88.5988720195584, 32.8823411367031], [-88.6009144341538, 32.8828656857345], [-88.6029372947465, 32.8834416897775], [-88.604938782336, 32.884068630832], [-88.6069170969218, 32.8847459458978], [-88.6088704575033, 32.8854730259751], [-88.61079710808, 32.8862492150635], [-88.6126953146515, 32.8870738171633], [-88.6145633682171, 32.8879460892741], [-88.6163995887765, 32.888865247396], [-88.618202323329, 32.8898304655287], [-88.6199699478742, 32.8908408736722], [-88.6217008734116, 32.8918955638265], [-88.6233935399407, 32.8929935869912], [-88.6250464234611, 32.8941339561663], [-88.6266580359722, 32.8953156443516], [-88.6282269254737, 32.8965375885469], [-88.629751678965, 32.8977986897521], [-88.6312309214457, 32.899097812967], [-88.6326633219154, 32.9004337891914], [-88.6340475873737, 32.9018054164251], [-88.6353824718202, 32.9032114606678], [-88.6366667692544, 32.9046506559194], [-88.6378993236759, 32.9061217071796], [-88.6390790220845, 32.9076232904483], [-88.6402047994797, 32.909154054725], [-88.6412756408611, 32.9107126210097], [-88.6422905792284, 32.9122975883021], [-88.6432486975814, 32.9139075276018], [-88.6441491299196, 32.9155409909086], [-88.6449910632427, 32.9171965072223], [-88.6457737355506, 32.9188725865425], [-88.6464964388428, 32.920567718869], [-88.6471585191192, 32.9222803782015], [-88.6477593773794, 32.9240090225397], [-88.6482984676233, 32.9257520948832], [-88.6487753018506, 32.9275080252318], [-88.6491894460612, 32.9292752325852], [-88.6495405242547, 32.931052124943], [-88.6498282154312, 32.9328371023048], [-88.6500522575904, 32.9346285556705], [-88.650212443732, 32.9364248720397], [-88.6503086268562, 32.938224433412], [-88.6503407169626, 32.940025616787], [-88.6503086800512, 32.9418268011645], [-88.650212541122, 32.9436263615442], [-88.6500523831748, 32.9454226789256], [-88.6498283462097, 32.9472141313084], [-88.6495406302265, 32.9489991076923], [-88.6491894882253, 32.950775996077], [-88.6487752342061, 32.9525431964621], [-88.6482982371688, 32.9542991158472], [-88.6477589241136, 32.956042171232], [-88.6471577770404, 32.9577707916162], [-88.6464953349493, 32.9594834169994], [-88.6457721908405, 32.9611785053813], [-88.644988993714, 32.9628545267615], [-88.6441464465698, 32.9645099711396], [-88.6432453054082, 32.9661433445154], [-88.6422863792293, 32.9677531738886], [-88.6412705320333, 32.9693380082587], [-88.6401986738202, 32.9708964186254], [-88.6390717705904, 32.9724269979884], [-88.637890836344, 32.9739283663475], [-88.6366569320813, 32.9753991697022], [-88.6353711688024, 32.9768380810522], [-88.6341002905281, 32.9782863804036], [-88.6322957050728, 32.9791294586492], [-88.6304460536044, 32.9799631698947], [-88.6286177531438, 32.9808297171461], [-88.6268116246911, 32.9817287144035], [-88.6250284792465, 32.9826597566666], [-88.6232691168102, 32.9836224259355], [-88.6215343263824, 32.98461629221], [-88.6198248889633, 32.9856409084898], [-88.6181415695531, 32.986695815775], [-88.6164851261519, 32.9877805410654], [-88.6148563017601, 32.9888945963608], [-88.6132558273777, 32.9900374836612], [-88.6116844240049, 32.9912086899663], [-88.6101427956418, 32.9924076892761], [-88.6086316362887, 32.9936339435905], [-88.6071516249457, 32.9948869039092], [-88.605703426613, 32.9961660072321], [-88.6042876932907, 32.9974706795592], [-88.6029050599788, 32.9988003358901], [-88.6015561506778, 33.0001543792248], [-88.6002415703875, 33.0015322025633], [-88.5989619111082, 33.0029331869051], [-88.59771774984, 33.0043567032503], [-88.596509645583, 33.0058021145987], [-88.5953381423373, 33.0072687699501], [-88.594203767103, 33.0087560133043], [-88.5931070328803, 33.0102631746613], [-88.5920484326692, 33.0117895790208], [-88.5910284434699, 33.0133345403827], [-88.5900475252824, 33.0148973667468], [-88.5891061211069, 33.016477354113], [-88.5882046549433, 33.018073795481], [-88.5873435347918, 33.0196859728507], [-88.5865231486524, 33.0213131612221], [-88.5857438665252, 33.0229546325948], [-88.5850060424104, 33.0246096469687], [-88.5843100093078, 33.0262774633437], [-88.5836560812176, 33.0279573317195], [-88.5830445551398, 33.0296484980961], [-88.5824757080744, 33.0313502014732], [-88.5819497970215, 33.0330616798507], [-88.4633386528496, 33.0294505716764]]]}}, {"type": "Feature", "properties": {"name": "A-481", "type": "SUA"}, "geometry": {"type": "Polygon", "coordinates": [[[-115.540550070421, 36.5339378946312], [-115.384178568914, 36.4333386303753], [-115.367511898873, 36.4333386314555], [-115.034178485151, 36.2333386298926], [-115.650845266933, 36.2666719281889], [-115.650752473092, 36.2684659713987], [-115.65065183425, 36.2702597366089], [-115.650543351406, 36.2720532018195], [-115.650427026561, 36.2738463450306], [-115.650302858714, 36.2756391422422], [-115.650170849866, 36.2774315714543], [-115.650031001017, 36.2792236106667], [-115.649883313166, 36.2810152378797], [-115.649727788314, 36.2828064290931], [-115.64956442646, 36.2845971633069], [-115.649393230605, 36.2863874165212], [-115.649214202748, 36.2881771677359], [-115.64902734289, 36.289966393951], [-115.648832653031, 36.2917550731666], [-115.64863013717, 36.2935431823826], [-115.648419794307, 36.2953306985991], [-115.648201629443, 36.2971176008159], [-115.647975642578, 36.2989038650332], [-115.647741836711, 36.3006894702509], [-115.647500214843, 36.302474393469], [-115.647250777973, 36.3042586126876], [-115.646993531102, 36.3060421049066], [-115.64672847423, 36.3078248471259], [-115.646455612356, 36.3096068183457], [-115.64617494748, 36.3113879955659], [-115.645886482603, 36.3131683567865], [-115.645590220725, 36.3149478790075], [-115.645286164845, 36.3167265402289], [-115.644974317963, 36.3185043184507], [-115.64465468508, 36.3202811906728], [-115.644327268196, 36.3220571348954], [-115.64399207131, 36.3238321291184], [-115.643649098423, 36.3256061503417], [-115.643298352534, 36.3273791765654], [-115.642939837644, 36.3291511867895], [-115.642573558752, 36.330922156014], [-115.642199518859, 36.3326920642389], [-115.641817722964, 36.3344608894641], [-115.641428174068, 36.3362286076897], [-115.64103087817, 36.3379951969157], [-115.640625839271, 36.3397606361421], [-115.64021306037, 36.3415249033688], [-115.639792548468, 36.3432879745958], [-115.639364306564, 36.3450498298232], [-115.638928340659, 36.346810445051], [-115.638484654753, 36.3485697992791], [-115.638033254844, 36.3503278695075], [-115.637574145935, 36.3520846337363], [-115.637107332024, 36.3538400709655], [-115.636632820111, 36.355594159195], [-115.636150615197, 36.3573468744249], [-115.635660721281, 36.359098196655], [-115.635163146364, 36.3608481018855], [-115.634657895445, 36.3625965701163], [-115.634144973525, 36.3643435783475], [-115.633624386603, 36.366089103579], [-115.63309614168, 36.3678331258108], [-115.632560244755, 36.3695756230429], [-115.632016700829, 36.3713165712753], [-115.631465517901, 36.3730559505081], [-115.630906700971, 36.3747937377412], [-115.630340258041, 36.3765299119745], [-115.629766194108, 36.3782644512082], [-115.629184517174, 36.3799973324422], [-115.628595233239, 36.3817285356765], [-115.627998349302, 36.3834580379111], [-115.627393873364, 36.385185817146], [-115.626781810423, 36.3869118533811], [-115.626162170482, 36.3886361226166], [-115.625534958539, 36.3903586048523], [-115.624900182594, 36.3920792770883], [-115.624257850648, 36.3937981183246], [-115.623607970701, 36.3955151075612], [-115.622950548751, 36.3972302217981], [-115.622285594801, 36.3989434400352], [-115.621613113849, 36.4006547412726], [-115.620933116895, 36.4023641035103], [-115.620245609939, 36.4040715047482], [-115.619550601983, 36.4057769239864], [-115.618848102024, 36.4074803392248], [-115.618138117064, 36.4091817304635], [-115.617420656103, 36.4108810737025], [-115.61669572714, 36.4125783499417], [-115.615963339175, 36.4142735371811], [-115.615223502209, 36.4159666134208], [-115.614476223242, 36.4176575576608], [-115.613721512273, 36.4193463479009], [-115.612959378302, 36.4210329641413], [-115.61218982933, 36.422717384382], [-115.611412876356, 36.4243995876228], [-115.61062852738, 36.426079551864], [-115.609836792404, 36.4277572571052], [-115.609037680425, 36.4294326813468], [-115.608231201445, 36.4311058045886], [-115.607417365464, 36.4327766038306], [-115.606596181481, 36.4344450600727], [-115.605767659496, 36.4361111503151], [-115.60493181051, 36.4377748545577], [-115.604088643522, 36.4394361518005], [-115.603238169533, 36.4410950220436], [-115.602380397542, 36.4427514422867], [-115.60151533955, 36.4444053925301], [-115.600643004556, 36.4460568527737], [-115.59976340356, 36.4477058010175], [-115.598876547563, 36.4493522162615], [-115.597982447565, 36.4509960795057], [-115.597081113565, 36.45263736775], [-115.596172556563, 36.4542760619945], [-115.59525678856, 36.4559121412392], [-115.594333819555, 36.457545583484], [-115.593403660549, 36.4591763697291], [-115.592466324541, 36.4608044789743], [-115.591521820531, 36.4624298902196], [-115.59057016252, 36.4640525834651], [-115.589611360508, 36.4656725377108], [-115.588645425494, 36.4672897319566], [-115.587672371478, 36.4689041472026], [-115.586692208461, 36.4705157624488], [-115.585704949442, 36.4721245576951], [-115.584710605422, 36.4737305119415], [-115.5837091894, 36.475333604188], [-115.582700713377, 36.4769338164347], [-115.581685189352, 36.4785311266816], [-115.580662630325, 36.4801255149285], [-115.579633047297, 36.4817169611756], [-115.578596455267, 36.4833054464228], [-115.577552865236, 36.4848909486701], [-115.576502290204, 36.4864734499176], [-115.575444743169, 36.4880529281652], [-115.574380236133, 36.4896293644129], [-115.573308784096, 36.4912027386606], [-115.572230399057, 36.4927730319085], [-115.571145094017, 36.4943402221565], [-115.570052882974, 36.4959042924046], [-115.568953778931, 36.4974652196529], [-115.567847794886, 36.4990229869011], [-115.566734944839, 36.5005775731495], [-115.565615242791, 36.502128959398], [-115.564488701741, 36.5036771256466], [-115.56335533669, 36.5052220518952], [-115.562215160637, 36.5067637191439], [-115.561068187582, 36.5083021073928], [-115.559914432526, 36.5098371976416], [-115.558753908468, 36.5113689698905], [-115.557586630409, 36.5128974061396], [-115.556412612349, 36.5144224853887], [-115.555231869287, 36.5159441896378], [-115.554044415223, 36.517462498887], [-115.552850265157, 36.5189773941362], [-115.551649433091, 36.5204888563856], [-115.550441935022, 36.5219968656349], [-115.549227784952, 36.5235014048843], [-115.548006998881, 36.5250024521338], [-115.546779589808, 36.5264999903833], [-115.545545575733, 36.5279940006328], [-115.544304968657, 36.5294844628823], [-115.543057786579, 36.530971359132], [-115.5418040445, 36.5324546703815], [-115.540550070421, 36.5339378946312]]]}}, {"type": "Feature", "properties": {"name": "A-530", "type": "SUA"}, "geometry": {"type": "Polygon", "coordinates": [[[-76.8552159226505, 35.1335042211217], [-76.4996463516876, 34.7668347077775], [-76.6746547384202, 34.7529458101089], [-76.9121659192955, 34.7001680128019], [-77.0913409809679, 34.8501680401249], [-77.1663437805923, 34.8251680321731], [-76.94966872543, 35.0501680887442], [-76.8552159226505, 35.1335042211217]]]}}, {"type": "Feature", "properties": {"name": "A-561", "type": "SUA"}, "geometry": {"type": "Polygon", "coordinates": [[[-98.8002859002927, 34.2500059155503], [-99.0336192910434, 34.2500059042539], [-99.0336193058204, 34.4583392740623], [-98.8002859150257, 34.4583392854994], [-98.8002859002927, 34.2500059155503]]]}}, {"type": "Feature", "properties": {"name": "A-562B", "type": "SUA"}, "geometry": {"type": "Polygon", "coordinates": [[[-97.9669525393754, 36.6166730377977], [-98.1836192611712, 36.6166730259874], [-98.1836192823766, 36.8666730683759], [-97.966952560514, 36.8666730803352], [-97.9669525393754, 36.6166730377977]]]}}, {"type": "Feature", "properties": {"name": "A-680", "type": "SUA"}, "geometry": {"type": "Polygon", "coordinates": [[[-122.633397356612, 48.1331022132012], [-122.636077229039, 48.1331022129018], [-122.638755378483, 48.1331665456059], [-122.641428364941, 48.1332951273137], [-122.644092751414, 48.1334877940257], [-122.646745112901, 48.1337442977422], [-122.649382042402, 48.1340643084635], [-122.652000149915, 48.1344474151901], [-122.65459606844, 48.1348931259223], [-122.657166461977, 48.1354008676604], [-122.659708025524, 48.1359699864048], [-122.662217491081, 48.1365997521558], [-122.664691631647, 48.1372893549136], [-122.667127266222, 48.1380379076787], [-122.669521260805, 48.1388444494512], [-122.671870535395, 48.1397079412316], [-122.674172067991, 48.1406272750201], [-122.676422896593, 48.1416012668169], [-122.678620125199, 48.1426286656224], [-122.68076092281, 48.1437081494367], [-122.682842534423, 48.1448383312601], [-122.68486227904, 48.1460177560929], [-122.686817554657, 48.1472449079352], [-122.688705840276, 48.1485182077873], [-122.690524703895, 48.1498360186493], [-122.692271799513, 48.1511966445214], [-122.693944873129, 48.1525983354038], [-122.695541766744, 48.1540392872967], [-122.697060418355, 48.1555176462002], [-122.698498867962, 48.1570315101143], [-122.699855256564, 48.1585789300393], [-122.701127831162, 48.1601579149751], [-122.702314945753, 48.161766431922], [-122.703415064337, 48.1634024108799], [-122.704426761913, 48.165063745849], [-122.705348726481, 48.1667482958292], [-122.706179764039, 48.1684538948206], [-122.706918793588, 48.1701783438232], [-122.707564855126, 48.1719194218371], [-122.708117106653, 48.173674887862], [-122.708574827168, 48.1754424798983], [-122.708937415671, 48.1772199209455], [-122.70920439816, 48.1790049200039], [-122.709375417635, 48.1807951770732], [-122.709450246096, 48.1825883861535], [-122.709428774541, 48.1843822352445], [-122.709311022971, 48.1861744123462], [-122.709097132384, 48.1879626064585], [-122.708787366781, 48.1897445125812], [-122.708382118161, 48.1915178337142], [-122.707881898522, 48.1932802828572], [-122.707287341866, 48.1950295860101], [-122.70659920719, 48.1967634881728], [-122.705818371496, 48.198479753345], [-122.704945833782, 48.2001761655264], [-122.703982710048, 48.2018505377169], [-122.702930235294, 48.2035007089163], [-122.701789757519, 48.2051245491242], [-122.700562740723, 48.2067199633403], [-122.699250761907, 48.2082848925645], [-122.697855505068, 48.2098173167964], [-122.696378765209, 48.2113152580358], [-122.694822441327, 48.2127767812822], [-122.693188536423, 48.2142000015355], [-122.691479153498, 48.2155830787953], [-122.68969649455, 48.2169242290612], [-122.68784285558, 48.2182217193329], [-122.685920625587, 48.21947387361], [-122.683932282573, 48.2206790748923], [-122.681880389536, 48.2218357661793], [-122.679767594476, 48.2229424544706], [-122.677596621395, 48.2239977087659], [-122.675370273291, 48.2250001660649], [-122.673091422166, 48.2259485313671], [-122.670763011018, 48.2268415786721], [-122.668388045849, 48.2276781539795], [-122.665969593659, 48.2284571772889], [-122.663510777447, 48.2291776416], [-122.661014773215, 48.2298386149124], [-122.658484805962, 48.2304392432255], [-122.655924144689, 48.2309787505391], [-122.653336098395, 48.2314564398527], [-122.650724011082, 48.2318716931658], [-122.648091259751, 48.2322239734782], [-122.6454412454, 48.2325128267895], [-122.642777394031, 48.232737878099], [-122.640103149644, 48.2328988374066], [-122.63742196924, 48.2329954967118], [-122.634737317819, 48.2330277300141], [-122.632052666382, 48.2329954973133], [-122.62937148593, 48.2328988386089], [-122.626697241462, 48.2327378799005], [-122.62403339098, 48.2325128291878], [-122.621383376484, 48.2322239764703], [-122.618750623975, 48.2318716967478], [-122.616138536453, 48.2314564440198], [-122.613550489919, 48.230978755286], [-122.610989828374, 48.2304392485461], [-122.608459860819, 48.2298386207997], [-122.605963857254, 48.2291776480464], [-122.60350504068, 48.228457184286], [-122.601086587098, 48.2276781615182], [-122.598711621508, 48.2268415867426], [-122.596383209912, 48.225948539959], [-122.59410435931, 48.2250001751671], [-122.591878009702, 48.2239977183666], [-122.58970703709, 48.2229424645572], [-122.587594240475, 48.2218357767388], [-122.585542347856, 48.220679085911], [-122.583554004236, 48.2194738850737], [-122.581631772614, 48.2182217312266], [-122.579778132993, 48.2169242413696], [-122.577995473371, 48.2155830915024], [-122.576286089751, 48.2142000146249], [-122.574652184133, 48.212776794737], [-122.573095859518, 48.2113152718384], [-122.571619118906, 48.209817330929], [-122.570223862299, 48.2082849070089], [-122.568911881697, 48.2067199780777], [-122.567684865101, 48.2051245641355], [-122.566544386512, 48.2035007241823], [-122.56549190993, 48.2018505532177], [-122.564528785357, 48.200176181242], [-122.563656246793, 48.1984797692551], [-122.562875410238, 48.1967635042568], [-122.562187274694, 48.1950296022474], [-122.561592718161, 48.1932802992266], [-122.56109249664, 48.1915178501946], [-122.560687247132, 48.1897445291514], [-122.560377481637, 48.1879626230972], [-122.560163589155, 48.1861744290319], [-122.560045836688, 48.1843822519556], [-122.560024365236, 48.1825884028685], [-122.5600991918, 48.1807951937705], [-122.56027021138, 48.179004936662], [-122.560537191977, 48.1772199375431], [-122.56089978059, 48.1754424964138], [-122.561357499222, 48.1736749042743], [-122.561909749872, 48.171919438125], [-122.56255581054, 48.1701783599658], [-122.563294839228, 48.1684539107971], [-122.564125875935, 48.166748311619], [-122.565047840662, 48.1650637614318], [-122.566059537409, 48.1634024262357], [-122.567159655177, 48.1617664470311], [-122.568346767965, 48.1601579298181], [-122.569619341775, 48.158578944597], [-122.570975729605, 48.1570315243682], [-122.572414178458, 48.1555176601318], [-122.573932830332, 48.1540393008883], [-122.575529722228, 48.1525983486379], [-122.577202796146, 48.151196657381], [-122.578949890086, 48.1498360311178], [-122.580768753048, 48.1485182198488], [-122.582657039032, 48.1472449195743], [-122.584612313039, 48.1460177672945], [-122.586632057067, 48.1448383420101], [-122.588713668118, 48.1437081597211], [-122.590854466191, 48.1426286754281], [-122.593051693286, 48.1416012761314], [-122.595302521403, 48.1406272838313], [-122.597604054542, 48.1397079495284], [-122.599953328702, 48.1388444572229], [-122.602347322884, 48.1380379149153], [-122.604782956086, 48.1372893616059], [-122.607257096309, 48.1365997582951], [-122.609766562553, 48.1359699919834], [-122.612308125817, 48.1354008726712], [-122.614878519101, 48.1348931303587], [-122.617474437405, 48.1344474190466], [-122.620092543727, 48.1340643117351], [-122.622729473069, 48.1337443004246], [-122.625381835428, 48.1334877961156], [-122.628046221806, 48.1332951288084], [-122.6307192072, 48.1331665465035], [-122.633397356612, 48.1331022132012]]]}}, {"type": "Feature", "properties": {"name": "A-682", "type": "SUA"}, "geometry": {"type": "Polygon", "coordinates": [[[-122.218787819321, 38.1592199465767], [-122.218749812319, 38.1592469885817], [-122.218681666314, 38.1592955715908], [-122.21861358331, 38.1593442075998], [-122.218545560305, 38.1593928976089], [-122.218477600301, 38.159441640618], [-122.218409701296, 38.159490437627], [-122.218341864292, 38.1595392886361], [-122.218274088288, 38.1595881926452], [-122.218206375283, 38.1596371506542], [-122.218138723279, 38.1596861616632], [-122.218071134275, 38.1597352256723], [-122.21800360627, 38.1597843436814], [-122.217936141266, 38.1598335136904], [-122.217868738262, 38.1598827386995], [-122.217801397258, 38.1599320157085], [-122.217734118253, 38.1599813457176], [-122.217666902249, 38.1600307297267], [-122.217599749245, 38.1600801657357], [-122.217532658241, 38.1601296547448], [-122.217465629236, 38.1601791977538], [-122.217398664232, 38.1602287927629], [-122.217331761228, 38.1602784407719], [-122.217264921224, 38.160328140781], [-122.21719814322, 38.16037789479], [-122.217131429216, 38.1604277007991], [-122.217064778212, 38.1604775598081], [-122.216998190208, 38.1605274708172], [-122.216931665204, 38.1605774348262], [-122.2168652032, 38.1606274508353], [-122.216798805195, 38.1606775198444], [-122.216732469192, 38.1607276408534], [-122.216666198188, 38.1607778138625], [-122.216599989184, 38.1608280388715], [-122.21653384518, 38.1608783168806], [-122.216467764176, 38.1609286468896], [-122.216401746172, 38.1609790288987], [-122.216335793168, 38.1610294629077], [-122.216269903164, 38.1610799499168], [-122.21620407716, 38.1611304879258], [-122.216138315156, 38.1611810779349], [-122.216072617152, 38.1612317199439], [-122.216006983148, 38.161282412953], [-122.215941414145, 38.161333158962], [-122.215875908141, 38.161383955971], [-122.215810467137, 38.1614348049801], [-122.215745090133, 38.1614857049891], [-122.21567977813, 38.1615366569981], [-122.215614530126, 38.1615876600072], [-122.215549346122, 38.1616387150163], [-122.215484227118, 38.1616898220253], [-122.215419173115, 38.1617409790343], [-122.215354184111, 38.1617921880434], [-122.215289259107, 38.1618434490524], [-122.215224399104, 38.1618947600614], [-122.2151596051, 38.1619461230705], [-122.215094875096, 38.1619975360795], [-122.215030210093, 38.1620490010886], [-122.214965610089, 38.1621005170976], [-122.214901076086, 38.1621520831066], [-122.214836607082, 38.1622037011157], [-122.214772203079, 38.1622553691247], [-122.214707864075, 38.1623070891338], [-122.214643591072, 38.1623588581428], [-122.214579384068, 38.1624106791518], [-122.214515242065, 38.1624625501609], [-122.214451165061, 38.1625144721699], [-122.214387155058, 38.1625664441789], [-122.214323210054, 38.1626184671879], [-122.214259331051, 38.162670541197], [-122.214195518048, 38.162722664206], [-122.214131770044, 38.162774838215], [-122.214068089041, 38.162827062224], [-122.214004474038, 38.1628793372331], [-122.213940925034, 38.1629316612421], [-122.213877443031, 38.1629840362511], [-122.213814026028, 38.1630364612602], [-122.213750676024, 38.1630889362692], [-122.213687392021, 38.1631414602782], [-122.213624175018, 38.1631940352872], [-122.213561024015, 38.1632466592963], [-122.213497940011, 38.1632993343053], [-122.213434923008, 38.1633520583143], [-122.213371972005, 38.1634048313233], [-122.213309088002, 38.1634576553323], [-122.213246270999, 38.1635105283413], [-122.213183520996, 38.1635634503504], [-122.213120837992, 38.1636164223593], [-122.213058221989, 38.1636694443683], [-122.212995672986, 38.1637225143774], [-122.212933190983, 38.1637756353864], [-122.21287077598, 38.1638288043954], [-122.212808428977, 38.1638820224044], [-122.212746147974, 38.1639352904134], [-122.212683935971, 38.1639886074224], [-122.212621790968, 38.1640419734314], [-122.212559712965, 38.1640953884404], [-122.212497702962, 38.1641488524495], [-122.212435759959, 38.1642023654584], [-122.212373885956, 38.1642559264674], [-122.212312078953, 38.1643095374764], [-122.212250339951, 38.1643631964854], [-122.212188668948, 38.1644169044944], [-122.212127064945, 38.1644706605034], [-122.212065529942, 38.1645244655124], [-122.212004062939, 38.1645783195215], [-122.211942663936, 38.1646322215304], [-122.211881333934, 38.1646861715394], [-122.211820070931, 38.1647401705484], [-122.211758876928, 38.1647942175574], [-122.211697750925, 38.1648483125664], [-122.211636693923, 38.1649024565754], [-122.21157570492, 38.1649566485844], [-122.211514784917, 38.1650108885934], [-122.211453933914, 38.1650651756023], [-122.211393150912, 38.1651195116113], [-122.211332436909, 38.1651738956203], [-122.211271791907, 38.1652283276293], [-122.211211214904, 38.1652828066382], [-122.211150707901, 38.1653373336473], [-122.211090269899, 38.1653919086562], [-122.211029899896, 38.1654465316652], [-122.210969599894, 38.1655012016742], [-122.210909368891, 38.1655559196832], [-122.210849206889, 38.1656106846921], [-122.210789114886, 38.1656654977011], [-122.210729091884, 38.1657203577101], [-122.210669137881, 38.1657752647191], [-122.210609253879, 38.1658302197281], [-122.210549438876, 38.165885221737], [-122.210489693874, 38.165940270746], [-122.210430018871, 38.1659953667549], [-122.210370412869, 38.1660505097639], [-122.210310876867, 38.1661056997728], [-122.210251410864, 38.1661609377818], [-122.210192014862, 38.1662162217908], [-122.210132688859, 38.1662715527997], [-122.210073432857, 38.1663269298087], [-122.210014246855, 38.1663823548176], [-122.209955130853, 38.1664378258266], [-122.20989608585, 38.1664933428356], [-122.209837109848, 38.1665489078445], [-122.209778204846, 38.1666045178534], [-122.209719369844, 38.1666601758624], [-122.209660605842, 38.1667158788714], [-122.209601911839, 38.1667716288803], [-122.209543288837, 38.1668274248892], [-122.209484735835, 38.1668832678982], [-122.209426253833, 38.1669391559071], [-122.209367842831, 38.166995090916], [-122.209309502829, 38.167051071925], [-122.209251232827, 38.167107098934], [-122.209193034824, 38.1671631709429], [-122.209134906822, 38.1672192899518], [-122.20907684982, 38.1672754539607], [-122.209018864818, 38.1673316639697], [-122.208960949816, 38.1673879199786], [-122.208903106814, 38.1674442219875], [-122.208845334812, 38.1675005689965], [-122.20878763381, 38.1675569620054], [-122.208730004809, 38.1676134000143], [-122.208672446807, 38.1676698840232], [-122.208614960805, 38.1677264130322], [-122.208557545803, 38.1677829870411], [-122.208500201801, 38.16783960705], [-122.208442930799, 38.1678962720589], [-122.208385730797, 38.1679529820678], [-122.208328602795, 38.1680097370767], [-122.208271545794, 38.1680665370856], [-122.208214561792, 38.1681233830945], [-122.20815764979, 38.1681802731034], [-122.208100808788, 38.1682372081123], [-122.208044040787, 38.1682941871212], [-122.207987343785, 38.1683512121301], [-122.207930719783, 38.168408281139], [-122.207874167781, 38.1684653951479], [-122.20781768878, 38.1685225541568], [-122.207761280778, 38.1685797571658], [-122.207704946776, 38.1686370041746], [-122.207648683775, 38.1686942961835], [-122.207592493773, 38.1687516321924], [-122.207536376772, 38.1688090132012], [-122.20748033177, 38.1688664382102], [-122.207424359768, 38.1689239072191], [-122.207368460767, 38.168981420228], [-122.207312633765, 38.1690389772368], [-122.207256880764, 38.1690965792457], [-122.207201199762, 38.1691542242546], [-122.207145591761, 38.1692119132635], [-122.207090056759, 38.1692696462724], [-122.207034594758, 38.1693274232812], [-122.206979206757, 38.1693852432901], [-122.206923890755, 38.1694431072989], [-122.206868648754, 38.1695010153078], [-122.206813479752, 38.1695589663167], [-122.206758384751, 38.1696169613256], [-122.20670336275, 38.1696750003344], [-122.206648413748, 38.1697330813432], [-122.206593538747, 38.1697912063521], [-122.206538736746, 38.169849374361], [-122.206484008744, 38.1699075863698], [-122.206429354743, 38.1699658403787], [-122.206374773742, 38.1700241383875], [-122.206320266741, 38.1700824793964], [-122.206265834739, 38.1701408634052], [-122.206211474738, 38.1701992894141], [-122.206157189737, 38.1702577594229], [-122.206102978736, 38.1703162714317], [-122.206048841735, 38.1703748264406], [-122.205994778733, 38.1704334244494], [-122.205940789732, 38.1704920644582], [-122.205886875731, 38.170550747467], [-122.20583303573, 38.1706094724759], [-122.205779269729, 38.1706682404847], [-122.205725577728, 38.1707270504935], [-122.205671960727, 38.1707859035024], [-122.205618417726, 38.1708447985112], [-122.205564949725, 38.17090373552], [-122.205511556724, 38.1709627145288], [-122.205458237723, 38.1710217355376], [-122.205404993722, 38.1710807995465], [-122.205351823721, 38.1711399045553], [-122.20529872972, 38.1711990515641], [-122.205245709719, 38.1712582405729], [-122.205192764718, 38.1713174715817], [-122.205139894717, 38.1713767445904], [-122.205087100717, 38.1714360585993], [-122.205034380716, 38.1714954146081], [-122.204981735715, 38.1715548126169], [-122.204929166714, 38.1716142516256], [-122.204876672713, 38.1716737316344], [-122.204824253712, 38.1717332536432], [-122.204771909712, 38.171792816652], [-122.204719641711, 38.1718524216608], [-122.20466744871, 38.1719120666696], [-122.204615331709, 38.1719717536784], [-122.204563289709, 38.1720314816872], [-122.204511323708, 38.1720912506959], [-122.204459433707, 38.1721510607047], [-122.204407618707, 38.1722109117135], [-122.204355879706, 38.1722708037222], [-122.204304216706, 38.172330735731], [-122.204252629705, 38.1723907087398], [-122.204201117704, 38.1724507227485], [-122.204149682704, 38.1725107777573], [-122.204098322703, 38.172570872766], [-122.204047039703, 38.1726310077748], [-122.203995832702, 38.1726911837835], [-122.203944701702, 38.1727513997923], [-122.203893646701, 38.1728116568011], [-122.203842667701, 38.1728719538098], [-122.2037917657, 38.1729322908185], [-122.2037409397, 38.1729926678273], [-122.203690190699, 38.173053084836], [-122.203639517699, 38.1731135428447], [-122.203588920699, 38.1731740398535], [-122.203538400698, 38.1732345768622], [-122.203487957698, 38.1732951538709], [-122.203437591697, 38.1733557708796], [-122.203387301697, 38.1734164268884], [-122.203337088697, 38.1734771228971], [-122.203286951697, 38.1735378589058], [-122.203236892696, 38.1735986339145], [-122.203186910696, 38.1736594489233], [-122.203137004696, 38.1737203029319], [-122.203087176695, 38.1737811959407], [-122.203037424695, 38.1738421289494], [-122.202987750695, 38.1739031009581], [-122.202938153695, 38.1739641119668], [-122.202888633695, 38.1740251619755], [-122.202839191695, 38.1740862509842], [-122.202789826694, 38.1741473799929], [-122.202740538694, 38.1742085470015], [-122.202691327694, 38.1742697530102], [-122.202642195694, 38.174330997019], [-122.202593139694, 38.1743922810276], [-122.202544161694, 38.1744536030363], [-122.202495261694, 38.174514964045], [-122.202446439694, 38.1745763630537], [-122.202397694694, 38.1746378010623], [-122.202349027694, 38.174699277071], [-122.202300438694, 38.1747607920796], [-122.202251926694, 38.1748223450883], [-122.202203493694, 38.174883936097], [-122.202155137694, 38.1749455651056], [-122.202106860694, 38.1750072331143], [-122.202058661695, 38.1750689381229], [-122.202010539695, 38.1751306821316], [-122.201962496695, 38.1751924631402], [-122.201914531695, 38.1752542831489], [-122.201866645695, 38.1753161401575], [-122.201818836695, 38.1753780351662], [-122.201771106696, 38.1754399671748], [-122.201723455696, 38.1755019371834], [-122.201675881696, 38.1755639451921], [-122.201628387696, 38.1756259902007], [-122.201580971697, 38.1756880732093], [-122.201533633697, 38.175750193218], [-122.201486374697, 38.1758123512266], [-122.201439194697, 38.1758745452352], [-122.201392093698, 38.1759367772438], [-122.201345070698, 38.1759990462525], [-122.201298126699, 38.176061352261], [-122.201251261699, 38.1761236952696], [-122.201204475699, 38.1761860752782], [-122.2011577687, 38.1762484922869], [-122.2011111407, 38.1763109462955], [-122.201064591701, 38.176373436304], [-122.201018121701, 38.1764359643126], [-122.200971730702, 38.1764985273212], [-122.200925418702, 38.1765611283298], [-122.200879186703, 38.1766237653384], [-122.200833033703, 38.176686438347], [-122.200786959704, 38.1767491483556], [-122.200740965704, 38.1768118943641], [-122.200695050705, 38.1768746763727], [-122.200649215706, 38.1769374943813], [-122.200603459706, 38.1770003493898], [-122.200557783707, 38.1770632403984], [-122.200512186707, 38.1771261664069], [-122.200466669708, 38.1771891294155], [-122.200421232709, 38.177252127424], [-122.20037587471, 38.1773151624326], [-122.20033059671, 38.1773782324412], [-122.200285398711, 38.1774413384497], [-122.200240280712, 38.1775044794582], [-122.200195242712, 38.1775676564668], [-122.200150284713, 38.1776308684753], [-122.200105406714, 38.1776941164839], [-122.200060608715, 38.1777574004924], [-122.200015890716, 38.1778207185009], [-122.199971252717, 38.1778840725094], [-122.199926695717, 38.1779474615179], [-122.199882217718, 38.1780108855265], [-122.199837820719, 38.178074344535], [-122.19979350472, 38.1781378395435], [-122.199749267721, 38.178201368552], [-122.199705111722, 38.1782649325605], [-122.199661036723, 38.178328531569], [-122.199617041724, 38.1783921645775], [-122.199573127725, 38.178455832586], [-122.199529293726, 38.1785195355945], [-122.199485540727, 38.178583273603], [-122.199441868728, 38.1786470456115], [-122.199398276729, 38.17871085162], [-122.19935476573, 38.1787746926284], [-122.199311335731, 38.1788385676369], [-122.199267986732, 38.1789024766454], [-122.199224718734, 38.1789664196539], [-122.199181530735, 38.1790303976623], [-122.199138424736, 38.1790944086708], [-122.199095399737, 38.1791584546793], [-122.199052454738, 38.1792225336877], [-122.199009591739, 38.1792866466961], [-122.198966809741, 38.1793507937046], [-122.198924109742, 38.1794149747131], [-122.198881489743, 38.1794791897215], [-122.198838951744, 38.17954343773], [-122.198796494746, 38.1796077187384], [-122.198754119747, 38.1796720337468], [-122.198711825748, 38.1797363827552], [-122.19866961275, 38.1798007637637], [-122.198627481751, 38.1798651787721], [-122.198585432752, 38.1799296277805], [-122.198543464754, 38.179994108789], [-122.198501578755, 38.1800586227973], [-122.198459773757, 38.1801231708058], [-122.198418050758, 38.1801877508142], [-122.198376409759, 38.1802523648226], [-122.198334850761, 38.180317010831], [-122.198293373762, 38.1803816898394], [-122.198251977764, 38.1804464008478], [-122.198210664765, 38.1805111448561], [-122.198169432767, 38.1805759218646], [-122.198128282769, 38.1806407308729], [-122.19808721577, 38.1807055728813], [-122.198046229772, 38.1807704468897], [-122.198005326773, 38.1808353538981], [-122.197964505775, 38.1809002919064], [-122.197923766777, 38.1809652629148], [-122.197883109778, 38.1810302659232], [-122.19784253578, 38.1810953009315], [-122.197802043782, 38.1811603679399], [-122.197761633783, 38.1812254669482], [-122.197721306785, 38.1812905969566], [-122.197681061787, 38.1813557599649], [-122.197640899788, 38.1814209539733], [-122.19760081979, 38.1814861799816], [-122.197560822792, 38.1815514369899], [-122.197520907794, 38.1816167259983], [-122.197481075796, 38.1816820470066], [-122.197441326797, 38.1817473980149], [-122.197401660799, 38.1818127820233], [-122.197362076801, 38.1818781960316], [-122.197322575803, 38.1819436420398], [-122.197283157805, 38.1820091180482], [-122.197243822807, 38.1820746260565], [-122.197204570809, 38.1821401650648], [-122.197165401811, 38.1822057350731], [-122.197126315813, 38.1822713350814], [-122.197087312815, 38.1823369670897], [-122.197048392817, 38.1824026290979], [-122.197009555819, 38.1824683221062], [-122.196970801821, 38.1825340451145], [-122.196932131823, 38.1825997991228], [-122.196893544825, 38.1826655831311], [-122.196855040827, 38.1827313981393], [-122.196816619829, 38.1827972441476], [-122.196778282831, 38.1828631191559], [-122.196740029833, 38.1829290251641], [-122.196701858835, 38.1829949611723], [-122.196663771837, 38.1830609261806], [-122.19662576884, 38.1831269221889], [-122.196587848842, 38.1831929481971], [-122.196550012844, 38.1832590042053], [-122.196512260846, 38.1833250902136], [-122.196474591848, 38.1833912052218], [-122.196437006851, 38.18345735023], [-122.196399504853, 38.1835235252383], [-122.196362087855, 38.1835897292465], [-122.196324753857, 38.1836559632547], [-122.19628750386, 38.1837222262629], [-122.196250337862, 38.1837885182711], [-122.196213255865, 38.1838548402793], [-122.196176257867, 38.1839211912875], [-122.196139343869, 38.1839875712957], [-122.196102513872, 38.1840539803039], [-122.196065767874, 38.1841204193121], [-122.196029105876, 38.1841868863203], [-122.195992528879, 38.1842533823285], [-122.195956034881, 38.1843199073366], [-122.195919625884, 38.1843864613448], [-122.195883300886, 38.184453043353], [-122.195847060889, 38.1845196543611], [-122.195810903891, 38.1845862943693], [-122.195774832894, 38.1846529623775], [-122.195738844896, 38.1847196583857], [-122.195702941899, 38.1847863833938], [-122.195667123902, 38.1848531364019], [-122.195631389904, 38.1849199184101], [-122.195595739907, 38.1849867274182], [-122.19556017491, 38.1850535654263], [-122.195524694912, 38.1851204314344], [-122.195489299915, 38.1851873244426], [-122.195453988918, 38.1852542464507], [-122.19541876292, 38.1853211954588], [-122.195383620923, 38.1853881724669], [-122.195348564926, 38.1854551774751], [-122.195313592928, 38.1855222094832], [-122.195278705931, 38.1855892694913], [-122.195243904934, 38.1856563574993], [-122.195209187937, 38.1857234725075], [-122.19517455594, 38.1857906145155], [-122.195140008942, 38.1858577835237], [-122.195105546945, 38.1859249805317], [-122.195071169948, 38.1859922045398], [-122.195036878951, 38.1860594555478], [-122.195002671954, 38.1861267335559], [-122.194968550957, 38.186194038564], [-122.19493451496, 38.1862613705721], [-122.194900563963, 38.1863287285801], [-122.194866698966, 38.1863961145881], [-122.194832917969, 38.1864635265962], [-122.194799223972, 38.1865309656042], [-122.194765613975, 38.1865984306123], [-122.194732089978, 38.1866659226203], [-122.194698651981, 38.1867334406284], [-122.194665298984, 38.1868009856364], [-122.194632030987, 38.1868685556444], [-122.19459884999, 38.1869361526524], [-122.194565752993, 38.1870037766604], [-122.194532742996, 38.1870714256685], [-122.194499817999, 38.1871391006764], [-122.194466978002, 38.1872068016845], [-122.194434225006, 38.1872745286925], [-122.194401557009, 38.1873422817004], [-122.194368975012, 38.1874100607084], [-122.194336479015, 38.1874778647164], [-122.194304068018, 38.1875456947244], [-122.194271744022, 38.1876135497324], [-122.194239506025, 38.1876814307403], [-122.194207353028, 38.1877493377483], [-122.194175287032, 38.1878172687563], [-122.194143306035, 38.1878852257642], [-122.194111412038, 38.1879532077722], [-122.194079603042, 38.1880212157801], [-122.194047881045, 38.1880892477881], [-122.194016245048, 38.188157304796], [-122.193984695052, 38.188225386804], [-122.193953232055, 38.1882934938119], [-122.193921854059, 38.1883616258198], [-122.193890563062, 38.1884297828278], [-122.193859358065, 38.1884979638356], [-122.193828240069, 38.1885661698436], [-122.193797208072, 38.1886343998515], [-122.193766262076, 38.1887026548594], [-122.193735403079, 38.1887709338673], [-122.193704630083, 38.1888392378752], [-122.193673944087, 38.1889075648831], [-122.19364334409, 38.188975916891], [-122.193612831094, 38.1890442928989], [-122.193582404097, 38.1891126929067], [-122.193552064101, 38.1891811169146], [-122.193521811105, 38.1892495649225], [-122.193491644108, 38.1893180369303], [-122.193461564112, 38.1893865329382], [-122.193431571116, 38.1894550519461], [-122.193401665119, 38.1895235949539], [-122.193371845123, 38.1895921609617], [-122.193342112127, 38.1896607509696], [-122.19331246613, 38.1897293639774], [-122.193282907134, 38.1897980009853], [-122.193253435138, 38.1898666609931], [-122.193224050142, 38.1899353440009], [-122.193194752146, 38.1900040500087], [-122.193165541149, 38.1900727800166], [-122.193136417153, 38.1901415320244], [-122.193107380157, 38.1902103080321], [-122.193078430161, 38.19027910604], [-122.193049567165, 38.1903479270478], [-122.193020792169, 38.1904167710556], [-122.192992103173, 38.1904856370634], [-122.192963502177, 38.1905545260711], [-122.192934988181, 38.1906234380789], [-122.192906561185, 38.1906923720867], [-122.192878222189, 38.1907613280944], [-122.192849970193, 38.1908303071022], [-122.192821805197, 38.19089930811], [-122.192793728201, 38.1909683311177], [-122.192765738205, 38.1910373771255], [-122.192737836209, 38.1911064441332], [-122.192710021213, 38.191175533141], [-122.192682293217, 38.1912446451487], [-122.192654653221, 38.1913137781564], [-122.192627101225, 38.1913829331642], [-122.192599636229, 38.1914521091719], [-122.192572259233, 38.1915213071796], [-122.192544969238, 38.1915905271873], [-122.192517768242, 38.191659768195], [-122.192490653246, 38.1917290312027], [-122.19246362725, 38.1917983152104], [-122.192436688254, 38.1918676212181], [-122.192409837259, 38.1919369472258], [-122.192383074263, 38.1920062952335], [-122.192356399267, 38.1920756642411], [-122.192329812272, 38.1921450532488], [-122.192303312276, 38.1922144642565], [-122.19227690028, 38.1922838962642], [-122.192250577285, 38.1923533482718], [-122.192224341289, 38.1924228212795], [-122.192198193293, 38.1924923152871], [-122.192172134298, 38.1925618302948], [-122.192146162302, 38.1926313653024], [-122.192120278307, 38.1927009203101], [-122.192094483311, 38.1927704963177], [-122.192068776315, 38.1928400923253], [-122.19204315632, 38.1929097083329], [-122.192017625324, 38.1929793453405], [-122.191992182329, 38.1930490013481], [-122.191966828333, 38.1931186783557], [-122.191941562338, 38.1931883753633], [-122.191916383343, 38.1932580913709], [-122.191891294347, 38.1933278273785], [-122.191866292352, 38.1933975843861], [-122.191841379356, 38.1934673593937], [-122.191816554361, 38.1935371554013], [-122.191791818366, 38.1936069704088], [-122.19176717037, 38.1936768044164], [-122.191742611375, 38.1937466584239], [-122.19171814038, 38.1938165314315], [-122.191693757384, 38.1938864244391], [-122.191669463389, 38.1939563364466], [-122.191645258394, 38.1940262664542], [-122.191621141398, 38.1940962164617], [-122.191597113403, 38.1941661854692], [-122.191573173408, 38.1942361734768], [-122.191549322413, 38.1943061804843], [-122.191525560418, 38.1943762054918], [-122.191501887422, 38.1944462494993], [-122.191478302427, 38.1945163125068], [-122.191454806432, 38.1945863935143], [-122.191431398437, 38.1946564935218], [-122.191408080442, 38.1947266125293], [-122.191384850447, 38.1947967485368], [-122.191361709452, 38.1948669035443], [-122.191338657457, 38.1949370765517], [-122.191315694462, 38.1950072685592], [-122.191292820466, 38.1950774775667], [-122.191270035471, 38.1951477055741], [-122.191247338476, 38.1952179505816], [-122.191224731481, 38.195288213589], [-122.191202213486, 38.1953584945965], [-122.191179783491, 38.1954287936039], [-122.191157443497, 38.1954991096113], [-122.191135192502, 38.1955694436187], [-122.191113030507, 38.1956397956262], [-122.191090957512, 38.1957101646336], [-122.191068973517, 38.195780550641], [-122.191047078522, 38.1958509546484], [-122.191025273527, 38.1959213756558], [-122.191003556532, 38.1959918136632], [-122.190981929538, 38.1960622686706], [-122.190960391543, 38.196132740678], [-122.190938943548, 38.1962032296854], [-122.190917583553, 38.1962737356927], [-122.190896313558, 38.1963442587001], [-122.190875133564, 38.1964147987075], [-122.190854041569, 38.1964853547149], [-122.190833039574, 38.1965559277222], [-122.19081212758, 38.1966265177295], [-122.190791304585, 38.1966971227369], [-122.19077057059, 38.1967677457442], [-122.190749926596, 38.1968383837516], [-122.190729371601, 38.1969090387589], [-122.190708906606, 38.1969797097662], [-122.190688530612, 38.1970503967735], [-122.190668244617, 38.1971211007809], [-122.190648048623, 38.1971918197881], [-122.190627941628, 38.1972625547954], [-122.190607923633, 38.1973333058027], [-122.190587995639, 38.19740407181], [-122.190568157644, 38.1974748548173], [-122.19054840965, 38.1975456528246], [-122.190528750655, 38.1976164658318], [-122.190509181661, 38.1976872948391], [-122.190489702667, 38.1977581388464], [-122.190470312672, 38.1978289988536], [-122.190451012678, 38.1978998738609], [-122.190431802683, 38.1979707638682], [-122.190412682689, 38.1980416688754], [-122.190393651695, 38.1981125898826], [-122.1903747117, 38.1981835248899], [-122.190355860706, 38.198254474897], [-122.190337099711, 38.1983254399043], [-122.190318428717, 38.1983964199115], [-122.190299847723, 38.1984674149187], [-122.190281356729, 38.1985384239259], [-122.190262955734, 38.1986094469331], [-122.19024464474, 38.1986804859403], [-122.190226423746, 38.1987515379475], [-122.190208292752, 38.1988226049547], [-122.190190250757, 38.1988936859618], [-122.190172299763, 38.198964781969], [-122.190154438769, 38.1990358909762], [-122.190136667775, 38.1991070149833], [-122.190118987781, 38.1991781519904], [-122.190101396787, 38.1992493039976], [-122.190083895793, 38.1993204690048], [-122.190066485798, 38.1993916480119], [-122.190049165804, 38.199462841019], [-122.19003193581, 38.1995340470262], [-122.190014795816, 38.1996052670333], [-122.189997745822, 38.1996765010404], [-122.189980786828, 38.1997477470475], [-122.189963917834, 38.1998190080546], [-122.18994713884, 38.1998902810617], [-122.189930449846, 38.1999615680688], [-122.189913851852, 38.2000328680759], [-122.189897343858, 38.2001041810829], [-122.189880926864, 38.2001755060901], [-122.189864598871, 38.2002468450971], [-122.189848362877, 38.2003181971041], [-122.189832215883, 38.2003895611112], [-122.189816159889, 38.2004609381183], [-122.189800194895, 38.2005323281253], [-122.189784318901, 38.2006037301323], [-122.189768534907, 38.2006751451394], [-122.189752840914, 38.2007465721464], [-122.18973723692, 38.2008180121534], [-122.189721723926, 38.2008894641604], [-122.189706300932, 38.2009609281674], [-122.189690968939, 38.2010324041744], [-122.189675726945, 38.2011038921815], [-122.189660575951, 38.2011753921884], [-122.189645515957, 38.2012469041954], [-122.189630545964, 38.2013184282024], [-122.18961566697, 38.2013899642094], [-122.189600877976, 38.2014615112164], [-122.189586179983, 38.2015330712233], [-122.189571572989, 38.2016046412303], [-122.189557055996, 38.2016762232372], [-122.189542631002, 38.2017478172442], [-122.189528295008, 38.2018194222511], [-122.189514051015, 38.2018910382581], [-122.189499897021, 38.201962665265], [-122.189485834028, 38.2020343042719], [-122.189471862034, 38.2021059532788], [-122.189457981041, 38.2021776142857], [-122.189444190047, 38.2022492852927], [-122.189430490054, 38.2023209682995], [-122.18941688106, 38.2023926613064], [-122.189403363067, 38.2024643643133], [-122.189389936073, 38.2025360793202], [-122.18937659908, 38.2026078043271], [-122.189363353087, 38.2026795393339], [-122.189350199093, 38.2027512853408], [-122.1893371351, 38.2028230413477], [-122.189324162106, 38.2028948083545], [-122.189311280113, 38.2029665843614], [-122.18929848912, 38.2030383713682], [-122.189285789126, 38.203110168375], [-122.189273180133, 38.2031819753818], [-122.18926066214, 38.2032537923886], [-122.189248235147, 38.2033256183955], [-122.189235898153, 38.2033974544023], [-122.18922365316, 38.2034693004091], [-122.189211499167, 38.2035411564159], [-122.189199436174, 38.2036130214227], [-122.189187464181, 38.2036848964295], [-122.189175583187, 38.2037567804363], [-122.189163794194, 38.203828674443], [-122.189152095201, 38.2039005764498], [-122.189140487208, 38.2039724884566], [-122.189128971215, 38.2040444094633], [-122.189117545222, 38.2041163394701], [-122.189106211229, 38.2041882784768], [-122.189094968236, 38.2042602264835], [-122.189083816243, 38.2043321834903], [-122.189072755249, 38.204404149497], [-122.189061786256, 38.2044761235037], [-122.189050907263, 38.2045481065104], [-122.18904012027, 38.2046200975172], [-122.189029424278, 38.2046920975238], [-122.189018820285, 38.2047641055306], [-122.189008306292, 38.2048361225372], [-122.188997884299, 38.2049081475439], [-122.188987553306, 38.2049801805506], [-122.188977313313, 38.2050522215572], [-122.18896716532, 38.2051242705639], [-122.188957108327, 38.2051963285706], [-122.188947142334, 38.2052683935772], [-122.188937267341, 38.2053404665839], [-122.188927484348, 38.2054125465905], [-122.188917792356, 38.2054846355971], [-122.188908192363, 38.2055567306037], [-122.18889868337, 38.2056288346104], [-122.188889265377, 38.205700945617], [-122.188879939385, 38.2057730636236], [-122.188870704392, 38.2058451896302], [-122.188861560399, 38.2059173226368], [-122.188852508406, 38.2059894626434], [-122.188843547414, 38.20606160965], [-122.188834678421, 38.2061337636566], [-122.188825900428, 38.2062059256631], [-122.188817213436, 38.2062780936697], [-122.188808618443, 38.2063502686763], [-122.18880011445, 38.2064224496828], [-122.188791702458, 38.2064946386894], [-122.188783382465, 38.2065668336959], [-122.188775152473, 38.2066390347024], [-122.18876701548, 38.206711242709], [-122.188758969487, 38.2067834567155], [-122.188751014495, 38.206855677722], [-122.188743151502, 38.2069279047285], [-122.18873537951, 38.207000137735], [-122.188727699517, 38.2070723767415], [-122.188720110525, 38.2071446217479], [-122.188712613532, 38.2072168727544], [-122.18870520854, 38.2072891297609], [-122.188697894548, 38.2073613927674], [-122.188690672555, 38.2074336607739], [-122.188683541563, 38.2075059347803], [-122.18867650257, 38.2075782147868], [-122.188669554578, 38.2076504997932], [-122.188662698586, 38.2077227907997], [-122.188655934593, 38.2077950868061], [-122.188649261601, 38.2078673878125], [-122.188642680609, 38.2079396948189], [-122.188636190616, 38.2080120068254], [-122.188629793624, 38.2080843238317], [-122.188623486632, 38.2081566448381], [-122.188617272639, 38.2082289718445], [-122.188611149647, 38.2083013038509], [-122.188605118655, 38.2083736398573], [-122.188599178663, 38.2084459818637], [-122.188593330671, 38.2085183268701], [-122.188587574678, 38.2085906778764], [-122.188581909686, 38.2086630328827], [-122.188576337694, 38.2087353918891], [-122.188570855702, 38.2088077558954], [-122.18856546671, 38.2088801239018], [-122.188560168718, 38.2089524959081], [-122.188554962726, 38.2090248719144], [-122.188549848733, 38.2090972529208], [-122.188544825741, 38.209169636927], [-122.188539894749, 38.2092420249334], [-122.188535055757, 38.2093144179397], [-122.188530308765, 38.2093868129459], [-122.188525652773, 38.2094592129522], [-122.188521088781, 38.2095316159585], [-122.188516616789, 38.2096040229647], [-122.188512236797, 38.209676433971], [-122.188507947805, 38.2097488469773], [-122.188503751813, 38.2098212649835], [-122.188499646821, 38.2098936849897], [-122.18849563283, 38.209966108996], [-122.188491711838, 38.2100385350022], [-122.188487881846, 38.2101109650084], [-122.188484143854, 38.2101833980147], [-122.188480497862, 38.2102558340209], [-122.18847694387, 38.2103282720271], [-122.188473480878, 38.2104007130333], [-122.188470110886, 38.2104731570395], [-122.188466831895, 38.2105456040456], [-122.188463644903, 38.2106180530518], [-122.188460548911, 38.210690505058], [-122.188457545919, 38.2107629590642], [-122.188454633928, 38.2108354150703], [-122.188451814936, 38.2109078740765], [-122.188449086944, 38.2109803350826], [-122.188446450952, 38.2110527980887], [-122.188443905961, 38.2111252630949], [-122.188441453969, 38.211197730101], [-122.188439092977, 38.2112701991071], [-122.188436823986, 38.2113426691132], [-122.188434647994, 38.2114151421193], [-122.188432563003, 38.2114876161254], [-122.188430569011, 38.2115600911315], [-122.188428668019, 38.2116325691376], [-122.188426858028, 38.2117050471437], [-122.188425141036, 38.2117775281497], [-122.188423515045, 38.2118500091558], [-122.188421981053, 38.2119224921619], [-122.188420539062, 38.2119949751679], [-122.18841918907, 38.2120674601739], [-122.188417931079, 38.21213994618], [-122.188416764087, 38.212212433186], [-122.188415690096, 38.212284921192], [-122.188414707104, 38.2123574101981], [-122.188413816113, 38.212429899204], [-122.188413017121, 38.21250238921], [-122.18841231013, 38.212574880216], [-122.188411695138, 38.212647371222], [-122.188411172147, 38.212719863228], [-122.188410740156, 38.2127923542339], [-122.188410401164, 38.2128648472399], [-122.188410153173, 38.2129373392459], [-122.188409997182, 38.2130098322518], [-122.18840993319, 38.2130823252578], [-122.188409961199, 38.2131548172637], [-122.188410081208, 38.2132273102697], [-122.188410293217, 38.2132998032756], [-122.188410596225, 38.2133722952815], [-122.188410992234, 38.2134447872874], [-122.188411479243, 38.2135172792933], [-122.188412058252, 38.2135897702992], [-122.18841273026, 38.2136622613051], [-122.188413493269, 38.213734751311], [-122.188414348278, 38.2138072413169], [-122.188415294287, 38.2138797303227], [-122.188416333296, 38.2139522183286], [-122.188417463305, 38.2140247053345], [-122.188418686314, 38.2140971913403], [-122.188420000322, 38.2141696773462], [-122.188421406331, 38.214242161352], [-122.18842290434, 38.2143146443578], [-122.188424494349, 38.2143871263636], [-122.188426176358, 38.2144596073695], [-122.188427950367, 38.2145320863753], [-122.188429815376, 38.2146045643811], [-122.188431773385, 38.2146770403869], [-122.188433822394, 38.2147495153926], [-122.188435963403, 38.2148219883984], [-122.188438196412, 38.2148944594042], [-122.188440521421, 38.2149669294099], [-122.18844293743, 38.2150393964157], [-122.188445446439, 38.2151118624215], [-122.188448046448, 38.2151843264272], [-122.188450739457, 38.2152567874329], [-122.188453523467, 38.2153292474387], [-122.188456399476, 38.2154017044444], [-122.188459366485, 38.2154741594501], [-122.188462426494, 38.2155466114558], [-122.188465577503, 38.2156190614615], [-122.188468821512, 38.2156915094672], [-122.188472156522, 38.2157639544729], [-122.188475583531, 38.2158363964786], [-122.18847910254, 38.2159088364843], [-122.188482712549, 38.2159812734899], [-122.188486415559, 38.2160537064956], [-122.188490209568, 38.2161261375012], [-122.188494095577, 38.2161985655069], [-122.188498073586, 38.2162709905125], [-122.188502142596, 38.2163434125181], [-122.188506304605, 38.2164158305238], [-122.188510557614, 38.2164882455294], [-122.188514902624, 38.216560656535], [-122.188519339633, 38.2166330655406], [-122.188523868642, 38.2167054695462], [-122.188528488652, 38.2167778705517], [-122.188533200661, 38.2168502685574], [-122.188538004671, 38.2169226615629], [-122.18854290068, 38.2169950515685], [-122.188547887689, 38.2170674375741], [-122.188552967699, 38.2171398195796], [-122.188558138708, 38.2172121965851], [-122.188563400718, 38.2172845705907], [-122.188568755727, 38.2173569405962], [-122.188574201737, 38.2174293056017], [-122.188579739746, 38.2175016666073], [-122.188585369756, 38.2175740226127], [-122.188591090766, 38.2176463746183], [-122.188596903775, 38.2177187226238], [-122.188602808785, 38.2177910656292], [-122.188608805794, 38.2178634036347], [-122.188614893804, 38.2179357366402], [-122.188621073813, 38.2180080656456], [-122.188627345823, 38.2180803896511], [-122.188633708833, 38.2181527076565], [-122.188640163842, 38.218225021662], [-122.188646710852, 38.2182973296674], [-122.188653348862, 38.2183696336729], [-122.188660078871, 38.2184419316783], [-122.188666899881, 38.2185142236837], [-122.188673813891, 38.2185865106891], [-122.188680818901, 38.2186587926945], [-122.18868791491, 38.2187310686999], [-122.18869510292, 38.2188033397053], [-122.18870238293, 38.2188756047106], [-122.18870975494, 38.2189478637161], [-122.188717217949, 38.2190201167214], [-122.188724771959, 38.2190923637267], [-122.188732417969, 38.2191646057321], [-122.188740155979, 38.2192368407374], [-122.188747984989, 38.2193090697428], [-122.188755905999, 38.2193812927481], [-122.188763919009, 38.2194535087534], [-122.188772023018, 38.2195257187587], [-122.188780218028, 38.219597922764], [-122.188788505038, 38.2196701197693], [-122.188796884048, 38.2197423107746], [-122.188805354058, 38.2198144947799], [-122.188813916068, 38.2198866727852], [-122.188822569078, 38.2199588427905], [-122.188831314088, 38.2200310067957], [-122.188840150098, 38.2201031628009], [-122.188849077108, 38.2201753128062], [-122.188858097118, 38.2202474558114], [-122.188867207128, 38.2203195908167], [-122.188876409138, 38.2203917198219], [-122.188885702148, 38.2204638408271], [-122.188895087158, 38.2205359538323], [-122.188904564168, 38.2206080598375], [-122.188914131178, 38.2206801588426], [-122.188923790189, 38.2207522498479], [-122.188933541199, 38.220824332853], [-122.188943383209, 38.2208964088582], [-122.188953316219, 38.2209684768634], [-122.188963341229, 38.2210405368685], [-122.188973457239, 38.2211125888737], [-122.18898366425, 38.2211846328788], [-122.18899396326, 38.2212566688839], [-122.18900435327, 38.2213286968891], [-122.18901483428, 38.2214007158942], [-122.18902540729, 38.2214727278993], [-122.189036071301, 38.2215447299044], [-122.189046826311, 38.2216167249095], [-122.189057672321, 38.2216887109146], [-122.189068610332, 38.2217606879197], [-122.189079639342, 38.2218326569247], [-122.189090759352, 38.2219046169298], [-122.189101971362, 38.2219765679348], [-122.189113273373, 38.2220485099399], [-122.189124667383, 38.2221204429449], [-122.189136153394, 38.22219236695], [-122.189147729404, 38.222264281955], [-122.189159396414, 38.22233618796], [-122.189171155425, 38.222408084965], [-122.189183005435, 38.2224799719701], [-122.189194946446, 38.222551849975], [-122.189206978456, 38.22262371898], [-122.189219101466, 38.222695577985], [-122.189228738475, 38.2227522669889], [-122.187955392385, 38.2236084101542], [-122.186223539264, 38.224772772379], [-122.184491631143, 38.2259371096039], [-122.182759667021, 38.2271014198287], [-122.1810276479, 38.2282657050536], [-122.179295573778, 38.2294299642785], [-122.177563444656, 38.2305941975034], [-122.175831259535, 38.2317584047283], [-122.174099020413, 38.2329225869532], [-122.172366725292, 38.2340867421781], [-122.17063437417, 38.235250872403], [-122.168901969049, 38.236414976628], [-122.167169507927, 38.2375790558529], [-122.165436991805, 38.2387431080779], [-122.163704420684, 38.2399071353029], [-122.161971794562, 38.2410711365279], [-122.16023911244, 38.2422351117529], [-122.158506375319, 38.2433990609779], [-122.156773583197, 38.244562985203], [-122.155040736075, 38.2457268824281], [-122.153307832953, 38.2468907546531], [-122.151574874832, 38.2480546008782], [-122.14984186171, 38.2492184211033], [-122.148108792588, 38.2503822163284], [-122.146375669466, 38.2515459845535], [-122.144642490344, 38.2527097277787], [-122.142909255222, 38.2538734450038], [-122.141175966101, 38.255037136229], [-122.139442620979, 38.2562008014541], [-122.137709220857, 38.2573644406793], [-122.135975764735, 38.2585280549045], [-122.134242253613, 38.2596916431297], [-122.132508687491, 38.2608552053549], [-122.130775066369, 38.2620187415802], [-122.129041389247, 38.2631822518054], [-122.127307657125, 38.2643457360307], [-122.125573870003, 38.265509195256], [-122.123840027881, 38.2666726274813], [-122.122106129759, 38.2678360347065], [-122.120372175637, 38.2689994159319], [-122.118638167515, 38.2701627711572], [-122.116904103393, 38.2713261003825], [-122.115169984271, 38.2724894046079], [-122.113435809148, 38.2736526818333], [-122.111701580026, 38.2748159340586], [-122.109967293904, 38.275979160284], [-122.108232953782, 38.2771423605094], [-122.10649855766, 38.2783055347348], [-122.104764106538, 38.2794686829603], [-122.103029599415, 38.2806318051857], [-122.101295037293, 38.2817949024111], [-122.099560420171, 38.2829579726366], [-122.097825748049, 38.2841210178621], [-122.096091019926, 38.2852840370876], [-122.094356235804, 38.2864470303131], [-122.092621397682, 38.2876099975386], [-122.090886503559, 38.2887729387641], [-122.089151553437, 38.2899358539897], [-122.087416548315, 38.2910987442152], [-122.085681488192, 38.2922616074408], [-122.08394637307, 38.2934244456664], [-122.082211201948, 38.294587256892], [-122.080475975825, 38.2957500431176], [-122.078740693703, 38.2969128033432], [-122.07700535658, 38.2980755375689], [-122.075269964458, 38.2992382457945], [-122.073534516335, 38.3004009280201], [-122.071799012213, 38.3015635852458], [-122.07006345409, 38.3027262154715], [-122.068327839968, 38.3038888206972], [-122.066592169845, 38.3050513989229], [-122.064856445723, 38.3062139521486], [-122.0631206646, 38.3073764793744], [-122.061384829477, 38.3085389796001], [-122.059648938355, 38.3097014548259], [-122.057912991232, 38.3108639040516], [-122.056176989109, 38.3120263272775], [-122.054440931987, 38.3131887255032], [-122.052704818864, 38.3143510967291], [-122.050968650741, 38.3155134419549], [-122.049232426619, 38.3166757611807], [-122.047496147496, 38.3178380554066], [-122.045759813373, 38.3190003226324], [-122.04402342325, 38.3201625648583], [-122.042286977128, 38.3213247810842], [-122.040550476005, 38.3224869703101], [-122.038813919882, 38.323649134536], [-122.037077307759, 38.3248112727619], [-122.035340640636, 38.3259733849879], [-122.033603917514, 38.3271354712138], [-122.031867139391, 38.3282975314398], [-122.030130306268, 38.3294595656658], [-122.028393417145, 38.3306215738918], [-122.026656472022, 38.3317835561178], [-122.024919471899, 38.3329455123438], [-122.023182416776, 38.3341074425698], [-122.021445305653, 38.3352693467959], [-122.01970813853, 38.3364312260219], [-122.017970916407, 38.337593078248], [-122.016233639284, 38.3387549044741], [-122.014496306161, 38.3399167057002], [-122.012758918038, 38.3410784799263], [-122.011021473915, 38.3422402291524], [-122.009283973792, 38.3434019513785], [-122.007546418669, 38.3445636476047], [-122.005808808546, 38.3457253188309], [-122.004071142422, 38.346886964057], [-122.002333421299, 38.3480485822832], [-122.000595644176, 38.3492101755094], [-121.998857811053, 38.3503717417356], [-121.99711992293, 38.3515332829619], [-121.995381979807, 38.3526947971881], [-121.993643980683, 38.3538562864143], [-121.99190592556, 38.3550177496406], [-121.990167815437, 38.3561791858669], [-121.988429650314, 38.3573405970931], [-121.98669142919, 38.3585019823194], [-121.984953152067, 38.3596633405457], [-121.983214819944, 38.3608246737721], [-121.98147643182, 38.3619859809984], [-121.979737988697, 38.3631472612248], [-121.977999489574, 38.3643085164511], [-121.97626093445, 38.3654697446775], [-121.974522324327, 38.3666309479039], [-121.972783659203, 38.3677921251303], [-121.97104493808, 38.3689532753567], [-121.969306160956, 38.3701144005831], [-121.967567328833, 38.3712754988096], [-121.965828440709, 38.372436572036], [-121.964089497586, 38.3735976182625], [-121.962350498462, 38.374758639489], [-121.960611443339, 38.3759196337155], [-121.958872333215, 38.377080602942], [-121.957133167092, 38.3782415451685], [-121.955393945968, 38.379402462395], [-121.953654668845, 38.3805633526216], [-121.951915336721, 38.3817242168481], [-121.950175948597, 38.3828850550747], [-121.948436504474, 38.3840458683013], [-121.94669700535, 38.3852066545279], [-121.944957450226, 38.3863674147545], [-121.943217840103, 38.3875281489811], [-121.941478172979, 38.3886888572078], [-121.939738451855, 38.3898495394344], [-121.937998673731, 38.391010195661], [-121.936258841608, 38.3921708258877], [-121.934518952484, 38.3933314301144], [-121.93277900836, 38.3944920083411], [-121.931039008236, 38.3956525595678], [-121.929298953112, 38.3968130857946], [-121.927558841989, 38.3979735860213], [-121.925818674865, 38.399134059248], [-121.924078452741, 38.4002945074748], [-121.922338174617, 38.4014549287015], [-121.920597840493, 38.4026153249284], [-121.918857451369, 38.4037756941551], [-121.917117006245, 38.4049360373819], [-121.915376505121, 38.4060963546088], [-121.913635948997, 38.4072566458356], [-121.911895336873, 38.4084169110625], [-121.910154669749, 38.4095771502893], [-121.908413945625, 38.4107373635162], [-121.906673166501, 38.4118975507431], [-121.904932332377, 38.41305771097], [-121.903191442253, 38.4142178461969], [-121.901450496129, 38.4153779544238], [-121.899709494005, 38.4165380376508], [-121.897968436881, 38.4176980938777], [-121.896227323756, 38.4188581241047], [-121.894486154632, 38.4200181283316], [-121.892744930508, 38.4211781065587], [-121.891003650384, 38.4223380587856], [-121.88926231426, 38.4234979850127], [-121.887520923136, 38.4246578852397], [-121.885779476011, 38.4258177584668], [-121.884037972887, 38.4269776066938], [-121.882296414763, 38.4281374279208], [-121.880554799638, 38.429297223148], [-121.878813129514, 38.430456992375], [-121.87707140439, 38.4316167356022], [-121.875329622266, 38.4327764528293], [-121.873587785141, 38.4339361440564], [-121.871845892017, 38.4350958092835], [-121.870103943892, 38.4362554475107], [-121.868361939768, 38.4374150607379], [-121.866619879644, 38.438574646965], [-121.864877763519, 38.4397342071923], [-121.863135591395, 38.4408937414195], [-121.86139336427, 38.4420532496467], [-121.859651081146, 38.4432127318739], [-121.857908742021, 38.4443721871012], [-121.856166347897, 38.4455316173284], [-121.854423897772, 38.4466910205557], [-121.852681391648, 38.447850397783], [-121.850938829523, 38.4490097490103], [-121.849196212398, 38.4501690742376], [-121.847453538274, 38.4513283734649], [-121.845710809149, 38.4524876466923], [-121.843968025025, 38.4536468929196], [-121.8422251839, 38.4548061131469], [-121.840482287775, 38.4559653083743], [-121.838739335651, 38.4571244766017], [-121.836996327526, 38.4582836178292], [-121.835253263401, 38.4594427340566], [-121.833510143276, 38.460601824284], [-121.831766968152, 38.4617608875114], [-121.830023737027, 38.4629199247388], [-121.828280449902, 38.4640789359663], [-121.826537107777, 38.4652379211938], [-121.824793708653, 38.4663968804213], [-121.823050254528, 38.4675558126488], [-121.821306744403, 38.4687147188763], [-121.819563178278, 38.4698735991038], [-121.817819556153, 38.4710324533314], [-121.816075879028, 38.4721912815589], [-121.814332144903, 38.4733500837865], [-121.812588355778, 38.4745088590141], [-121.810844510654, 38.4756676082416], [-121.809100610529, 38.4768263314693], [-121.807356653404, 38.4779850286969], [-121.805612641279, 38.4791436999245], [-121.803868572154, 38.4803023441522], [-121.802124448029, 38.4814609623798], [-121.800380267903, 38.4826195546075], [-121.798636031778, 38.4837781208352], [-121.796891740653, 38.4849366610628], [-121.795147392528, 38.4860951742905], [-121.793402989403, 38.4872536625183], [-121.791658530278, 38.488412123746], [-121.789914015153, 38.4895705579737], [-121.788169444028, 38.4907289672015], [-121.786424816903, 38.4918873494293], [-121.784680133777, 38.4930457056571], [-121.782935395652, 38.4942040358848], [-121.781190600527, 38.4953623401126], [-121.779445750402, 38.4965206183405], [-121.777700844276, 38.4976788695683], [-121.775955882151, 38.4988370947962], [-121.774210864026, 38.499995294024], [-121.772465789901, 38.5011534662519], [-121.770720659775, 38.5023116134798], [-121.76897547465, 38.5034697337076], [-121.767230232525, 38.5046278279356], [-121.765484935399, 38.5057858951635], [-121.763739582274, 38.5069439373915], [-121.761994172148, 38.5081019526194], [-121.760248707023, 38.5092599418473], [-121.758503185897, 38.5104179050753], [-121.756757608772, 38.5115758413033], [-121.755011975647, 38.5127337515313], [-121.753266287521, 38.5138916357593], [-121.751520542396, 38.5150494939874], [-121.74977474127, 38.5162073252154], [-121.748028885144, 38.5173651304434], [-121.746282972019, 38.5185229096715], [-121.744537003893, 38.5196806628996], [-121.742790979768, 38.5208383891276], [-121.742226924467, 38.5190930120259], [-121.741662897167, 38.517347630924], [-121.741098895866, 38.5156022468222], [-121.740534922565, 38.5138568597203], [-121.739970976265, 38.5121114686184], [-121.739407057964, 38.5103660745166], [-121.738843165664, 38.5086206774146], [-121.738279301364, 38.5068752773127], [-121.737715464063, 38.5051298742107], [-121.737151654763, 38.5033844671088], [-121.736587871463, 38.5016390570067], [-121.736024116162, 38.4998936439047], [-121.735460387862, 38.4981482278027], [-121.734896686562, 38.4964028077006], [-121.734333012262, 38.4946573845986], [-121.733769365962, 38.4929119584964], [-121.733205746662, 38.4911665293943], [-121.732642154362, 38.4894210962922], [-121.732078589062, 38.48767566019], [-121.731515050762, 38.4859302210879], [-121.730951539462, 38.4841847789857], [-121.730388056162, 38.4824393328835], [-121.729824599862, 38.4806938847812], [-121.729261170562, 38.478948432679], [-121.728697768262, 38.4772029765767], [-121.728134393962, 38.4754575184744], [-121.727571045662, 38.4737120563721], [-121.727007725363, 38.4719665922698], [-121.726444432063, 38.4702211231674], [-121.725881165763, 38.4684756520651], [-121.725317926464, 38.4667301769627], [-121.724754714164, 38.4649846998603], [-121.724191529865, 38.4632392187578], [-121.723628371565, 38.4614937336554], [-121.723065241266, 38.4597482465529], [-121.722502137966, 38.4580027554504], [-121.721939061667, 38.456257261348], [-121.721376012367, 38.4545117642454], [-121.720812991068, 38.4527662641429], [-121.720249995769, 38.4510207600403], [-121.719687028469, 38.4492752529377], [-121.71912408717, 38.4475297428351], [-121.718561173871, 38.4457842297325], [-121.717998287572, 38.4440387126299], [-121.717435428273, 38.4422931925272], [-121.716872595973, 38.4405476694245], [-121.716309790674, 38.4388021433218], [-121.715747013375, 38.4370566142191], [-121.715184262076, 38.4353110811164], [-121.714621538777, 38.4335655450136], [-121.714058841478, 38.4318200059108], [-121.713496172179, 38.4300744638081], [-121.71293352988, 38.4283289177053], [-121.712370914582, 38.4265833686024], [-121.711808326283, 38.4248378164995], [-121.711245764984, 38.4230922613966], [-121.710683230685, 38.4213467032938], [-121.710120723387, 38.4196011411909], [-121.709558244088, 38.4178555760879], [-121.709290344946, 38.4170241540389], [-121.709585099965, 38.4168139559992], [-121.711275925078, 38.4156081167715], [-121.712966693191, 38.4144022525438], [-121.714657405303, 38.4131963643161], [-121.716348061416, 38.4119904520884], [-121.718038661528, 38.4107845138608], [-121.719729204641, 38.4095785526331], [-121.721419692753, 38.4083725654055], [-121.723110123866, 38.4071665541779], [-121.724800498979, 38.4059605179503], [-121.726490818091, 38.4047544577227], [-121.728181080204, 38.4035483714951], [-121.729871287316, 38.4023422622675], [-121.731561437429, 38.40113612704], [-121.733251531541, 38.3999299688124], [-121.734941569653, 38.3987237845849], [-121.736631551766, 38.3975175763574], [-121.738321477878, 38.3963113431299], [-121.740011346991, 38.3951050859024], [-121.741701160103, 38.3938988036749], [-121.743390918215, 38.3926924964474], [-121.745080619328, 38.39148616522], [-121.74677026344, 38.3902798089925], [-121.748459852552, 38.3890734287651], [-121.750149385665, 38.3878670235377], [-121.751838861777, 38.3866605933103], [-121.753528282889, 38.3854541390829], [-121.755217647002, 38.3842476598555], [-121.756906955114, 38.3830411566282], [-121.758596207226, 38.3818346284008], [-121.760285403338, 38.3806280751735], [-121.761974542451, 38.3794214979462], [-121.763663626563, 38.3782148957188], [-121.765352654675, 38.3770082694915], [-121.767041625787, 38.3758016182642], [-121.768730540899, 38.374594943037], [-121.770419400011, 38.3733882418097], [-121.772108204124, 38.3721815175825], [-121.773796951236, 38.3709747683552], [-121.775485641348, 38.369767994128], [-121.77717427646, 38.3685611949008], [-121.778862855572, 38.3673543726736], [-121.780551378684, 38.3661475244464], [-121.782239844796, 38.3649406522193], [-121.783928255908, 38.3637337549921], [-121.78561661002, 38.3625268337649], [-121.787304909132, 38.3613198875378], [-121.788993151244, 38.3601129173107], [-121.790681337356, 38.3589059220836], [-121.792369467468, 38.3576989028565], [-121.79405754158, 38.3564918586294], [-121.795745560692, 38.3552847894023], [-121.797433522804, 38.3540776961753], [-121.799121428916, 38.3528705789482], [-121.800809278028, 38.3516634357212], [-121.80249707214, 38.3504562694942], [-121.804184810251, 38.3492490782672], [-121.805872492363, 38.3480418620402], [-121.807560118475, 38.3468346208132], [-121.809247688587, 38.3456273565862], [-121.810935201699, 38.3444200663593], [-121.81262265981, 38.3432127521323], [-121.814310061922, 38.3420054139054], [-121.815997407034, 38.3407980506785], [-121.817684697146, 38.3395906624516], [-121.819371931257, 38.3383832502247], [-121.821059109369, 38.3371758139978], [-121.822746230481, 38.3359683527709], [-121.824433296593, 38.3347608665441], [-121.826120306704, 38.3335533563173], [-121.827807259816, 38.3323458210904], [-121.829494157927, 38.3311382618636], [-121.831181000039, 38.3299306786368], [-121.832867785151, 38.32872306941], [-121.834554515262, 38.3275154371833], [-121.836241189374, 38.3263077799565], [-121.837927807486, 38.3251000977297], [-121.839614368597, 38.323892391503], [-121.841300874709, 38.3226846602763], [-121.84298732482, 38.3214769050496], [-121.844673718932, 38.3202691248229], [-121.846360057043, 38.3190613205962], [-121.848046339155, 38.3178534913695], [-121.849732565266, 38.3166456381428], [-121.851418735378, 38.3154377609162], [-121.853104849489, 38.3142298576895], [-121.8547909086, 38.3130219314629], [-121.856476910712, 38.3118139802363], [-121.858162856823, 38.3106060040097], [-121.859848747935, 38.3093980037831], [-121.861534582046, 38.3081899795566], [-121.863220361157, 38.30698192933], [-121.864906084269, 38.3057738561035], [-121.86659175038, 38.3045657578769], [-121.868277361491, 38.3033576356504], [-121.869962916603, 38.3021494884239], [-121.871648415714, 38.3009413161974], [-121.873333858825, 38.2997331199709], [-121.875019245937, 38.2985248997444], [-121.876704577048, 38.297316654518], [-121.878389853159, 38.2961083852915], [-121.88007507227, 38.2949000910651], [-121.881760236381, 38.2936917728387], [-121.883445344493, 38.2924834306123], [-121.885130395604, 38.2912750633859], [-121.886815391715, 38.2900666711595], [-121.888500331826, 38.2888582549331], [-121.890185216937, 38.2876498147068], [-121.891870045048, 38.2864413494805], [-121.89355481716, 38.2852328602541], [-121.895239534271, 38.2840243460278], [-121.896924195382, 38.2828158078015], [-121.898608799493, 38.2816072445752], [-121.900293348604, 38.280398657349], [-121.901977842715, 38.2791900461227], [-121.903662279826, 38.2779814098964], [-121.905346660937, 38.2767727486702], [-121.907030987048, 38.275564064444], [-121.908715257159, 38.2743553542178], [-121.91039947127, 38.2731466209916], [-121.912083629381, 38.2719378627654], [-121.913767731492, 38.2707290795392], [-121.915451777603, 38.269520272313], [-121.917135768714, 38.2683114410869], [-121.918819703824, 38.2671025848607], [-121.920503582935, 38.2658937046346], [-121.922187406046, 38.2646848004085], [-121.923871173157, 38.2634758711824], [-121.925554885268, 38.2622669169563], [-121.927238540379, 38.2610579397303], [-121.92892214049, 38.2598489365042], [-121.9306056846, 38.2586399102781], [-121.932289173711, 38.2574308590521], [-121.933972605822, 38.2562217838261], [-121.935655982933, 38.2550126836001], [-121.937339304043, 38.2538035593741], [-121.939022569154, 38.2525944101481], [-121.940705778265, 38.2513852369221], [-121.942388932376, 38.2501760396962], [-121.944072030486, 38.2489668174702], [-121.945755072597, 38.2477575712443], [-121.947438058708, 38.2465483000184], [-121.949120989818, 38.2453390047925], [-121.950803863929, 38.2441296855666], [-121.952486683039, 38.2429203413407], [-121.95416944715, 38.2417109731148], [-121.955852154261, 38.240501580889], [-121.957534806371, 38.2392921636631], [-121.959217402482, 38.2380827224373], [-121.960899942592, 38.2368732572115], [-121.962582427703, 38.2356637669857], [-121.964264855813, 38.2344542517599], [-121.965947228924, 38.2332447135341], [-121.967629547034, 38.2320351503084], [-121.969311808145, 38.2308255620826], [-121.970994014255, 38.2296159508569], [-121.972676164366, 38.2284063146311], [-121.974358259476, 38.2271966534055], [-121.976040297587, 38.2259869681798], [-121.977722280697, 38.2247772589541], [-121.979404208807, 38.2235675257284], [-121.981086079918, 38.2223577675027], [-121.982767896028, 38.2211479852771], [-121.984449656139, 38.2199381780514], [-121.986131361249, 38.2187283468258], [-121.987813009359, 38.2175184916002], [-121.989494603469, 38.2163086123746], [-121.99117614058, 38.215098708149], [-121.99285762269, 38.2138887799235], [-121.9945390488, 38.2126788266979], [-121.996220418911, 38.2114688494723], [-121.997901734021, 38.2102588482468], [-121.999582993131, 38.2090488230213], [-122.001264196241, 38.2078387727958], [-122.002945344351, 38.2066286975703], [-122.004626436462, 38.2054185993448], [-122.006307472572, 38.2042084761193], [-122.007988453682, 38.2029983288939], [-122.009669378792, 38.2017881576684], [-122.011350247902, 38.200577961443], [-122.013031062012, 38.1993677412176], [-122.014711820122, 38.1981574959922], [-122.016392523233, 38.1969472277668], [-122.018073170343, 38.1957369345414], [-122.019753761453, 38.1945266163161], [-122.021434296563, 38.1933162750907], [-122.023114776673, 38.1921059088654], [-122.024795201783, 38.19089551764], [-122.026475569893, 38.1896851034147], [-122.028155883003, 38.1884746641894], [-122.029836141113, 38.1872642009641], [-122.031516343223, 38.1860537127388], [-122.033196489333, 38.1848432015136], [-122.034876580443, 38.1836326652883], [-122.036556615552, 38.1824221040631], [-122.038236594662, 38.1812115198379], [-122.039916518772, 38.1800009106126], [-122.041596386882, 38.1787902773874], [-122.043276199992, 38.1775796191622], [-122.044955957102, 38.1763689379371], [-122.046635659212, 38.1751582317119], [-122.048315305322, 38.1739475014868], [-122.049994895431, 38.1727367462616], [-122.051674430541, 38.1715259670365], [-122.053353909651, 38.1703151638114], [-122.055033333761, 38.1691043365863], [-122.05671270187, 38.1678934843612], [-122.05839201398, 38.1666826081362], [-122.06007127109, 38.1654717079111], [-122.0617504732, 38.1642607836861], [-122.063429618309, 38.163049834461], [-122.065108709419, 38.161838861236], [-122.066787744529, 38.160627864011], [-122.068466723638, 38.159416842786], [-122.070145646748, 38.158205796561], [-122.071824515858, 38.1569947263361], [-122.073503327967, 38.1557836321111], [-122.075182085077, 38.1545725138862], [-122.076860787186, 38.1533613706612], [-122.078539433296, 38.1521502034363], [-122.080218023406, 38.1509390122114], [-122.081896558515, 38.1497277959865], [-122.083575038625, 38.1485165567616], [-122.085253462734, 38.1473052925368], [-122.086931830844, 38.1460940043119], [-122.088610143953, 38.1448826920871], [-122.090288402063, 38.1436713548622], [-122.091966604172, 38.1424599936374], [-122.093644750282, 38.1412486084126], [-122.095322841391, 38.1400371991878], [-122.0970008775, 38.1388257659631], [-122.09867885761, 38.1376143077383], [-122.100356781719, 38.1364028255135], [-122.102034650829, 38.1351913192888], [-122.103712464938, 38.1339797890641], [-122.105390223047, 38.1327682338394], [-122.107067926157, 38.1315566556147], [-122.108745573266, 38.13034505239], [-122.110423165375, 38.1291334241653], [-122.112100701485, 38.1279217729407], [-122.113778182594, 38.126710097716], [-122.115455607703, 38.1254983974914], [-122.117132977813, 38.1242866732668], [-122.118810291922, 38.1230749250421], [-122.120487551031, 38.1218631518176], [-122.12216475514, 38.120651355593], [-122.123841903249, 38.1194395343684], [-122.125518996359, 38.1182276891439], [-122.127196033468, 38.1170158199193], [-122.128873015577, 38.1158039266948], [-122.130549941686, 38.1145920084702], [-122.132226812795, 38.1133800662457], [-122.133903628904, 38.1121681010213], [-122.135580389013, 38.1109561107968], [-122.137257093123, 38.1097440955723], [-122.138933743232, 38.1085320573478], [-122.140610337341, 38.1073199941234], [-122.14228687545, 38.106107907899], [-122.143963358559, 38.1048957966745], [-122.145639786668, 38.1036836614502], [-122.147316158777, 38.1024715012258], [-122.148992475886, 38.1012593180014], [-122.150668737995, 38.1000471097771], [-122.151340669039, 38.0995611696871], [-122.151575376099, 38.0997690156868], [-122.153077164483, 38.101098861685], [-122.154579006868, 38.1024286886831], [-122.156080904253, 38.1037584956812], [-122.157582855638, 38.1050882836792], [-122.159084862023, 38.1064180516773], [-122.160586922408, 38.1077478006753], [-122.162089037793, 38.1090775296733], [-122.163591207178, 38.1104072396712], [-122.165093431562, 38.1117369296691], [-122.166595709947, 38.113066600667], [-122.168098042332, 38.1143962526649], [-122.169600429717, 38.1157258836627], [-122.171102871102, 38.1170554966605], [-122.172605367487, 38.1183850886583], [-122.174107918872, 38.1197146616561], [-122.175610524257, 38.1210442156538], [-122.177113183642, 38.1223737496515], [-122.178615898027, 38.1237032646492], [-122.180118666412, 38.1250327596468], [-122.181621489798, 38.1263622356444], [-122.183124368183, 38.127691691642], [-122.184627300568, 38.1290211276396], [-122.186130286953, 38.1303505446371], [-122.187633328338, 38.1316799426346], [-122.189136423723, 38.1330093206321], [-122.190639575108, 38.1343386786295], [-122.192142779493, 38.135668017627], [-122.193646038879, 38.1369973376244], [-122.195149353264, 38.1383266366217], [-122.196652721649, 38.1396559176191], [-122.198156145034, 38.1409851776164], [-122.19965962242, 38.1423144196137], [-122.201163154805, 38.1436436406109], [-122.20266674119, 38.1449728426081], [-122.204170382575, 38.1463020256053], [-122.205674078961, 38.1476311886025], [-122.207177829346, 38.1489603315996], [-122.208681633731, 38.1502894555968], [-122.210185494117, 38.1516185605939], [-122.211689407502, 38.152947644591], [-122.213193376888, 38.154276710588], [-122.214697400273, 38.155605755585], [-122.216201477658, 38.1569347815819], [-122.217705611044, 38.1582637885789], [-122.218787819321, 38.1592199465767]]]}}, {"type": "Feature", "properties": {"name": "A-682", "type": "SUA"}, "geometry": {"type": "Polygon", "coordinates": [[[-122.151340669039, 38.0995611696871], [-122.150668737995, 38.1000471097771], [-122.148992475886, 38.1012593180014], [-122.147316158777, 38.1024715012258], [-122.145639786668, 38.1036836614502], [-122.143963358559, 38.1048957966745], [-122.14228687545, 38.106107907899], [-122.140610337341, 38.1073199941234], [-122.138933743232, 38.1085320573478], [-122.137257093123, 38.1097440955723], [-122.135580389013, 38.1109561107968], [-122.133903628904, 38.1121681010213], [-122.132226812795, 38.1133800662457], [-122.130549941686, 38.1145920084702], [-122.128873015577, 38.1158039266948], [-122.127196033468, 38.1170158199193], [-122.125518996359, 38.1182276891439], [-122.123841903249, 38.1194395343684], [-122.12216475514, 38.120651355593], [-122.120487551031, 38.1218631518176], [-122.118810291922, 38.1230749250421], [-122.117132977813, 38.1242866732668], [-122.115455607703, 38.1254983974914], [-122.113778182594, 38.126710097716], [-122.112100701485, 38.1279217729407], [-122.110423165375, 38.1291334241653], [-122.108745573266, 38.13034505239], [-122.107067926157, 38.1315566556147], [-122.105390223047, 38.1327682338394], [-122.103712464938, 38.1339797890641], [-122.102034650829, 38.1351913192888], [-122.100356781719, 38.1364028255135], [-122.09867885761, 38.1376143077383], [-122.0970008775, 38.1388257659631], [-122.095322841391, 38.1400371991878], [-122.093644750282, 38.1412486084126], [-122.091966604172, 38.1424599936374], [-122.090288402063, 38.1436713548622], [-122.088610143953, 38.1448826920871], [-122.086931830844, 38.1460940043119], [-122.085253462734, 38.1473052925368], [-122.083575038625, 38.1485165567616], [-122.081896558515, 38.1497277959865], [-122.080218023406, 38.1509390122114], [-122.078539433296, 38.1521502034363], [-122.076860787186, 38.1533613706612], [-122.075182085077, 38.1545725138862], [-122.073503327967, 38.1557836321111], [-122.071824515858, 38.1569947263361], [-122.070145646748, 38.158205796561], [-122.068466723638, 38.159416842786], [-122.066787744529, 38.160627864011], [-122.065108709419, 38.161838861236], [-122.063429618309, 38.163049834461], [-122.0617504732, 38.1642607836861], [-122.06007127109, 38.1654717079111], [-122.05839201398, 38.1666826081362], [-122.05671270187, 38.1678934843612], [-122.055033333761, 38.1691043365863], [-122.053353909651, 38.1703151638114], [-122.051674430541, 38.1715259670365], [-122.049994895431, 38.1727367462616], [-122.048315305322, 38.1739475014868], [-122.046635659212, 38.1751582317119], [-122.044955957102, 38.1763689379371], [-122.043276199992, 38.1775796191622], [-122.041596386882, 38.1787902773874], [-122.039916518772, 38.1800009106126], [-122.038236594662, 38.1812115198379], [-122.036556615552, 38.1824221040631], [-122.034876580443, 38.1836326652883], [-122.033196489333, 38.1848432015136], [-122.031516343223, 38.1860537127388], [-122.029836141113, 38.1872642009641], [-122.028155883003, 38.1884746641894], [-122.026475569893, 38.1896851034147], [-122.024795201783, 38.19089551764], [-122.023114776673, 38.1921059088654], [-122.021434296563, 38.1933162750907], [-122.019753761453, 38.1945266163161], [-122.018073170343, 38.1957369345414], [-122.016392523233, 38.1969472277668], [-122.014711820122, 38.1981574959922], [-122.013031062012, 38.1993677412176], [-122.011350247902, 38.200577961443], [-122.009669378792, 38.2017881576684], [-122.007988453682, 38.2029983288939], [-122.006307472572, 38.2042084761193], [-122.004626436462, 38.2054185993448], [-122.002945344351, 38.2066286975703], [-122.001264196241, 38.2078387727958], [-121.999582993131, 38.2090488230213], [-121.997901734021, 38.2102588482468], [-121.996220418911, 38.2114688494723], [-121.9945390488, 38.2126788266979], [-121.99285762269, 38.2138887799235], [-121.99117614058, 38.215098708149], [-121.989494603469, 38.2163086123746], [-121.987813009359, 38.2175184916002], [-121.986131361249, 38.2187283468258], [-121.984449656139, 38.2199381780514], [-121.982767896028, 38.2211479852771], [-121.981086079918, 38.2223577675027], [-121.979404208807, 38.2235675257284], [-121.977722280697, 38.2247772589541], [-121.976040297587, 38.2259869681798], [-121.974358259476, 38.2271966534055], [-121.972676164366, 38.2284063146311], [-121.970994014255, 38.2296159508569], [-121.969311808145, 38.2308255620826], [-121.967629547034, 38.2320351503084], [-121.965947228924, 38.2332447135341], [-121.964264855813, 38.2344542517599], [-121.962582427703, 38.2356637669857], [-121.960899942592, 38.2368732572115], [-121.959217402482, 38.2380827224373], [-121.957534806371, 38.2392921636631], [-121.955852154261, 38.240501580889], [-121.95416944715, 38.2417109731148], [-121.952486683039, 38.2429203413407], [-121.950803863929, 38.2441296855666], [-121.949120989818, 38.2453390047925], [-121.947438058708, 38.2465483000184], [-121.945755072597, 38.2477575712443], [-121.944072030486, 38.2489668174702], [-121.942388932376, 38.2501760396962], [-121.940705778265, 38.2513852369221], [-121.939022569154, 38.2525944101481], [-121.937339304043, 38.2538035593741], [-121.935655982933, 38.2550126836001], [-121.933972605822, 38.2562217838261], [-121.932289173711, 38.2574308590521], [-121.9306056846, 38.2586399102781], [-121.92892214049, 38.2598489365042], [-121.927238540379, 38.2610579397303], [-121.925554885268, 38.2622669169563], [-121.923871173157, 38.2634758711824], [-121.922187406046, 38.2646848004085], [-121.920503582935, 38.2658937046346], [-121.918819703824, 38.2671025848607], [-121.917135768714, 38.2683114410869], [-121.915451777603, 38.269520272313], [-121.913767731492, 38.2707290795392], [-121.912083629381, 38.2719378627654], [-121.91039947127, 38.2731466209916], [-121.908715257159, 38.2743553542178], [-121.907030987048, 38.275564064444], [-121.905346660937, 38.2767727486702], [-121.903662279826, 38.2779814098964], [-121.901977842715, 38.2791900461227], [-121.900293348604, 38.280398657349], [-121.898608799493, 38.2816072445752], [-121.896924195382, 38.2828158078015], [-121.895239534271, 38.2840243460278], [-121.89355481716, 38.2852328602541], [-121.891870045048, 38.2864413494805], [-121.890185216937, 38.2876498147068], [-121.888500331826, 38.2888582549331], [-121.886815391715, 38.2900666711595], [-121.885130395604, 38.2912750633859], [-121.883445344493, 38.2924834306123], [-121.881760236381, 38.2936917728387], [-121.88007507227, 38.2949000910651], [-121.878389853159, 38.2961083852915], [-121.876704577048, 38.297316654518], [-121.875019245937, 38.2985248997444], [-121.873333858825, 38.2997331199709], [-121.871648415714, 38.3009413161974], [-121.869962916603, 38.3021494884239], [-121.868277361491, 38.3033576356504], [-121.86659175038, 38.3045657578769], [-121.864906084269, 38.3057738561035], [-121.863220361157, 38.30698192933], [-121.861534582046, 38.3081899795566], [-121.859848747935, 38.3093980037831], [-121.858162856823, 38.3106060040097], [-121.856476910712, 38.3118139802363], [-121.8547909086, 38.3130219314629], [-121.853104849489, 38.3142298576895], [-121.851418735378, 38.3154377609162], [-121.849732565266, 38.3166456381428], [-121.848046339155, 38.3178534913695], [-121.846360057043, 38.3190613205962], [-121.844673718932, 38.3202691248229], [-121.84298732482, 38.3214769050496], [-121.841300874709, 38.3226846602763], [-121.839614368597, 38.323892391503], [-121.837927807486, 38.3251000977297], [-121.836241189374, 38.3263077799565], [-121.834554515262, 38.3275154371833], [-121.832867785151, 38.32872306941], [-121.831181000039, 38.3299306786368], [-121.829494157927, 38.3311382618636], [-121.827807259816, 38.3323458210904], [-121.826120306704, 38.3335533563173], [-121.824433296593, 38.3347608665441], [-121.822746230481, 38.3359683527709], [-121.821059109369, 38.3371758139978], [-121.819371931257, 38.3383832502247], [-121.817684697146, 38.3395906624516], [-121.815997407034, 38.3407980506785], [-121.814310061922, 38.3420054139054], [-121.81262265981, 38.3432127521323], [-121.810935201699, 38.3444200663593], [-121.809247688587, 38.3456273565862], [-121.807560118475, 38.3468346208132], [-121.805872492363, 38.3480418620402], [-121.804184810251, 38.3492490782672], [-121.80249707214, 38.3504562694942], [-121.800809278028, 38.3516634357212], [-121.799121428916, 38.3528705789482], [-121.797433522804, 38.3540776961753], [-121.795745560692, 38.3552847894023], [-121.79405754158, 38.3564918586294], [-121.792369467468, 38.3576989028565], [-121.790681337356, 38.3589059220836], [-121.788993151244, 38.3601129173107], [-121.787304909132, 38.3613198875378], [-121.78561661002, 38.3625268337649], [-121.783928255908, 38.3637337549921], [-121.782239844796, 38.3649406522193], [-121.780551378684, 38.3661475244464], [-121.778862855572, 38.3673543726736], [-121.77717427646, 38.3685611949008], [-121.775485641348, 38.369767994128], [-121.773796951236, 38.3709747683552], [-121.772108204124, 38.3721815175825], [-121.770419400011, 38.3733882418097], [-121.768730540899, 38.374594943037], [-121.767041625787, 38.3758016182642], [-121.765352654675, 38.3770082694915], [-121.763663626563, 38.3782148957188], [-121.761974542451, 38.3794214979462], [-121.760285403338, 38.3806280751735], [-121.758596207226, 38.3818346284008], [-121.756906955114, 38.3830411566282], [-121.755217647002, 38.3842476598555], [-121.753528282889, 38.3854541390829], [-121.751838861777, 38.3866605933103], [-121.750149385665, 38.3878670235377], [-121.748459852552, 38.3890734287651], [-121.74677026344, 38.3902798089925], [-121.745080619328, 38.39148616522], [-121.743390918215, 38.3926924964474], [-121.741701160103, 38.3938988036749], [-121.740011346991, 38.3951050859024], [-121.738321477878, 38.3963113431299], [-121.736631551766, 38.3975175763574], [-121.734941569653, 38.3987237845849], [-121.733251531541, 38.3999299688124], [-121.731561437429, 38.40113612704], [-121.729871287316, 38.4023422622675], [-121.728181080204, 38.4035483714951], [-121.726490818091, 38.4047544577227], [-121.724800498979, 38.4059605179503], [-121.723110123866, 38.4071665541779], [-121.721419692753, 38.4083725654055], [-121.719729204641, 38.4095785526331], [-121.718038661528, 38.4107845138608], [-121.716348061416, 38.4119904520884], [-121.714657405303, 38.4131963643161], [-121.712966693191, 38.4144022525438], [-121.711275925078, 38.4156081167715], [-121.709585099965, 38.4168139559992], [-121.709290344946, 38.4170241540389], [-121.708995790789, 38.416110007985], [-121.708433365491, 38.414364436882], [-121.707870966192, 38.412618861779], [-121.707308594893, 38.410873284676], [-121.706746249595, 38.409127703573], [-121.706183932296, 38.4073821184699], [-121.705621641998, 38.4056365313668], [-121.7050593787, 38.4038909402638], [-121.704497141401, 38.4021453461607], [-121.703934932103, 38.4003997490575], [-121.703372749805, 38.3986541489544], [-121.702810594506, 38.3969085458512], [-121.702248466208, 38.3951629387481], [-121.70168636491, 38.3934173286449], [-121.701124290612, 38.3916717155416], [-121.700378338291, 38.3899780524565], [-121.699632419971, 38.3882843853714], [-121.698886536651, 38.3865907122863], [-121.698140688331, 38.3848970342012], [-121.697394875012, 38.383203351116], [-121.696649095692, 38.3815096620308], [-121.695903352372, 38.3798159679456], [-121.695157643052, 38.3781222688603], [-121.694411968732, 38.3764285647751], [-121.693666328412, 38.3747348556898], [-121.692920724093, 38.3730411406045], [-121.692175153773, 38.3713474205192], [-121.691429618453, 38.3696536954338], [-121.690684117133, 38.3679599653485], [-121.689938651814, 38.3662662292631], [-121.689193220494, 38.3645724881777], [-121.688447824175, 38.3628787420922], [-121.687702461855, 38.3611849910068], [-121.686957134536, 38.3594912339213], [-121.686211843216, 38.3577974728358], [-121.685466584897, 38.3561037057503], [-121.684721362577, 38.3544099326647], [-121.683976174258, 38.3527161555791], [-121.683231020939, 38.3510223724936], [-121.682485902619, 38.349328585408], [-121.6817408183, 38.3476347913224], [-121.680995768981, 38.3459409932367], [-121.680250754662, 38.344247190151], [-121.679505775342, 38.3425533810653], [-121.678760830023, 38.3408595669796], [-121.678015919704, 38.3391657478939], [-121.677271043385, 38.3374719228081], [-121.676526202066, 38.3357780927223], [-121.675781395747, 38.3340842586365], [-121.675036624428, 38.3323904175507], [-121.674291887109, 38.3306965724648], [-121.67354718479, 38.329002722379], [-121.672802517471, 38.327308866293], [-121.672057884152, 38.3256150052072], [-121.671313285834, 38.3239211391212], [-121.670568722515, 38.3222272670352], [-121.671877231538, 38.3207570528142], [-121.673185687562, 38.3192868225931], [-121.674494090585, 38.3178165773721], [-121.675802441608, 38.316346318151], [-121.677110739632, 38.31487604293], [-121.678418983655, 38.313405753709], [-121.679727175679, 38.311935449488], [-121.681035315702, 38.310465129267], [-121.682343401726, 38.3089947950461], [-121.683651435749, 38.3075244458251], [-121.684959415772, 38.3060540806041], [-121.686267343796, 38.3045837013832], [-121.687575218819, 38.3031133071623], [-121.688883041843, 38.3016428979414], [-121.690190810866, 38.3001724737205], [-121.691498527889, 38.2987020344996], [-121.692806191913, 38.2972315802787], [-121.694113802936, 38.2957611110578], [-121.69542136196, 38.2942906268369], [-121.696728866983, 38.2928201286161], [-121.698036320007, 38.2913496143952], [-121.69934372003, 38.2898790851744], [-121.700651067053, 38.2884085419535], [-121.701958362077, 38.2869379827327], [-121.7032656041, 38.2854674095119], [-121.704572793124, 38.2839968202912], [-121.705879929147, 38.2825262170703], [-121.70718701317, 38.2810555988496], [-121.708494044194, 38.2795849656288], [-121.709801022217, 38.278114317408], [-121.711107947241, 38.2766436541874], [-121.712414820264, 38.2751729759666], [-121.713721640287, 38.2737022827459], [-121.715028407311, 38.2722315745252], [-121.716335122334, 38.2707608513045], [-121.717641783358, 38.2692901140838], [-121.718948393381, 38.2678193608631], [-121.720254949405, 38.2663485936424], [-121.721561453428, 38.2648778104218], [-121.722867904451, 38.2634070132012], [-121.724174302475, 38.2619362009806], [-121.725480648498, 38.2604653727599], [-121.726786941522, 38.2589945305393], [-121.728093181545, 38.2575236733187], [-121.729399369568, 38.2560528010981], [-121.730705504592, 38.2545819148775], [-121.732011586615, 38.253111012657], [-121.733317616639, 38.2516400954364], [-121.734623593662, 38.2501691642158], [-121.735929517686, 38.2486982179953], [-121.737235389709, 38.2472272557748], [-121.739003630843, 38.2460864125474], [-121.740771816977, 38.24494554132], [-121.74253994811, 38.2438046440926], [-121.744308024244, 38.2426637198652], [-121.746076044378, 38.2415227686378], [-121.747844009512, 38.2403817904105], [-121.749611918646, 38.2392407851832], [-121.751379773779, 38.2380997539558], [-121.753147572913, 38.2369586947285], [-121.754915317047, 38.2358176095012], [-121.75668300518, 38.2346764972739], [-121.758450639314, 38.2335353580466], [-121.760218217448, 38.2323941918194], [-121.761985740581, 38.2312529985921], [-121.763753207715, 38.2301117793649], [-121.765520620848, 38.2289705321377], [-121.767287977982, 38.2278292589105], [-121.769055280116, 38.2266879586832], [-121.770822527249, 38.2255466324561], [-121.772589718383, 38.2244052782289], [-121.774356854516, 38.2232638970017], [-121.77612393565, 38.2221224897746], [-121.777890961783, 38.2209810555474], [-121.779657932917, 38.2198395943203], [-121.78142484805, 38.2186981060932], [-121.783191708183, 38.2175565918661], [-121.784958513317, 38.216415049639], [-121.78672526345, 38.2152734814119], [-121.788491958584, 38.2141318861849], [-121.790258597717, 38.2129902639578], [-121.79202518185, 38.2118486157308], [-121.793791710984, 38.2107069395037], [-121.795558185117, 38.2095652372767], [-121.79732460425, 38.2084235080498], [-121.799090967383, 38.2072817518228], [-121.800857276517, 38.2061399685958], [-121.80262352965, 38.2049981593688], [-121.804389727783, 38.2038563231419], [-121.806155869916, 38.2027144599149], [-121.80792195805, 38.201572569688], [-121.809687990183, 38.2004306524611], [-121.811453967316, 38.1992887092342], [-121.813219889449, 38.1981467390074], [-121.814985756582, 38.1970047417805], [-121.816751568715, 38.1958627175536], [-121.818517325848, 38.1947206673268], [-121.820283026981, 38.1935785891], [-121.822048673114, 38.1924364848731], [-121.823814264247, 38.1912943546463], [-121.82557980038, 38.1901521964195], [-121.827345281513, 38.1890100121927], [-121.829110707646, 38.187867799966], [-121.830876078779, 38.1867255617392], [-121.832641393912, 38.1855832975125], [-121.834406654045, 38.1844410052858], [-121.836171859178, 38.183298687059], [-121.837937010311, 38.1821563418323], [-121.839702104444, 38.1810139706056], [-121.841467144577, 38.1798715713789], [-121.843232129709, 38.1787291461523], [-121.844997058842, 38.1775866939257], [-121.846761933975, 38.176444214699], [-121.848526753108, 38.1753017094724], [-121.850291518241, 38.1741591772458], [-121.852056227373, 38.1730166180192], [-121.853820881506, 38.1718740317926], [-121.855585480639, 38.170731419566], [-121.857350023772, 38.1695887793394], [-121.859114512904, 38.1684461141129], [-121.860878947037, 38.1673034208864], [-121.86264332517, 38.1661607016598], [-121.864407649302, 38.1650179544333], [-121.866171917435, 38.1638751822068], [-121.867936131567, 38.1627323819803], [-121.8697002897, 38.1615895557538], [-121.871464392833, 38.1604467025274], [-121.873228440965, 38.1593038223009], [-121.874992434098, 38.1581609160745], [-121.87675637223, 38.1570179828481], [-121.878520255363, 38.1558750226216], [-121.880284083495, 38.1547320353952], [-121.882047856628, 38.1535890221689], [-121.88381157376, 38.1524459819425], [-121.885575236892, 38.1513029147161], [-121.887338845025, 38.1501598214898], [-121.889102397157, 38.1490167012634], [-121.89086589529, 38.1478735540371], [-121.892629337422, 38.1467303808108], [-121.894392725554, 38.1455871795845], [-121.896156057687, 38.1444439523582], [-121.897919335819, 38.143300699132], [-121.899682557951, 38.1421574189057], [-121.901445725083, 38.1410141116794], [-121.903208837216, 38.1398707774532], [-121.904971895348, 38.138727417227], [-121.90673489748, 38.1375840300008], [-121.908497844612, 38.1364406157746], [-121.910260736745, 38.1352971755485], [-121.912023574877, 38.1341537083223], [-121.913786357009, 38.1330102140961], [-121.915549084141, 38.13186669287], [-121.917311756273, 38.1307231456438], [-121.919074373405, 38.1295795724177], [-121.920836936537, 38.1284359711916], [-121.922599443669, 38.1272923439655], [-121.924361895801, 38.1261486897394], [-121.926124292933, 38.1250050095134], [-121.928364444237, 38.1246952893213], [-121.930604575541, 38.1243855261292], [-121.932844688845, 38.1240757199371], [-121.935084783149, 38.123765871745], [-121.937324858453, 38.1234559805529], [-121.939564913756, 38.1231460463608], [-121.94180495106, 38.1228360691688], [-121.944044969364, 38.1225260499767], [-121.946284969667, 38.1222159877846], [-121.948524949971, 38.1219058825925], [-121.950764911275, 38.1215957354004], [-121.953004853578, 38.1212855442084], [-121.955244776882, 38.1209753110163], [-121.957484682185, 38.1206650358242], [-121.959724567489, 38.1203547166321], [-121.961964433792, 38.1200443554401], [-121.964204282095, 38.119733951248], [-121.966444110399, 38.1194235050559], [-121.968683920702, 38.1191130158639], [-121.970923711005, 38.1188024836718], [-121.973163483309, 38.1184919084797], [-121.975403235612, 38.1181812912876], [-121.977642969915, 38.1178706300955], [-121.979882685218, 38.1175599279035], [-121.982122380521, 38.1172491817114], [-121.984362057824, 38.1169383935194], [-121.986601716127, 38.1166275623274], [-121.98884135443, 38.1163166881352], [-121.991080974733, 38.1160057719432], [-121.993320576036, 38.1156948127512], [-121.995560157339, 38.1153838105591], [-121.997799720642, 38.115072766367], [-122.000039264945, 38.114761678175], [-122.002278789248, 38.114450547983], [-122.004518295551, 38.1141393757909], [-122.006757782853, 38.1138281595988], [-122.008997251156, 38.1135169014068], [-122.011236699459, 38.1132056012147], [-122.013476129761, 38.1128942570227], [-122.015715541064, 38.1125828708306], [-122.017954932367, 38.1122714416386], [-122.020194305669, 38.1119599704465], [-122.022433658972, 38.1116484562545], [-122.024672994274, 38.1113368990625], [-122.026912310577, 38.1110252988704], [-122.029151606879, 38.1107136566784], [-122.031390885181, 38.1104019714863], [-122.033630143484, 38.1100902432943], [-122.035869383786, 38.1097784731023], [-122.038108604088, 38.1094666599103], [-122.040347805391, 38.1091548037182], [-122.042586988693, 38.1088429055262], [-122.044826151995, 38.1085309633342], [-122.047065296297, 38.1082189801421], [-122.049304421599, 38.1079069529501], [-122.051543527901, 38.107594883758], [-122.053782616203, 38.107282771566], [-122.056021684505, 38.106970617374], [-122.058260733808, 38.106658419182], [-122.060499763109, 38.1063461789899], [-122.062738774411, 38.1060338967979], [-122.064977766713, 38.1057215706059], [-122.067216740015, 38.1054092024139], [-122.069455693317, 38.1050967922219], [-122.071694628619, 38.1047843390298], [-122.073933544921, 38.1044718428378], [-122.076172441222, 38.1041593036458], [-122.078411318524, 38.1038467214538], [-122.080650177826, 38.1035340972618], [-122.082889017127, 38.1032214310698], [-122.085127837429, 38.1029087208778], [-122.08736663873, 38.1025959686858], [-122.089605421032, 38.1022831744937], [-122.091844184333, 38.1019703363017], [-122.094082928635, 38.1016574561098], [-122.096321652936, 38.1013445329177], [-122.098560359238, 38.1010315677258], [-122.100799045539, 38.1007185595337], [-122.10303771384, 38.1004055083418], [-122.105276362142, 38.1000924151498], [-122.107514991443, 38.0997792789578], [-122.109753601744, 38.0994660997657], [-122.111992193045, 38.0991528785737], [-122.114230765347, 38.0988396133817], [-122.116469318648, 38.0985263071897], [-122.118707851949, 38.0982129569978], [-122.12094636725, 38.0978995648058], [-122.123184862551, 38.0975861306138], [-122.125423338852, 38.0972726524218], [-122.127661796153, 38.0969591322298], [-122.129900234454, 38.0966455700378], [-122.132138653755, 38.0963319638458], [-122.134377054056, 38.0960183156539], [-122.136615435357, 38.0957046254619], [-122.138853796657, 38.0953908912699], [-122.141092138958, 38.0950771150779], [-122.143330463259, 38.094763296886], [-122.14556876756, 38.0944494346939], [-122.147070337944, 38.0957793596922], [-122.148571962329, 38.0971092646905], [-122.150073641714, 38.0984391496887], [-122.151340669039, 38.0995611696871]]]}}, {"type": "Feature", "properties": {"name": "A-683", "type": "SUA"}, "geometry": {"type": "Polygon", "coordinates": [[[-97.2729048224473, 37.5333398978224], [-97.283619111199, 37.5333398972188], [-97.283619135125, 37.8000066090705], [-97.2729048463694, 37.8000066096817], [-97.2621905586133, 37.8000066102928], [-97.2514762698569, 37.8000066109038], [-97.2407619811001, 37.8000066115147], [-97.2300476933429, 37.8000066121255], [-97.2193334045852, 37.8000066127361], [-97.2086191158272, 37.8000066133467], [-97.1979048270689, 37.8000066139572], [-97.1871905393101, 37.8000066145676], [-97.1764762505509, 37.8000066151779], [-97.1657619617913, 37.8000066157881], [-97.1550476740313, 37.8000066163982], [-97.144333385271, 37.8000066170082], [-97.1336190965102, 37.800006617618], [-97.1336190726395, 37.5333399056601], [-97.1443333613964, 37.5333399050578], [-97.1550476501528, 37.5333399044554], [-97.1657619379088, 37.5333399038529], [-97.1764762266644, 37.5333399032503], [-97.1871905154196, 37.5333399026476], [-97.1979048031745, 37.5333399020448], [-97.2086190919289, 37.5333399014419], [-97.219333380683, 37.5333399008389], [-97.2300476694366, 37.5333399002358], [-97.2407619571899, 37.5333398996326], [-97.2514762459428, 37.5333398990293], [-97.2621905346953, 37.5333398984259], [-97.2729048224473, 37.5333398978224]]]}}, {"type": "Feature", "properties": {"name": "A-685", "type": "SUA"}, "geometry": {"type": "Polygon", "coordinates": [[[-84.1156062672098, 34.5063307106582], [-84.117781943841, 34.5063229565734], [-84.119957619473, 34.5063307104918], [-84.1221331351059, 34.5063539684135], [-84.1243083287394, 34.5063927303385], [-84.1264830403738, 34.5064469942668], [-84.1286571080087, 34.5065167541984], [-84.1308303716444, 34.5066020061332], [-84.1330026712805, 34.5067027440714], [-84.1351738449172, 34.5068189590129], [-84.1373437335544, 34.5069506439578], [-84.139512175192, 34.5070977889058], [-84.1416790098301, 34.5072603818573], [-84.1438440784684, 34.507438411812], [-84.146007220107, 34.5076318657701], [-84.1481682737459, 34.5078407287315], [-84.150327082385, 34.5080649856963], [-84.1524834840242, 34.5083046196644], [-84.1546373196635, 34.5085596136358], [-84.1567884303029, 34.5088299486106], [-84.1589366569424, 34.5091156035886], [-84.1610818405817, 34.50941655857], [-84.163223823221, 34.5097327905549], [-84.1653624448602, 34.510064276543], [-84.1674975484991, 34.5104109925344], [-84.1696289771379, 34.5107729115292], [-84.1717565707764, 34.5111500085274], [-84.1738801734145, 34.5115422535289], [-84.1759996280523, 34.5119496195337], [-84.1781147776897, 34.5123720755419], [-84.1802254653266, 34.5128095895534], [-84.182331535963, 34.5132621305683], [-84.1844328325989, 34.5137296645865], [-84.1865292012342, 34.5142121566081], [-84.1886204848687, 34.5147095716329], [-84.1907065295026, 34.5152218726612], [-84.1927871821359, 34.5157490216927], [-84.1948622867682, 34.5162909797276], [-84.1969316903998, 34.5168477057658], [-84.1989952400305, 34.5174191608073], [-84.2010527836602, 34.5180053008522], [-84.203104168289, 34.5186060829003], [-84.2051492419167, 34.5192214619518], [-84.2071878525434, 34.5198513940066], [-84.209219851169, 34.5204958320647], [-84.2112450857935, 34.5211547271261], [-84.2132634064167, 34.5218280311908], [-84.2152746640386, 34.5225156952588], [-84.2172787096593, 34.52321766733], [-84.2192753952787, 34.5239338964046], [-84.2212645718966, 34.5246643284825], [-84.2232460935131, 34.5254089105635], [-84.2252198121281, 34.5261675866479], [-84.2271855817417, 34.5269403007355], [-84.2291432573536, 34.5277269968264], [-84.2310926929639, 34.5285276149204], [-84.2330337455726, 34.5293420970178], [-84.2349662691796, 34.5301703821183], [-84.2368901227848, 34.5310124092221], [-84.2388051613883, 34.5318681163291], [-84.2407112459899, 34.5327374404393], [-84.2426082325896, 34.5336203155528], [-84.2444959811874, 34.5345166776693], [-84.2463743527833, 34.5354264607891], [-84.248243206377, 34.536349596912], [-84.2501024049688, 34.5372860170381], [-84.2519518105585, 34.5382356531673], [-84.253791284146, 34.5391984342997], [-84.2556206917314, 34.5401742894352], [-84.2574398953144, 34.5411631455739], [-84.2592487608953, 34.5421649307156], [-84.2610471544738, 34.5431795698604], [-84.2628349420499, 34.5442069880084], [-84.2646119906237, 34.5452471091593], [-84.2663781691951, 34.5462998563134], [-84.2681333457639, 34.5473651514705], [-84.2698773903302, 34.5484429166308], [-84.271610172894, 34.5495330697939], [-84.2733315644551, 34.5506355329602], [-84.2750414390135, 34.5517502221294], [-84.2767396675693, 34.5528770563016], [-84.2784261241224, 34.5540159514767], [-84.2801006836727, 34.555166823655], [-84.2817632222202, 34.556329586836], [-84.2834136147648, 34.5575041550201], [-84.2850517403065, 34.5586904422071], [-84.2866774748453, 34.559888359397], [-84.2882906993811, 34.5610978185898], [-84.2898912929139, 34.5623187297855], [-84.2914791364436, 34.563551001984], [-84.2930541119703, 34.5647945451854], [-84.2946161024938, 34.5660492663896], [-84.2961649910142, 34.5673150735967], [-84.2977006625313, 34.5685918708066], [-84.2992230020452, 34.5698795660192], [-84.3007318975558, 34.5711780622347], [-84.3022272350631, 34.5724872634528], [-84.303708904567, 34.5738070726738], [-84.3051767940676, 34.5751373928975], [-84.3066307955647, 34.5764781241239], [-84.3080708000583, 34.577829168353], [-84.3094966995484, 34.5791904245847], [-84.310908388035, 34.5805617918191], [-84.312305760518, 34.5819431690562], [-84.3136887119974, 34.5833344532959], [-84.3150571404731, 34.5847355415382], [-84.3164109429452, 34.586146329783], [-84.3177500184135, 34.5875667140305], [-84.3190742658781, 34.5889965882805], [-84.3203835883388, 34.5904358475331], [-84.3216778857958, 34.5918843837881], [-84.3229570632489, 34.5933420900457], [-84.3242210236981, 34.5948088573057], [-84.3254696741434, 34.5962845795682], [-84.3267029195847, 34.5977691438331], [-84.327920669022, 34.5992624431004], [-84.3291228304554, 34.6007643643702], [-84.3303093138846, 34.6022747976423], [-84.3314800303098, 34.6037936299168], [-84.3326348927309, 34.6053207481936], [-84.3337738151478, 34.6068560404728], [-84.3348967095605, 34.6083993927542], [-84.336003494969, 34.6099506890379], [-84.3370940853733, 34.6115098153239], [-84.3381684017733, 34.6130766566121], [-84.3392263611689, 34.6146510949025], [-84.3402678855603, 34.6162330141951], [-84.3412928959474, 34.6178222964899], [-84.3423013153299, 34.6194188247868], [-84.3432930687081, 34.6210224800859], [-84.3442680800819, 34.622633143387], [-84.3452262774512, 34.6242506956902], [-84.346167588816, 34.6258750149955], [-84.3470919421762, 34.6275059833028], [-84.3479992675319, 34.6291434776122], [-84.348889498883, 34.6307873769235], [-84.3497625662296, 34.6324375592368], [-84.3506184065714, 34.634093901552], [-84.3514569529086, 34.6357562818692], [-84.3522781432412, 34.6374245751882], [-84.353081914569, 34.6390986595091], [-84.3538682068921, 34.6407784088319], [-84.3546369602104, 34.6424636991565], [-84.355388117524, 34.6441544044829], [-84.3561216208327, 34.6458503998111], [-84.3568374151366, 34.6475515601411], [-84.3575354454357, 34.6492577564727], [-84.3582156587298, 34.6509688648061], [-84.3588780050192, 34.6526847561411], [-84.3595224323035, 34.6544053034778], [-84.360148891583, 34.6561303798162], [-84.3607573358574, 34.6578598551561], [-84.3613477191269, 34.6595936024976], [-84.3619199953914, 34.6613314918407], [-84.3624741216509, 34.6630733951853], [-84.3630100549053, 34.6648191815314], [-84.3635277551547, 34.666568722879], [-84.364027182399, 34.6683218872281], [-84.3645082976382, 34.6700785455785], [-84.3649710638723, 34.6718385669304], [-84.3654154471012, 34.6736018202836], [-84.365841411325, 34.6753681736383], [-84.3662489245436, 34.6771374979941], [-84.3666379557571, 34.6789096593514], [-84.3670084739653, 34.6806845267098], [-84.3673604511684, 34.6824619680696], [-84.3676938583662, 34.6842418514305], [-84.3680086715587, 34.6860240437926], [-84.3683048657461, 34.6878084131559], [-84.368582416928, 34.6895948255203], [-84.3688413031048, 34.6913831498859], [-84.3690815042762, 34.6931732522525], [-84.3693030014423, 34.6949649986202], [-84.3695057776031, 34.6967582569889], [-84.3696898147585, 34.6985528933586], [-84.3698550989086, 34.7003487737293], [-84.3700016170533, 34.7021457641009], [-84.3701293561927, 34.7039437314734], [-84.3702383063266, 34.7057425418469], [-84.3703284574552, 34.7075420612211], [-84.3703998015783, 34.7093421555963], [-84.3704523326961, 34.7111426899722], [-84.3704860458084, 34.712943532349], [-84.3705009369153, 34.7147445467264], [-84.3704970030167, 34.7165456001046], [-84.3704742441127, 34.7183465574835], [-84.3704326602032, 34.7201472848631], [-84.3703722532883, 34.7219476482433], [-84.3702930273678, 34.7237475136242], [-84.3701949854419, 34.7255467470056], [-84.3700781355106, 34.7273452143875], [-84.3699424835737, 34.72914278077], [-84.3697880396313, 34.730939313153], [-84.3696148126834, 34.7327346775364], [-84.3694228157301, 34.7345287399204], [-84.3692120607712, 34.7363213673047], [-84.3689825628068, 34.7381124246894], [-84.3687343378369, 34.7399017790745], [-84.3684674038614, 34.7416892974599], [-84.3681817778805, 34.7434748468455], [-84.367877480894, 34.7452582932315], [-84.367554534902, 34.7470395036178], [-84.3672129619044, 34.7488183460041], [-84.3668527859014, 34.7505946873908], [-84.3664740338928, 34.7523683947776], [-84.3660767328787, 34.7541393371645], [-84.3656609098591, 34.7559073805515], [-84.3652265948339, 34.7576723949385], [-84.3647738208032, 34.7594342473257], [-84.3643026187669, 34.7611928067128], [-84.3638130237252, 34.7629479420999], [-84.363305069678, 34.764699522487], [-84.3627787946252, 34.766447416874], [-84.3622342355669, 34.768191495261], [-84.3616714335031, 34.7699316266477], [-84.3610904274338, 34.7716676830344], [-84.3604912613591, 34.7733995324208], [-84.3598739782788, 34.775127046807], [-84.3592386221929, 34.776850098193], [-84.3585852411017, 34.7785685555787], [-84.3579138810049, 34.7802822929641], [-84.3572245919027, 34.7819911813493], [-84.3565174237951, 34.783695092734], [-84.3557924286819, 34.7853939001183], [-84.3550496595634, 34.7870874775023], [-84.3542891694393, 34.7887756978858], [-84.3535110163099, 34.7904584352688], [-84.352715256175, 34.7921355636514], [-84.3519019470347, 34.7938069580333], [-84.3510711488891, 34.7954724934148], [-84.350222922738, 34.7971320447957], [-84.3493573315815, 34.7987854891759], [-84.3484744374197, 34.8004327035555], [-84.3475743072525, 34.8020735629345], [-84.3466570050799, 34.8037079463127], [-84.345722599902, 34.8053357306903], [-84.3447711607188, 34.8069567950671], [-84.3438027575303, 34.8085710184431], [-84.3428174603365, 34.8101782798183], [-84.3418153431374, 34.8117784581926], [-84.3407964799331, 34.8133714345661], [-84.3397609447235, 34.8149570909388], [-84.3387088155086, 34.8165353073104], [-84.3376401682885, 34.8181059666812], [-84.3365550840632, 34.819668951051], [-84.3354536408328, 34.8212241444198], [-84.3343359225972, 34.8227714287875], [-84.3332020093564, 34.8243106901542], [-84.3320519861104, 34.8258418125198], [-84.3308859388594, 34.8273646818843], [-84.3297039526032, 34.8288791842477], [-84.3285061153419, 34.8303852056098], [-84.3272925160756, 34.8318826349709], [-84.3260632448043, 34.8333713583306], [-84.3248183925279, 34.8348512656892], [-84.3235580502464, 34.8363222460464], [-84.3222823139601, 34.8377841884025], [-84.3209912756687, 34.8392369847571], [-84.3196850333724, 34.8406805261105], [-84.3183636820712, 34.8421147044624], [-84.3170273217651, 34.8435394118129], [-84.3156760504541, 34.844954542162], [-84.3143099681382, 34.8463599895097], [-84.3129291778175, 34.8477556478558], [-84.311533780492, 34.8491414142005], [-84.3101238811618, 34.8505171845437], [-84.3086995838267, 34.8518828548852], [-84.307260994487, 34.8532383242253], [-84.3058082201424, 34.8545834895637], [-84.3043413697933, 34.8559182519004], [-84.3028605514394, 34.8572425102355], [-84.301365875081, 34.8585561655689], [-84.2998574527178, 34.8598591199006], [-84.2983353973502, 34.8611512762307], [-84.296799819978, 34.8624325355589], [-84.2952508376013, 34.8637028048853], [-84.2936885642199, 34.86496198721], [-84.2921131158343, 34.8662099885328], [-84.2905246104441, 34.8674467148538], [-84.2889231670495, 34.8686720751728], [-84.2873089046506, 34.86988597649], [-84.2856819422473, 34.8710883278053], [-84.2840424028396, 34.8722790401186], [-84.2823904084276, 34.87345802343], [-84.2807260820115, 34.8746251887393], [-84.279049547591, 34.8757804500466], [-84.2773609301664, 34.8769237203519], [-84.2756603557375, 34.8780549126551], [-84.2739479513046, 34.8791739449563], [-84.2722238458675, 34.8802807302554], [-84.2704881664263, 34.8813751885523], [-84.2687410429812, 34.882457235847], [-84.2669826065319, 34.8835267911396], [-84.2652129890788, 34.8845837754299], [-84.2634323206217, 34.8856281087181], [-84.2616407361606, 34.8866597130041], [-84.2598383696957, 34.8876785102877], [-84.258025354227, 34.8886844255691], [-84.2562018267544, 34.8896773818482], [-84.2543679232781, 34.8906573061249], [-84.252523779798, 34.8916241243993], [-84.2506695353142, 34.8925777636714], [-84.2488053288268, 34.8935181539411], [-84.2469312993358, 34.8944452222083], [-84.2450475858411, 34.8953589014732], [-84.2431543313429, 34.8962591217356], [-84.2412516758412, 34.8971458169954], [-84.239339762336, 34.8980189182529], [-84.2374187338273, 34.8988783625078], [-84.2354887343153, 34.8997240847602], [-84.2335499087998, 34.9005560200101], [-84.2316024002811, 34.9013741082574], [-84.229646356759, 34.9021782865022], [-84.2276819232338, 34.9029684947443], [-84.2257092477052, 34.9037446739838], [-84.2237284781735, 34.9045067652206], [-84.2217397616388, 34.9052547124549], [-84.2197432481009, 34.9059884596864], [-84.2177390865599, 34.9067079509153], [-84.2157274280159, 34.9074131331415], [-84.213708421469, 34.9081039523649], [-84.2116822199191, 34.9087803575857], [-84.2096489743663, 34.9094422968036], [-84.2076088378107, 34.9100897230188], [-84.2055619622524, 34.9107225852312], [-84.2035085016912, 34.9113408364408], [-84.2014486091272, 34.9119444306476], [-84.1993824405606, 34.9125333228516], [-84.1973101489914, 34.9131074690526], [-84.1952318914196, 34.9136668242508], [-84.1931478228452, 34.9142113494462], [-84.1910580992684, 34.9147410016387], [-84.188962878689, 34.9152557408282], [-84.1868623161072, 34.9157555300149], [-84.1847565715231, 34.9162403311986], [-84.1826457999366, 34.9167101073793], [-84.1805301623477, 34.9171648245572], [-84.1784098157567, 34.9176044467319], [-84.1762849201635, 34.9180289419037], [-84.1741556345681, 34.9184382790725], [-84.1720221189706, 34.9188324262383], [-84.169884532371, 34.9192113534011], [-84.1677430357693, 34.9195750345608], [-84.1655977901658, 34.9199234397174], [-84.1634489565602, 34.9202565448711], [-84.1612966959528, 34.9205743230216], [-84.1591411693436, 34.920876752169], [-84.1569825387325, 34.9211638083134], [-84.1548209661197, 34.9214354704546], [-84.1526566135052, 34.9216917185927], [-84.150489643889, 34.9219325327277], [-84.1483202202712, 34.9221578948595], [-84.1461485036518, 34.9223677889882], [-84.1439746590309, 34.9225621981137], [-84.1417988484086, 34.922741108236], [-84.1396212347848, 34.9229045063552], [-84.1374419821596, 34.9230523794712], [-84.1352612535331, 34.9231847165839], [-84.1330792139053, 34.9233015086935], [-84.1308960262763, 34.9234027457998], [-84.1287118536461, 34.923488420903], [-84.1265268610147, 34.9235585270029], [-84.1243412113823, 34.9236130600995], [-84.1221550707487, 34.9236520151929], [-84.1199686011142, 34.9236753892831], [-84.1177819674787, 34.92368318137], [-84.1155953338424, 34.9236753894536], [-84.1134088642052, 34.9236520155339], [-84.1112227225671, 34.923613060611], [-84.1090370739283, 34.9235585276848], [-84.1068520812888, 34.9234884217553], [-84.1046679086486, 34.9234027468224], [-84.1024847200078, 34.9233015098863], [-84.1003026803664, 34.9231847179469], [-84.0981219527245, 34.9230523810042], [-84.0959427000822, 34.9229045080581], [-84.0937650864394, 34.9227411101087], [-84.0915892757962, 34.922562200156], [-84.0894154301527, 34.9223677912001], [-84.0872437145089, 34.9221578972407], [-84.0850742898649, 34.921932535278], [-84.0829073202207, 34.9216917213119], [-84.0807429685764, 34.9214354733426], [-84.078581395932, 34.9211638113699], [-84.0764227652876, 34.9208767553938], [-84.0742672386431, 34.9205743264143], [-84.0721149779987, 34.9202565484316], [-84.0699661433545, 34.9199234434454], [-84.0678208977104, 34.919575038456], [-84.0656794020665, 34.9192113574632], [-84.0635418154228, 34.918832430467], [-84.0614082987795, 34.9184382834674], [-84.0592790131365, 34.9180289464646], [-84.0571541174939, 34.9176044514583], [-84.0550337708518, 34.9171648294487], [-84.0529181332101, 34.9167101124357], [-84.050807362569, 34.9162403364194], [-84.0487016169285, 34.9157555353997], [-84.0466010552887, 34.9152557463767], [-84.0445058336495, 34.9147410073504], [-84.0424161110111, 34.9142113553206], [-84.0403320423734, 34.9136668302876], [-84.0382537837366, 34.9131074752512], [-84.0361814931007, 34.9125333292114], [-84.0341153244656, 34.9119444371684], [-84.0320554318317, 34.9113408431219], [-84.0300019711986, 34.9107225920721], [-84.0279550955667, 34.9100897300191], [-84.0259149579359, 34.9094423039626], [-84.0238817123063, 34.9087803649029], [-84.0218555106779, 34.9081039598398], [-84.0198365050507, 34.9074131407735], [-84.0178248464249, 34.9067079587038], [-84.0158206848005, 34.9059884676308], [-84.0138241711774, 34.9052547205545], [-84.0118354545558, 34.904506773475], [-84.0098546839356, 34.9037446823921], [-84.0078820083171, 34.902968503306], [-84.0059175757001, 34.9021782952166], [-84.0039615310848, 34.901374117124], [-84.0020140234711, 34.900556029028], [-84.0000751968592, 34.8997240939288], [-83.9981451972491, 34.8988783718264], [-83.9962241686407, 34.8980189277207], [-83.9943122560343, 34.8971458266118], [-83.9924096004298, 34.8962591314997], [-83.9905163448272, 34.8953589113843], [-83.9886326322267, 34.8944452322658], [-83.9867586026281, 34.893518164144], [-83.9848943950317, 34.8925777740191], [-83.9830401514375, 34.8916241348909], [-83.9811960078454, 34.8906573167596], [-83.9793621042556, 34.8896773926252], [-83.9775385756679, 34.8886844364876], [-83.9757255610827, 34.8876785213469], [-83.9739231934999, 34.886659724203], [-83.9721316089194, 34.885628120056], [-83.9703509413414, 34.8845837869059], [-83.9685813227658, 34.8835268027527], [-83.9668228871928, 34.8824572475964], [-83.9650757636224, 34.881375200437], [-83.9633400840546, 34.8802807422746], [-83.9616159774896, 34.8791739571091], [-83.9599035739272, 34.8780549249406], [-83.9582029993675, 34.8769237327691], [-83.9565143818107, 34.8757804625945], [-83.9548378472566, 34.8746252014169], [-83.9531735197055, 34.8734580362364], [-83.9515215251573, 34.8722790530529], [-83.949881985612, 34.8710883408664], [-83.9482550240698, 34.869885989677], [-83.9466407605305, 34.8686720884846], [-83.9450393169944, 34.8674467282894], [-83.9434508114614, 34.8662100020912], [-83.9418753639316, 34.8649620008901], [-83.940313090405, 34.8637028186861], [-83.9387641068815, 34.8624325494793], [-83.9372285303615, 34.8611512902697], [-83.9357064738447, 34.8598591340572], [-83.9341980523313, 34.8585561798419], [-83.9327033758212, 34.8572425246238], [-83.9312225573147, 34.8559182664029], [-83.9297557058115, 34.8545835041793], [-83.9283029323119, 34.853238338953], [-83.9268643428159, 34.8518828697238], [-83.9254400453234, 34.850517199492], [-83.9240301458346, 34.8491414292575], [-83.9226347483494, 34.8477556630202], [-83.9212539568679, 34.8463600047804], [-83.9198878753902, 34.8449545575379], [-83.9185366039163, 34.8435394272928], [-83.9172002424461, 34.8421147200451], [-83.9158788919797, 34.8406805417947], [-83.9145726485173, 34.8392370005418], [-83.9132816110587, 34.8377842042864], [-83.9120058736041, 34.8363222620284], [-83.9107455321535, 34.834851281768], [-83.9095006787069, 34.8333713745049], [-83.9082714072644, 34.8318826512395], [-83.9070578078259, 34.8303852219716], [-83.9058599703916, 34.8288792007013], [-83.9046779849613, 34.8273646984285], [-83.9035119365352, 34.8258418291534], [-83.9023619141134, 34.8243107068759], [-83.9012280006958, 34.822771445596], [-83.9001102812825, 34.8212241613138], [-83.8990088388734, 34.8196689680293], [-83.8979237534687, 34.8181059837425], [-83.8968551070684, 34.8165353244535], [-83.8958029766725, 34.8149571081622], [-83.8947674422809, 34.8133714518686], [-83.8937485788939, 34.8117784755729], [-83.8927464615113, 34.810178297275], [-83.8917611641332, 34.8085710359749], [-83.8907927597597, 34.8069568126727], [-83.8898413203907, 34.8053357483684], [-83.8889069150263, 34.803707964062], [-83.8879896136665, 34.8020735807536], [-83.8870894823114, 34.800432721443], [-83.8862065889609, 34.7987855071305], [-83.8853409966152, 34.797132062816], [-83.8844927702742, 34.7954725114995], [-83.8836619729379, 34.793806976181], [-83.8828486636064, 34.7921355818607], [-83.8820529022796, 34.7904584535384], [-83.8812747489578, 34.7887757162143], [-83.8805142596407, 34.7870874958883], [-83.8797714903285, 34.7853939185604], [-83.8790464940213, 34.7836951112308], [-83.8783393257189, 34.7819911998994], [-83.8776500364215, 34.7802823115662], [-83.876978677129, 34.7785685742313], [-83.8763252948415, 34.7768501168948], [-83.875689939559, 34.7751270655565], [-83.8750726552816, 34.7733995512166], [-83.8744734890091, 34.771667701875], [-83.8738924837418, 34.7699316455318], [-83.8733296804795, 34.7681915141871], [-83.8727851222223, 34.7664474358409], [-83.8722588469703, 34.764699541493], [-83.8717508927234, 34.7629479611437], [-83.8712612964816, 34.7611928257929], [-83.8707900952451, 34.7594342664407], [-83.8703373200137, 34.7576724140871], [-83.8699030057875, 34.755907399732], [-83.8694871825666, 34.7541393563757], [-83.8690898803509, 34.7523684140179], [-83.8687111281405, 34.7505947066588], [-83.8683509529353, 34.7488183652985], [-83.8680093797354, 34.7470395229369], [-83.8676864335408, 34.7452583125741], [-83.8673821363516, 34.74347486621], [-83.8670965101677, 34.7416893168449], [-83.8668295749891, 34.7399017984785], [-83.8665813498159, 34.738112444111], [-83.866351852648, 34.7363213867424], [-83.8661410974855, 34.7345287593728], [-83.8659491003285, 34.7327346970021], [-83.8657758731768, 34.7309393326304], [-83.8656214280306, 34.7291428002577], [-83.8654857768897, 34.7273452338841], [-83.8653689257543, 34.7255467665095], [-83.8652708846244, 34.7237475331341], [-83.8651916574999, 34.7219476677578], [-83.8651312503809, 34.7201473043806], [-83.8650896672673, 34.7183465770026], [-83.8650669081593, 34.7165456196238], [-83.8650629740567, 34.7147445662443], [-83.8650778649596, 34.7129435518641], [-83.865111577868, 34.7111427094831], [-83.8651641087819, 34.7093421751015], [-83.8652354527013, 34.7075420807192], [-83.8653256036262, 34.7057425613363], [-83.8654345535568, 34.7039437509528], [-83.8655622924928, 34.7021457835688], [-83.8657088094343, 34.7003487931843], [-83.8658740943814, 34.6985529127992], [-83.866058131334, 34.6967582764136], [-83.8662609062922, 34.6949650180277], [-83.8664824032559, 34.6931732716413], [-83.8667226052251, 34.6913831692546], [-83.8669814912, 34.6895948448674], [-83.8672590421803, 34.68780843248], [-83.8675552351662, 34.6860240630922], [-83.8678700481577, 34.6842418707042], [-83.8682034561547, 34.682461987316], [-83.8685554321573, 34.6806845459275], [-83.8689259501654, 34.6789096785389], [-83.8693149811791, 34.6771375171501], [-83.8697224941983, 34.6753681927612], [-83.8701484592231, 34.6736018393722], [-83.8705928412534, 34.6718385859832], [-83.8710556082893, 34.6700785645941], [-83.8715367233307, 34.668321906205], [-83.8720361503776, 34.6665687418159], [-83.8725538494301, 34.6648192004269], [-83.8730897834881, 34.6630734140379], [-83.8736439095516, 34.6613315106491], [-83.8742161856207, 34.6595936212605], [-83.8748065676952, 34.6578598738719], [-83.8754150117752, 34.6561303984836], [-83.8760414718608, 34.6544053220955], [-83.8766858989518, 34.6526847747077], [-83.8773482440483, 34.6509688833202], [-83.8780284581504, 34.649257774933], [-83.8787264882578, 34.6475515785461], [-83.8794422813707, 34.6458504181596], [-83.8801757844891, 34.6441544227735], [-83.8809269416129, 34.6424637173878], [-83.8816956957422, 34.6407784270026], [-83.8824819878768, 34.6390986776179], [-83.8832857590169, 34.6374245932337], [-83.8841069491624, 34.6357562998501], [-83.8849454953132, 34.634093919467], [-83.8858013344695, 34.6324375770845], [-83.8866744026311, 34.6307873947027], [-83.887564632798, 34.6291434953216], [-83.8884719589703, 34.627506000941], [-83.889396312148, 34.6258750325613], [-83.8903376223309, 34.6242507131823], [-83.8912958195192, 34.6226331608041], [-83.8922708317126, 34.6210224974266], [-83.8932625849114, 34.61941884205], [-83.8942710041154, 34.6178223136743], [-83.8952960143247, 34.6162330312995], [-83.8963375385392, 34.6146511119255], [-83.8973954977589, 34.6130766735525], [-83.8984698129838, 34.6115098321805], [-83.8995604042138, 34.6099507058095], [-83.900667188449, 34.6083994094395], [-83.9017900836893, 34.6068560570706], [-83.9029290049347, 34.6053207647028], [-83.9040838671853, 34.603793646336], [-83.9052545844409, 34.6022748139705], [-83.9064410677016, 34.600764380606], [-83.9076432289673, 34.5992624592428], [-83.908860977238, 34.5977691598808], [-83.9100942235138, 34.59628459552], [-83.9113428727945, 34.5948088731605], [-83.9126068340801, 34.5933421058024], [-83.9138860103707, 34.5918843994455], [-83.9151803086662, 34.59043586309], [-83.9164896299666, 34.5889966037358], [-83.9178138782719, 34.5875667293831], [-83.919152953582, 34.5861463450319], [-83.9205067548969, 34.5847355566821], [-83.9218751832166, 34.5833344683338], [-83.9232581355411, 34.5819431839869], [-83.9246555078703, 34.5805618066417], [-83.9260671962043, 34.579190439298], [-83.9274930955429, 34.5778291829559], [-83.9289330988862, 34.5764781386154], [-83.9303871002341, 34.5751374072765], [-83.9318549905867, 34.5738070869393], [-83.9333366589439, 34.5724872776038], [-83.9348319963056, 34.57117807627], [-83.9363408916719, 34.569879579938], [-83.9378632320427, 34.5685918846077], [-83.939398902418, 34.5673150872792], [-83.9409477907976, 34.5660492799525], [-83.9425097811818, 34.5647945586277], [-83.9440847565703, 34.5635510153047], [-83.9456725999632, 34.5623187429837], [-83.9472731933605, 34.5610978316645], [-83.948886417762, 34.5598883723473], [-83.9505121531678, 34.558690455032], [-83.9521502775779, 34.5575041677187], [-83.9538006709922, 34.5563295994074], [-83.9554632094106, 34.5551668360982], [-83.9571377688333, 34.554015963791], [-83.95882422526, 34.5528770684858], [-83.9605224536908, 34.5517502341828], [-83.9622323271257, 34.550635544882], [-83.9639537195646, 34.5495330815832], [-83.9656865020075, 34.5484429282866], [-83.9674305464544, 34.5473651629922], [-83.9691857229052, 34.5462998677], [-83.9709519003598, 34.54524712041], [-83.9727289498184, 34.5442069991223], [-83.9745167372807, 34.5431795808369], [-83.9763151297469, 34.5421649415537], [-83.9781239962168, 34.5411631562729], [-83.9799431996904, 34.5401742999944], [-83.9817726061676, 34.5391984447183], [-83.9836120806486, 34.5382356634445], [-83.9854614851332, 34.5372860271732], [-83.9873206836213, 34.5363496069043], [-83.989189538113, 34.5354264706378], [-83.9910679096081, 34.5345166873738], [-83.9929556581068, 34.5336203251122], [-83.9948526446088, 34.5327374498531], [-83.9967587281143, 34.5318681255966], [-83.998673767623, 34.5310124183425], [-84.0005976201352, 34.5301703910911], [-84.0025301446506, 34.5293421058422], [-84.0044711961692, 34.5285276235959], [-84.0064206326911, 34.5277270053523], [-84.008378308216, 34.5269403091112], [-84.0103440777442, 34.5261675948728], [-84.0123177962754, 34.5254089186371], [-84.0142993178096, 34.5246643364041], [-84.0162884943468, 34.5239339041737], [-84.0182851788871, 34.523217674946], [-84.0202892254302, 34.5225157027211], [-84.0223004829762, 34.5218280384989], [-84.024318803525, 34.5211547342795], [-84.0263440380767, 34.5204958390629], [-84.0283760356311, 34.5198514008491], [-84.0304146471882, 34.5192214686381], [-84.0324597207481, 34.5186060894299], [-84.0345111053105, 34.5180053072246], [-84.0365686478755, 34.5174191670221], [-84.0386321984431, 34.5168477118225], [-84.0407016020132, 34.5162909856258], [-84.0427767065858, 34.515749027432], [-84.0448573581608, 34.5152218782411], [-84.0469434037382, 34.5147095770531], [-84.0490346873179, 34.5142121618681], [-84.0511310548999, 34.513729669686], [-84.0532323514842, 34.5132621355069], [-84.0553384220707, 34.5128095943308], [-84.0574491106593, 34.5123720801577], [-84.0595642592501, 34.5119496239876], [-84.061683713843, 34.5115422578206], [-84.0638073174378, 34.5111500126565], [-84.0659349110347, 34.5107729154955], [-84.0680663386336, 34.5104109963376], [-84.0702014422343, 34.5100642801828], [-84.0723400648369, 34.509732794031], [-84.0744820464413, 34.5094165618823], [-84.0766272300475, 34.5091156067367], [-84.0787754576554, 34.5088299515943], [-84.080926568265, 34.5085596164549], [-84.0830804038762, 34.5083046223187], [-84.085236805489, 34.5080649881857], [-84.0873956131034, 34.5078407310558], [-84.0895566677193, 34.507631867929], [-84.0917198093365, 34.5074384138055], [-84.0938848769553, 34.5072603836851], [-84.0960517125753, 34.5070977905679], [-84.0982201541968, 34.506950645454], [-84.1003900418194, 34.5068189603432], [-84.1025612164433, 34.5067027452356], [-84.1047335150684, 34.5066020071312], [-84.1069067786946, 34.5065167550302], [-84.1090808473218, 34.5064469949323], [-84.1112555579502, 34.5063927308377], [-84.1134307515795, 34.5063539687463], [-84.1156062672098, 34.5063307106582]]]}}, {"type": "Feature", "properties": {"name": "ABEL EAST MOA", "type": "SUA"}, "geometry": {"type": "Polygon", "coordinates": [[[-114.750844815014, 32.8500048999877], [-115.092511544379, 32.8500048826228], [-115.181400456698, 32.9500048907291], [-114.94528931699, 33.1458382606536], [-114.925844876749, 33.258338275877], [-114.750844829409, 33.0500049255529], [-114.750844815014, 32.8500048999877]]]}}, {"type": "Feature", "properties": {"name": "ADA EAST MOA", "type": "SUA"}, "geometry": {"type": "Polygon", "coordinates": [[[-97.0002859207078, 39.7750069495864], [-97.0002858513185, 39.0916735062122], [-97.3960404103499, 39.025041232521], [-97.3970964637818, 39.0266411557168], [-97.3982492952346, 39.0281986808998], [-97.3994199436911, 39.0297481120805], [-97.4006083161514, 39.0312893232586], [-97.4018143186155, 39.0328221934344], [-97.4030378570834, 39.0343465986077], [-97.4042788335549, 39.0358624177785], [-97.40553715103, 39.0373695289469], [-97.4068127085087, 39.0388678121127], [-97.408105406991, 39.0403571482761], [-97.4094151434768, 39.0418374164368], [-97.4107418139661, 39.0433085005951], [-97.4120853144588, 39.0447702817508], [-97.413445536955, 39.0462226429041], [-97.4148223744544, 39.0476654680547], [-97.4162157179572, 39.0490986422027], [-97.4176254574633, 39.0505220513481], [-97.4190514799727, 39.0519355804909], [-97.4204936734852, 39.0533391166312], [-97.4219519240009, 39.0547325477687], [-97.4234261145197, 39.0561157629037], [-97.4249161280416, 39.057488650036], [-97.4264218475666, 39.0588511011656], [-97.4279431520945, 39.0602030062925], [-97.4294799216253, 39.0615442574168], [-97.4310320341591, 39.0628747465384], [-97.4325993666958, 39.0641943686573], [-97.4341817932352, 39.0655030167734], [-97.4357791887775, 39.0668005858869], [-97.4373914263224, 39.0680869739976], [-97.4390183778701, 39.0693620771055], [-97.4406599134204, 39.0706257932108], [-97.4423159029733, 39.0718780203132], [-97.4439862135287, 39.073118659413], [-97.4456707140867, 39.0743476115099], [-97.4473692686471, 39.0755647766041], [-97.44908174321, 39.0767700576955], [-97.4508079997753, 39.077963358784], [-97.4525479033428, 39.0791445848698], [-97.4543013129126, 39.0803136399527], [-97.4560680894847, 39.0814704320329], [-97.457848092059, 39.0826148671103], [-97.4596411796354, 39.0837468541848], [-97.461447208214, 39.0848663012564], [-97.4632660337945, 39.0859731213253], [-97.4650975123771, 39.0870672233913], [-97.4669414959616, 39.0881485214544], [-97.4687978395481, 39.0892169275147], [-97.4706663931364, 39.0902723565722], [-97.4725470077265, 39.0913147236267], [-97.4744395353184, 39.0923439466784], [-97.476343821912, 39.0933599407273], [-97.4782597175073, 39.0943626267733], [-97.4801870671042, 39.0953519238163], [-97.4821257187026, 39.0963277518565], [-97.4840755173027, 39.0972900328939], [-97.4860363049041, 39.0982386909283], [-97.4880079275071, 39.0991736479598], [-97.4899902261113, 39.1000948309885], [-97.491983041717, 39.1010021650143], [-97.4939862163238, 39.1018955780371], [-97.495999588932, 39.1027749980571], [-97.4980229985413, 39.1036403540742], [-97.5000562841518, 39.1044915770883], [-97.5020992817634, 39.1053286000996], [-97.5041518283759, 39.1061513541079], [-97.5062137609895, 39.1069597741134], [-97.508284912604, 39.107753795116], [-97.5103651192194, 39.1085333531156], [-97.5124542128356, 39.1092983871124], [-97.5145520274527, 39.1100488341063], [-97.5166583950704, 39.1107846340972], [-97.5187731456889, 39.1115057290853], [-97.520896112308, 39.1122120600704], [-97.5230271219276, 39.1129035710527], [-97.5251660065479, 39.1135802070321], [-97.5273125931685, 39.1142419120086], [-97.5294667107896, 39.1148886349821], [-97.5316281874112, 39.1155203239528], [-97.533796848033, 39.1161369259206], [-97.5359725196552, 39.1167383938855], [-97.5381550282776, 39.1173246788476], [-97.5403441989001, 39.1178957338068], [-97.5425398565228, 39.118451512763], [-97.5447418241456, 39.1189919717165], [-97.5469499257684, 39.1195170656671], [-97.5491639853912, 39.1200267546147], [-97.551383823014, 39.1205209965596], [-97.5536092636366, 39.1209997515016], [-97.5558401262591, 39.1214629814407], [-97.5580762338813, 39.1219106503771], [-97.5603174065032, 39.1223427203105], [-97.5625634651249, 39.1227591582412], [-97.5648142277462, 39.123159930169], [-97.567069515367, 39.123545003094], [-97.5693291469874, 39.1239143480162], [-97.5715929406073, 39.1242679339355], [-97.5738607162266, 39.1246057318521], [-97.5761322898452, 39.1249277167659], [-97.5784074814633, 39.1252338606769], [-97.5806861060805, 39.1255241405851], [-97.5829679836971, 39.1257985324906], [-97.5852529283128, 39.1260570143933], [-97.5875407589276, 39.1262995662932], [-97.5898312915415, 39.1265261671904], [-97.5921243411545, 39.1267368010849], [-97.5944197247664, 39.1269314489766], [-97.5967172583773, 39.1271100958657], [-97.5990167569871, 39.1272727277519], [-97.6013180365956, 39.1274193316355], [-97.603620912203, 39.1275498955165], [-97.6059251998091, 39.1276644093947], [-97.6082307134139, 39.1277628632703], [-97.6105372680174, 39.1278452491432], [-97.6128446796194, 39.1279115610134], [-97.6151527612199, 39.1279617938811], [-97.617461329819, 39.127995943746], [-97.6197701994165, 39.1280140066084], [-97.6220791840124, 39.1280159824681], [-97.6243880986067, 39.1280018703253], [-97.6266967571992, 39.1279716711799], [-97.62900497679, 39.1279253880319], [-97.631312569379, 39.1278630238814], [-97.6336193519661, 39.1277845847283], [-97.6502860740783, 39.6250068853059], [-97.0002859207078, 39.7750069495864]]]}}, {"type": "Feature", "properties": {"name": "ADA WEST MOA", "type": "SUA"}, "geometry": {"type": "Polygon", "coordinates": [[[-97.8379492572741, 39.0348499783218], [-97.8391749514383, 39.0333401120041], [-98.5002862417675, 39.1333400874842], [-98.5002862726294, 39.4333401349475], [-97.6502860740783, 39.6250068853059], [-97.6335986519272, 39.1274496606756], [-97.6358690874698, 39.1270208524682], [-97.6381590540495, 39.1269110573111], [-97.6404476676272, 39.1267853591515], [-97.6427347472028, 39.1266437689895], [-97.6450201097764, 39.1264862978249], [-97.647303572348, 39.1263129576579], [-97.6495849549173, 39.1261237634885], [-97.6518640734845, 39.1259187283167], [-97.6541407470495, 39.1256978701425], [-97.6564147936121, 39.1254612069658], [-97.6586860331724, 39.1252087567868], [-97.6609542837304, 39.1249405386055], [-97.6632193632859, 39.1246565764218], [-97.665481092839, 39.1243568912357], [-97.6677392923895, 39.1240415070474], [-97.6699937799376, 39.1237104488567], [-97.672244377483, 39.1233637436638], [-97.6744909040258, 39.1230014184686], [-97.6767331825659, 39.1226235032712], [-97.6789710331032, 39.1222300270715], [-97.6812042766379, 39.1218210218696], [-97.6834327361697, 39.1213965196655], [-97.6856562336986, 39.1209565544592], [-97.6878745932247, 39.1205011622507], [-97.6900876357479, 39.12003037904], [-97.692295186268, 39.1195442408273], [-97.6944970687852, 39.1190427886124], [-97.6966931072993, 39.1185260603953], [-97.6988831268102, 39.1179940981763], [-97.7010669543181, 39.1174469449551], [-97.7032444148228, 39.1168846447319], [-97.7054153343242, 39.1163072405067], [-97.7075795408224, 39.1157147792794], [-97.7097368613173, 39.1151073080502], [-97.7118871238088, 39.114484875819], [-97.714030158297, 39.1138475315858], [-97.7161657927817, 39.1131953263506], [-97.7182938582631, 39.1125283131136], [-97.7204141847409, 39.1118465428747], [-97.7225266032151, 39.1111500716338], [-97.7246309466858, 39.1104389543911], [-97.726727046153, 39.1097132481466], [-97.7288147356164, 39.1089730109002], [-97.7308938490762, 39.108218300652], [-97.7329642215323, 39.1074491784021], [-97.7350256869846, 39.1066657041503], [-97.7370780814332, 39.1058679418969], [-97.7391212438779, 39.1050559556416], [-97.7411550093187, 39.1042298083847], [-97.7431792167557, 39.1033895661262], [-97.7451937061888, 39.1025352968659], [-97.7471983156178, 39.101667067604], [-97.7491928880429, 39.1007849493405], [-97.751177262464, 39.0998890100754], [-97.753151282881, 39.0989793218087], [-97.7551147922939, 39.0980559585404], [-97.7570676347027, 39.0971189912706], [-97.7590096531073, 39.0961684969993], [-97.7609406965078, 39.0952045507265], [-97.762860608904, 39.0942272284523], [-97.764769238296, 39.0932366081765], [-97.7666664346837, 39.0922327698993], [-97.7685520450671, 39.0912157916208], [-97.7704259214461, 39.0901857563409], [-97.7722879158209, 39.0891427450595], [-97.7741378781911, 39.0880868417768], [-97.7759756635569, 39.0870181284929], [-97.7778011249183, 39.0859366932076], [-97.7796141182752, 39.0848426189211], [-97.7814144996276, 39.0837359956333], [-97.7832021259755, 39.0826169093443], [-97.7849768563187, 39.0814854490541], [-97.7867385496574, 39.0803417067627], [-97.7884870669915, 39.0791857724702], [-97.7902222683209, 39.0780177371764], [-97.7919440166457, 39.0768376958817], [-97.7936521759657, 39.0756457405858], [-97.795346612281, 39.0744419672888], [-97.7970271885916, 39.0732264709908], [-97.7986937748974, 39.0719993496918], [-97.8003462361984, 39.0707606993918], [-97.8019844444946, 39.0695106200908], [-97.803608268786, 39.0682492097889], [-97.8052175820725, 39.066976570486], [-97.8068122543541, 39.0656928021823], [-97.8083921626308, 39.0643980078777], [-97.8099571799025, 39.0630922905722], [-97.8115071831694, 39.0617757532659], [-97.8130420504312, 39.0604484999588], [-97.8145616596881, 39.059110638651], [-97.81606589094, 39.0577622743423], [-97.8175546261868, 39.056403514033], [-97.8190277484286, 39.0550344657229], [-97.8204851396653, 39.0536552394122], [-97.8219266858969, 39.0522659441008], [-97.8233522741235, 39.0508666887887], [-97.8247617903449, 39.0494575874761], [-97.8261551245612, 39.0480387501629], [-97.8275321667723, 39.0466102908491], [-97.8288928089783, 39.0451723215348], [-97.8302369431791, 39.04372495822], [-97.8315644643746, 39.0422683149047], [-97.832875266565, 39.0408025075889], [-97.8341692487502, 39.0393276522728], [-97.8354463079301, 39.0378438669562], [-97.8367063441047, 39.0363512696391], [-97.8379492572741, 39.0348499783218]]]}}, {"type": "Feature", "properties": {"name": "ANNE HIGH MOA", "type": "SUA"}, "geometry": {"type": "Polygon", "coordinates": [[[-93.0211176943298, 33.4333393579097], [-93.2502843973223, 33.0166726001159], [-93.7502845342528, 33.1000059286054], [-93.7002845411573, 33.4333393289035], [-93.6896725593582, 33.433339329359], [-93.6790605765588, 33.4333393298144], [-93.668448594759, 33.4333393302697], [-93.657836612959, 33.433339330725], [-93.6472246311585, 33.4333393311802], [-93.6366126493577, 33.4333393316353], [-93.6260006675565, 33.4333393320903], [-93.6153886847551, 33.4333393325453], [-93.6047767029532, 33.4333393330002], [-93.5941647211511, 33.433339333455], [-93.5835527393486, 33.4333393339098], [-93.5729407575458, 33.4333393343645], [-93.5623287757426, 33.4333393348191], [-93.5517167929391, 33.4333393352736], [-93.5411048111352, 33.4333393357281], [-93.530492829331, 33.4333393361825], [-93.5198808475265, 33.4333393366368], [-93.5092688657215, 33.4333393370911], [-93.4986568839163, 33.4333393375453], [-93.4880449011107, 33.4333393379994], [-93.4774329193049, 33.4333393384535], [-93.4668209374986, 33.4333393389074], [-93.456208955692, 33.4333393393613], [-93.445596973885, 33.4333393398152], [-93.4349849920778, 33.4333393402689], [-93.4243730092702, 33.4333393407226], [-93.4137610274622, 33.4333393411762], [-93.4031490456539, 33.4333393416298], [-93.3925370638453, 33.4333393420833], [-93.3819250820363, 33.4333393425367], [-93.371313100227, 33.43333934299], [-93.3607011174174, 33.4333393434433], [-93.3500891356074, 33.4333393438964], [-93.3394771537971, 33.4333393443496], [-93.3288651719864, 33.4333393448026], [-93.3182531901754, 33.4333393452556], [-93.307641208364, 33.4333393457085], [-93.2970292255524, 33.4333393461613], [-93.2864172437403, 33.4333393466141], [-93.275805261928, 33.4333393470667], [-93.2651932801152, 33.4333393475194], [-93.2545812983022, 33.4333393479719], [-93.2439693164888, 33.4333393484244], [-93.2333573336751, 33.4333393488768], [-93.2227453518611, 33.4333393493291], [-93.2121333700466, 33.4333393497814], [-93.201521388232, 33.4333393502335], [-93.1909094064168, 33.4333393506857], [-93.1802974246014, 33.4333393511377], [-93.1696854417857, 33.4333393515897], [-93.1590734599696, 33.4333393520416], [-93.1484614781532, 33.4333393524934], [-93.1378494963364, 33.4333393529451], [-93.1272375145193, 33.4333393533968], [-93.1166255327019, 33.4333393538484], [-93.1060135498841, 33.4333393543], [-93.095401568066, 33.4333393547514], [-93.0847895862476, 33.4333393552028], [-93.0741776044288, 33.4333393556541], [-93.0635656226097, 33.4333393561054], [-93.0529536407902, 33.4333393565566], [-93.0423416579705, 33.4333393570077], [-93.0317296761503, 33.4333393574587], [-93.0211176943298, 33.4333393579097]]]}}, {"type": "Feature", "properties": {"name": "BAGDAD 1 MOA", "type": "SUA"}, "geometry": {"type": "Polygon", "coordinates": [[[-112.895289036276, 34.47639409841], [-114.000844775935, 34.1666717747437], [-114.000844817125, 34.6666718377202], [-113.071677974117, 34.6569496667474], [-112.895289036276, 34.47639409841]]]}}, {"type": "Feature", "properties": {"name": "BAKERSFIELD MOA", "type": "SUA"}, "geometry": {"type": "Polygon", "coordinates": [[[-118.584179014734, 35.250004965169], [-118.350845613207, 34.9333382786853], [-118.70084569863, 35.2333382892422], [-118.850845763884, 35.6666716589566], [-118.840179096116, 35.6666716596313], [-118.829512427348, 35.666671660306], [-118.81884575858, 35.6666716609807], [-118.80817909081, 35.6666716616553], [-118.797512422041, 35.6666716623298], [-118.786845753271, 35.6666716630044], [-118.7761790855, 35.6666716636789], [-118.765512416729, 35.6666716643533], [-118.754845747957, 35.6666716650277], [-118.744179080184, 35.6666716657021], [-118.733512411411, 35.6666716663764], [-118.722845742638, 35.6666716670507], [-118.712179074864, 35.666671667725], [-118.701512406089, 35.6666716683992], [-118.690845737314, 35.6666716690733], [-118.680179069539, 35.6666716697475], [-118.669512400762, 35.6666716704215], [-118.658845731986, 35.6666716710956], [-118.648179064208, 35.6666716717696], [-118.637512395431, 35.6666716724435], [-118.626845726652, 35.6666716731175], [-118.616179058873, 35.6666716737913], [-118.605512390094, 35.6666716744652], [-118.594845721314, 35.666671675139], [-118.584179053534, 35.6666716758127], [-118.584179014734, 35.250004965169]]]}}, {"type": "Feature", "properties": {"name": "BARSTOW MOA", "type": "SUA"}, "geometry": {"type": "Polygon", "coordinates": [[[-116.811956479601, 35.1472272840389], [-116.796678697193, 35.1166717265149], [-116.785765996282, 35.1166717271733], [-116.774853296371, 35.1166717278317], [-116.763940595459, 35.11667172849], [-116.753027895547, 35.1166717291483], [-116.742115195634, 35.1166717298065], [-116.731202494721, 35.1166717304647], [-116.720289794807, 35.1166717311228], [-116.709377093893, 35.1166717317809], [-116.698464393978, 35.116671732439], [-116.687551694062, 35.116671733097], [-116.676638993146, 35.116671733755], [-116.66572629323, 35.1166717344129], [-116.654813592312, 35.1166717350708], [-116.643900892395, 35.1166717357286], [-116.632988191476, 35.1166717363864], [-116.622075491558, 35.1166717370442], [-116.611162791638, 35.1166717377019], [-116.600250090718, 35.1166717383595], [-116.589337390798, 35.1166717390172], [-116.578424689877, 35.1166717396747], [-116.567511989955, 35.1166717403323], [-116.684178669071, 35.0222272775834], [-117.150845409102, 34.9388939072516], [-116.97862317222, 35.108338380596], [-116.811956479601, 35.1472272840389]]]}}, {"type": "Feature", "properties": {"name": "BEAK A MOA", "type": "SUA"}, "geometry": {"type": "Polygon", "coordinates": [[[-105.00056509613, 33.566672162316], [-105.000565087913, 33.4500054764989], [-105.733898599935, 33.666672141641], [-105.733898630484, 34.0833388732677], [-105.723642218206, 34.083338873798], [-105.713385804928, 34.0833388743283], [-105.703129392649, 34.0833388748584], [-105.69287298037, 34.0833388753886], [-105.682616568091, 34.0833388759187], [-105.672360154811, 34.0833388764487], [-105.66210374253, 34.0833388769787], [-105.651847330249, 34.0833388775087], [-105.641590917968, 34.0833388780386], [-105.631334504687, 34.0833388785684], [-105.621078092405, 34.0833388790982], [-105.610821680122, 34.0833388796279], [-105.60056526784, 34.0833388801576], [-105.00056509613, 33.566672162316]]]}}, {"type": "Feature", "properties": {"name": "BEAK B MOA", "type": "SUA"}, "geometry": {"type": "Polygon", "coordinates": [[[-105.000565077474, 33.3000054522325], [-105.733898571669, 33.2666720780471], [-105.733898599935, 33.666672141641], [-105.000565087913, 33.4500054764989], [-105.000565077474, 33.3000054522325]]]}}, {"type": "Feature", "properties": {"name": "BEAK C MOA", "type": "SUA"}, "geometry": {"type": "Polygon", "coordinates": [[[-105.325565126322, 32.9500053798104], [-105.733898549458, 32.941672025952], [-105.733898571669, 33.2666720780471], [-105.000565077474, 33.3000054522325], [-105.000565068315, 33.1666720975937], [-105.325565126322, 32.9500053798104]]]}}, {"type": "Feature", "properties": {"name": "MOORE MOA", "type": "SUA"}, "geometry": {"type": "Polygon", "coordinates": [[[-84.6551668047704, 32.2845652900632], [-84.6569486502359, 32.2836172177933], [-84.6570412183459, 32.2853579631727], [-84.6571337904557, 32.2870987075521], [-84.6572263655656, 32.2888394509315], [-84.6573189436756, 32.2905801943108], [-84.6574115257855, 32.2923209376902], [-84.6575041108954, 32.2940616790695], [-84.6575967000054, 32.2958024214488], [-84.6576892931154, 32.2975431618281], [-84.6577818892254, 32.2992839032074], [-84.6578744893354, 32.3010246425867], [-84.6579670924454, 32.302765381966], [-84.6580596995554, 32.3045061213452], [-84.6581523096655, 32.3062468597245], [-84.6582449237755, 32.3079875971037], [-84.6583375408856, 32.3097283344829], [-84.6583233959678, 32.3115282468788], [-84.6583092510502, 32.3133281582747], [-84.6582951041325, 32.3151280696706], [-84.6582809582148, 32.3169279800664], [-84.6582668102972, 32.3187278894622], [-84.6582526623795, 32.3205277988581], [-84.6582385144619, 32.3223277082539], [-84.6582243655443, 32.3241276166497], [-84.6582102156267, 32.3259275250455], [-84.658196065709, 32.3277274324413], [-84.6581819147915, 32.329527338837], [-84.6581677638739, 32.3313272452328], [-84.6581536119564, 32.3331271506285], [-84.6581394600388, 32.3349270560242], [-84.6581253071213, 32.3367269614199], [-84.6581111532037, 32.3385268658156], [-84.6580969992862, 32.3403267692112], [-84.6580828453687, 32.3421266726069], [-84.6580686904512, 32.3439265750026], [-84.6580545345337, 32.3457264773982], [-84.6580403776163, 32.3475263797939], [-84.6580262216988, 32.3493262801895], [-84.6580120637813, 32.351126181585], [-84.6579979058639, 32.3529260809807], [-84.6579837479465, 32.3547259813762], [-84.6579695890291, 32.3565258807717], [-84.6579554291117, 32.3583257791673], [-84.6579412691943, 32.3601256765628], [-84.657927108277, 32.3619255749583], [-84.6579129463596, 32.3637254713538], [-84.6578987854422, 32.3655253687493], [-84.6578846225249, 32.3673252641448], [-84.6578704596075, 32.3691251595403], [-84.6578562956902, 32.3709250549357], [-84.6578421317729, 32.3727249493312], [-84.6578279678556, 32.3745248437266], [-84.6578138019384, 32.376324737122], [-84.6577996360211, 32.3781246295173], [-84.6577854701039, 32.3799245219127], [-84.6577713031866, 32.3817244143081], [-84.6577571352694, 32.3835243057034], [-84.6577429673521, 32.3853241960988], [-84.6577287994349, 32.3871240864941], [-84.6577146295177, 32.3889239768894], [-84.6577004606005, 32.3907238662847], [-84.6576862896833, 32.39252375468], [-84.6576721187662, 32.3943236430752], [-84.6576579478491, 32.3961235314705], [-84.6576437759319, 32.3979234178657], [-84.6576296030148, 32.399723305261], [-84.6576154300976, 32.4015231916562], [-84.6576012571806, 32.4033230770514], [-84.6575870822634, 32.4051229624466], [-84.6575729073464, 32.4069228468417], [-84.6575587324293, 32.4087227312369], [-84.6575445565123, 32.4105226146321], [-84.6575303795952, 32.4123224980272], [-84.6575162026782, 32.4141223804223], [-84.6575020257612, 32.4159222628174], [-84.6574878478441, 32.4177221442125], [-84.6574736689271, 32.4195220256075], [-84.6574594890102, 32.4213219060026], [-84.6574453090932, 32.4231217863977], [-84.6574311291762, 32.4249216657927], [-84.6574169482593, 32.4267215441877], [-84.6574027663423, 32.4285214235828], [-84.6573885844254, 32.4303213009777], [-84.6573744015085, 32.4321211783727], [-84.6573602185915, 32.4339210557677], [-84.6573460346747, 32.4357209321627], [-84.6573318507578, 32.4375208075576], [-84.657317665841, 32.4393206829525], [-84.6573034799241, 32.4411205583474], [-84.6572892940072, 32.4429204327423], [-84.6572751080904, 32.4447203061372], [-84.6572609201736, 32.4465201795321], [-84.6572467332568, 32.4483200529269], [-84.65723254434, 32.4501199253218], [-84.6572183554232, 32.4519197967166], [-84.6572041665064, 32.4537196681115], [-84.6571899765897, 32.4555195385062], [-84.6571757856729, 32.457319408901], [-84.6571615947561, 32.4591192782958], [-84.6571474028394, 32.4609191476905], [-84.6571332109227, 32.4627190160853], [-84.657119018006, 32.46451888448], [-84.6571048250893, 32.4663187518747], [-84.6570906311726, 32.4681186192695], [-84.657076436256, 32.4699184856641], [-84.6570622413393, 32.4717183520588], [-84.6570480454227, 32.4735182174535], [-84.657033849506, 32.4753180828482], [-84.6570196525894, 32.4771179472428], [-84.6570054556728, 32.4789178116374], [-84.6569912577562, 32.4807176750321], [-84.6569770588396, 32.4825175374266], [-84.6569628599231, 32.4843174008212], [-84.6569486600065, 32.4861172622158], [-84.6569486600932, 32.487899678606], [-84.6569486601799, 32.4896820949963], [-84.6569486602665, 32.4914645103865], [-84.6569486603533, 32.4932469257767], [-84.65694866044, 32.4950293401669], [-84.6569486605267, 32.4968117545571], [-84.6569486606135, 32.4985941679472], [-84.6569486607002, 32.5003765813374], [-84.656948660787, 32.5021589937275], [-84.6569486608738, 32.5039414061176], [-84.6569486609606, 32.5057238175077], [-84.6569486610474, 32.5075062288978], [-84.6569486611342, 32.5092886392879], [-84.656948661221, 32.511071049678], [-84.6569486613078, 32.512853459068], [-84.6569486613947, 32.5146358684581], [-84.6569486614816, 32.5164182768481], [-84.6569486615684, 32.5182006842381], [-84.6569486616553, 32.5199830926281], [-84.6569486617422, 32.5217654990181], [-84.6569486618291, 32.5235479054081], [-84.656948661916, 32.525330311798], [-84.656948662003, 32.5271127171879], [-84.6569486620899, 32.5288951225779], [-84.6569486621769, 32.5306775269678], [-84.6569486622639, 32.5324599303577], [-84.6569486623508, 32.5342423347476], [-84.6569486624378, 32.5360247371375], [-84.6569486625248, 32.5378071395274], [-84.6569486626119, 32.5395895419172], [-84.6569486626989, 32.541371943307], [-84.6569486627859, 32.5431543446969], [-84.656948662873, 32.5449367450867], [-84.65694866296, 32.5467191444765], [-84.6569486630471, 32.5485015438662], [-84.6569486631342, 32.550283943256], [-84.6548277925255, 32.5502839433304], [-84.6527069209169, 32.5502839434047], [-84.6505860493081, 32.5502839434791], [-84.6484651776995, 32.5502839435534], [-84.6463443060908, 32.5502839436277], [-84.6442234344821, 32.550283943702], [-84.6421025628733, 32.5502839437763], [-84.6399816912646, 32.5502839438507], [-84.6378608206558, 32.550283943925], [-84.6357399490471, 32.5502839439993], [-84.6336190774383, 32.5502839440736], [-84.6314982058296, 32.5502839441479], [-84.6293773342207, 32.5502839442222], [-84.6272564626119, 32.5502839442965], [-84.6251355910031, 32.5502839443708], [-84.6230147203943, 32.5502839444451], [-84.6208938487855, 32.5502839445194], [-84.6187729771767, 32.5502839445937], [-84.6166521055678, 32.5502839446679], [-84.6145312339589, 32.5502839447422], [-84.6124103623501, 32.5502839448165], [-84.6102894907412, 32.5502839448908], [-84.6081686191323, 32.550283944965], [-84.6060477485235, 32.5502839450393], [-84.6039268769145, 32.5502839451135], [-84.6018060053056, 32.5502839451878], [-84.5996851336967, 32.5502839452621], [-84.5975642620877, 32.5502839453363], [-84.5954433904788, 32.5502839454106], [-84.5933225188698, 32.5502839454848], [-84.5912016472608, 32.5502839455591], [-84.5890807766519, 32.5502839456333], [-84.5869599050429, 32.5502839457076], [-84.5848390334339, 32.5502839457818], [-84.5827181618248, 32.5502839458561], [-84.5805972902158, 32.5502839459303], [-84.5784764186068, 32.5502839460045], [-84.5763555469978, 32.5502839460787], [-84.5742346753887, 32.550283946153], [-84.5721138047797, 32.5502839462272], [-84.5699929331706, 32.5502839463014], [-84.5678720615615, 32.5502839463756], [-84.5657511899524, 32.5502839464498], [-84.5636303183433, 32.550283946524], [-84.5615094467342, 32.5502839465982], [-84.5593885751251, 32.5502839466724], [-84.5572677045159, 32.5502839467466], [-84.5551468329068, 32.5502839468208], [-84.5530259612976, 32.550283946895], [-84.5509050896885, 32.5502839469692], [-84.5487842180793, 32.5502839470434], [-84.5466633464701, 32.5502839471176], [-84.5445424748609, 32.5502839471918], [-84.5424216032517, 32.5502839472659], [-84.5403007326425, 32.5502839473401], [-84.5381798610333, 32.5502839474143], [-84.536058989424, 32.5502839474885], [-84.5339381178148, 32.5502839475626], [-84.5318172462055, 32.5502839476368], [-84.5296963745963, 32.5502839477109], [-84.527575502987, 32.5502839477851], [-84.5254546313777, 32.5502839478592], [-84.5233337607684, 32.5502839479334], [-84.5212128891591, 32.5502839480075], [-84.5190920175498, 32.5502839480817], [-84.5169711459405, 32.5502839481558], [-84.5148502743312, 32.55028394823], [-84.5127294027218, 32.5502839483041], [-84.5106085311124, 32.5502839483782], [-84.5084876595031, 32.5502839484524], [-84.5063667888937, 32.5502839485265], [-84.5042459172843, 32.5502839486006], [-84.5021250456749, 32.5502839486747], [-84.5000041740655, 32.5502839487488], [-84.5000041739779, 32.5484865883553], [-84.5000041738904, 32.5466892279617], [-84.5000041738029, 32.5448918665681], [-84.5000041737153, 32.5430945051745], [-84.5000041736278, 32.5412971427808], [-84.5000041735403, 32.5394997803872], [-84.5000041734529, 32.5377024169936], [-84.5000041733654, 32.5359050535999], [-84.5000041732779, 32.5341076892062], [-84.5000041731905, 32.5323103248125], [-84.5000041731031, 32.5305129594188], [-84.5000041730156, 32.5287155940251], [-84.5000041729282, 32.5269182276314], [-84.5000041728408, 32.5251208612376], [-84.5000041727534, 32.5233234938438], [-84.5000041726661, 32.52152612545], [-84.5000041725787, 32.5197287580563], [-84.5000041724913, 32.5179313886625], [-84.500004172404, 32.5161340192686], [-84.5000041723167, 32.5143366498748], [-84.5000041722294, 32.5125392794809], [-84.5000041721421, 32.5107419080871], [-84.5000041720548, 32.5089445366932], [-84.5000041719675, 32.5071471652994], [-84.5000041718802, 32.5053497929055], [-84.500004171793, 32.5035524195115], [-84.5000041717057, 32.5017550461176], [-84.5000041716185, 32.4999576727236], [-84.5000041715313, 32.4981602983297], [-84.500004171444, 32.4963629229357], [-84.5000041713568, 32.4945655475418], [-84.5000041712697, 32.4927681711478], [-84.5000041711825, 32.4909707947537], [-84.5000041710953, 32.4891734183597], [-84.5000041710082, 32.4873760409657], [-84.500004170921, 32.4855786625716], [-84.5000041708339, 32.4837812841776], [-84.5000041707468, 32.4819839047835], [-84.5000041706597, 32.4801865253894], [-84.5000041705726, 32.4783891449953], [-84.5000041704855, 32.4765917646011], [-84.5000041703985, 32.474794383207], [-84.5000041703114, 32.4729970018129], [-84.5000041702244, 32.4711996194187], [-84.5000041701373, 32.4694022370245], [-84.5000041700503, 32.4676048536303], [-84.5000041699633, 32.4658074702362], [-84.5000041698763, 32.4640100858419], [-84.5000041697893, 32.4622127014477], [-84.5000041697024, 32.4604153160534], [-84.5000041696154, 32.4586179296592], [-84.5000041695285, 32.4568205432649], [-84.5000041694415, 32.4550231568706], [-84.5000041693546, 32.4532257694763], [-84.5000041692677, 32.4514283820821], [-84.5000041691808, 32.4496309936877], [-84.5000041690939, 32.4478336042933], [-84.500004169007, 32.446036214899], [-84.5000041689202, 32.4442388255047], [-84.5000041688333, 32.4424414351103], [-84.5000041687465, 32.4406440437159], [-84.5000041686597, 32.4388466523215], [-84.5000041685728, 32.437049260927], [-84.500004168486, 32.4352518685326], [-84.5000041683993, 32.4334544751381], [-84.5000041683125, 32.4316570817437], [-84.5000041682257, 32.4298596873492], [-84.5000041681389, 32.4280622929547], [-84.5000041680522, 32.4262648985602], [-84.5000041679655, 32.4244675031657], [-84.5000041678787, 32.4226701067712], [-84.500004167792, 32.4208727103766], [-84.5000041677053, 32.4190753129821], [-84.5000041676186, 32.4172779155875], [-84.500004167532, 32.4154805171929], [-84.5000041674453, 32.4136831187983], [-84.5000041673587, 32.4118857194037], [-84.500004167272, 32.4100883200091], [-84.5000041671854, 32.4082909196144], [-84.5000041670988, 32.4064935192197], [-84.5000041670122, 32.4046961178251], [-84.5000041669256, 32.4028987164304], [-84.500004166839, 32.4011013140357], [-84.5000041667524, 32.399303911641], [-84.5000041666659, 32.3975065082462], [-84.5000041665793, 32.3957091048515], [-84.5000041664928, 32.3939117004568], [-84.5000041664063, 32.392114296062], [-84.5000041663198, 32.3903168906672], [-84.5000041662333, 32.3885194842724], [-84.5000041661468, 32.3867220778777], [-84.5000041660603, 32.3849246714828], [-84.5000041659739, 32.383127264088], [-84.5000041658874, 32.3813298566931], [-84.500004165801, 32.3795324482983], [-84.5000041657146, 32.3777350389034], [-84.5000041656281, 32.3759376295085], [-84.5000041655418, 32.3741402201136], [-84.5000041654554, 32.3723428097187], [-84.500004165369, 32.3705453983237], [-84.5000041652826, 32.3687479869288], [-84.5000041651963, 32.3669505745339], [-84.5017892406635, 32.3660047082643], [-84.5035742791306, 32.3650588169946], [-84.5053592805977, 32.364112899725], [-84.5071442450649, 32.3631669564554], [-84.508929172532, 32.3622209881858], [-84.5107140619991, 32.3612749949161], [-84.5124989144661, 32.3603289766465], [-84.5142837309332, 32.3593829323769], [-84.5160685094002, 32.3584368621071], [-84.5178532498672, 32.3574907668375], [-84.5196379543342, 32.3565446465679], [-84.5214226208012, 32.3555985012982], [-84.5232072512681, 32.3546523300286], [-84.5249918437351, 32.3537061327589], [-84.526776399202, 32.3527599104893], [-84.5285609166689, 32.3518136632196], [-84.5303453981358, 32.3508673909499], [-84.5321298426026, 32.3499210926802], [-84.5339142490694, 32.3489747684105], [-84.5356986185363, 32.3480284201409], [-84.5374829510031, 32.3470820458712], [-84.5392672464698, 32.3461356456015], [-84.5410515049366, 32.3451892203317], [-84.5428357254034, 32.3442427700621], [-84.5446199098701, 32.3432962937924], [-84.5464040563368, 32.3423497925226], [-84.5481881658035, 32.3414032662529], [-84.5499722382702, 32.3404567139832], [-84.5517562737368, 32.3395101367135], [-84.5535402712034, 32.3385635344438], [-84.55532423267, 32.337616906174], [-84.5571081561366, 32.3366702529043], [-84.5588920436032, 32.3357235736346], [-84.5606758930698, 32.3347768693648], [-84.5624597055363, 32.3338301400951], [-84.5642434810028, 32.3328833848253], [-84.5660272184694, 32.3319366045556], [-84.5678109199358, 32.3309897992858], [-84.5695945834023, 32.3300429680161], [-84.5713782108687, 32.3290961117463], [-84.5731618003351, 32.3281492304765], [-84.5749453528015, 32.3272023232068], [-84.5767288682679, 32.326255390937], [-84.5785123467343, 32.3253084326672], [-84.5802957872006, 32.3243614493974], [-84.582079191667, 32.3234144411276], [-84.5838625581333, 32.3224674078579], [-84.5856458875996, 32.3215203485881], [-84.5874291810659, 32.3205732643183], [-84.5892124365321, 32.3196261540485], [-84.5909956549984, 32.3186790187787], [-84.5927788354646, 32.3177318585089], [-84.5945619799308, 32.316784672239], [-84.596345087397, 32.3158374609692], [-84.5981281568631, 32.3148902246994], [-84.5999111903293, 32.3139429634296], [-84.6016941857954, 32.3129956761598], [-84.6034771442615, 32.31204836289], [-84.6052600657276, 32.3111010256201], [-84.6070429501936, 32.3101536623503], [-84.6088257976597, 32.3092062740804], [-84.6106086071257, 32.3082588598106], [-84.6123913805918, 32.3073114215407], [-84.6141741160578, 32.3063639562709], [-84.6159568155237, 32.305416467001], [-84.6177394769897, 32.3044689517312], [-84.6195221014556, 32.3035214114613], [-84.6213046889215, 32.3025738461914], [-84.6230872393874, 32.3016262549215], [-84.6248697528533, 32.3006786386517], [-84.6266522293191, 32.2997309963818], [-84.628434668785, 32.2987833301119], [-84.6302170702508, 32.297835637842], [-84.6319994357166, 32.2968879195722], [-84.6337817631824, 32.2959401773023], [-84.6355640536482, 32.2949924090324], [-84.6373463081139, 32.2940446157624], [-84.6391285245797, 32.2930967964926], [-84.6409107040454, 32.2921489522227], [-84.6426928465111, 32.2912010829527], [-84.6444749519767, 32.2902531886828], [-84.6462570194424, 32.2893052684129], [-84.648039050908, 32.288357323143], [-84.6498210453736, 32.287409352873], [-84.6516030018392, 32.2864613576031], [-84.6533849223048, 32.2855133363332], [-84.6551668047704, 32.2845652900632]]]}}, {"type": "Feature", "properties": {"name": "BIRMINGHAM MOA", "type": "SUA"}, "geometry": {"type": "Polygon", "coordinates": [[[-87.0222271353701, 32.973617281717], [-87.0402826690326, 32.4430616128714], [-87.8888940205866, 32.4972282592675], [-87.9916718321637, 32.5916727204768], [-87.4222272492841, 33.0000061612475], [-87.411653770315, 33.0000061616472], [-87.4010802903455, 33.0000061620468], [-87.3905068103757, 33.0000061624464], [-87.3799333304057, 33.0000061628459], [-87.3693598514354, 33.0000061632453], [-87.3587863714648, 33.0000061636446], [-87.348212891494, 33.0000061640439], [-87.3376394125228, 33.0000061644431], [-87.3270659325514, 33.0000061648422], [-87.3164924525797, 33.0000061652412], [-87.3059189726077, 33.0000061656402], [-87.2953454936355, 33.0000061660391], [-87.2847720136629, 33.0000061664379], [-87.2741985336901, 33.0000061668366], [-87.263625054717, 33.0000061672353], [-87.2530515747436, 33.0000061676338], [-87.2424780947699, 33.0000061680323], [-87.231904615796, 33.0000061684308], [-87.2213311358217, 33.0000061688291], [-87.2107576558473, 33.0000061692274], [-87.2001841758725, 33.0000061696256], [-87.1896106968974, 33.0000061700237], [-87.1790372169221, 33.0000061704218], [-87.1684637369465, 33.0000061708197], [-87.1578902579706, 33.0000061712176], [-87.1473167779944, 33.0000061716154], [-87.136743298018, 33.0000061720132], [-87.1261698190412, 33.0000061724109], [-87.1155963390642, 33.0000061728084], [-87.1050228590869, 33.000006173206], [-87.0944493791094, 33.0000061736034], [-87.0222271353701, 32.973617281717]]]}}, {"type": "Feature", "properties": {"name": "BRISTOL MOA", "type": "SUA"}, "geometry": {"type": "Polygon", "coordinates": [[[-115.442511753859, 34.7138939820257], [-115.589733973234, 34.3666717099722], [-115.686956205851, 34.2833383604522], [-115.696400652548, 34.2833383599169], [-115.705845098245, 34.2833383593815], [-115.715289544941, 34.2833383588462], [-115.724733990637, 34.2833383583107], [-115.734178437333, 34.2833383577753], [-115.734178448373, 34.4166717077072], [-115.744178450168, 34.416671707135], [-115.754178451963, 34.4166717065628], [-115.764178453758, 34.4166717059905], [-115.774178455552, 34.4166717054182], [-115.784178457346, 34.4166717048459], [-115.784178468525, 34.5500050536946], [-115.916122938506, 34.5777828273515], [-115.967511837867, 34.5916717150116], [-116.050845193542, 34.6833383869339], [-116.075845198354, 34.6875050529623], [-116.284178571871, 34.7166717111784], [-115.442511753859, 34.7138939820257]]]}}, {"type": "Feature", "properties": {"name": "BRONCO 3 MOA", "type": "SUA"}, "geometry": {"type": "Polygon", "coordinates": [[[-102.474175607539, 33.2730611252506], [-103.358898002891, 32.7880610014042], [-103.797787006828, 33.0038943501925], [-103.801398135921, 33.2605610597872], [-103.716675901416, 33.3616721916639], [-102.609175655059, 33.5077833806281], [-102.557231189868, 33.3900055851765], [-102.474175607539, 33.2730611252506]]]}}, {"type": "Feature", "properties": {"name": "BRONCO 4 MOA", "type": "SUA"}, "geometry": {"type": "Polygon", "coordinates": [[[-102.22834216645, 32.509449893121], [-102.726397836401, 32.4725054203366], [-103.358898002891, 32.7880610014042], [-102.474175607539, 33.2730611252506], [-102.336953344738, 33.1583388891354], [-102.221119980354, 33.0947277726533], [-102.146953294139, 33.0675055494332], [-102.22834216645, 32.509449893121]]]}}, {"type": "Feature", "properties": {"name": "BROWNWOOD 1 EAST MOA", "type": "SUA"}, "geometry": {"type": "Polygon", "coordinates": [[[-98.2791745217514, 32.0791722093302], [-98.416674536751, 31.7433388064788], [-98.8930635442211, 31.7616721244127], [-98.8930635638435, 32.1047277433652], [-98.2791745217514, 32.0791722093302]]]}}, {"type": "Feature", "properties": {"name": "BROWNWOOD 1 WEST MOA", "type": "SUA"}, "geometry": {"type": "Polygon", "coordinates": [[[-98.8930635638435, 32.1047277433652], [-98.8930635442211, 31.7616721244127], [-99.4100081158253, 31.7800054395151], [-99.4333414744024, 32.1250055022814], [-98.8930635638435, 32.1047277433652]]]}}, {"type": "Feature", "properties": {"name": "BROWNWOOD 3 MOA", "type": "SUA"}, "geometry": {"type": "Polygon", "coordinates": [[[-99.383341420408, 31.3861164782483], [-99.7500081764239, 31.3833386849763], [-99.7791748792789, 31.8958387785397], [-99.4333414744024, 32.1250055022814], [-99.383341420408, 31.3861164782483]]]}}, {"type": "Feature", "properties": {"name": "BRUSH CREEK MOA", "type": "SUA"}, "geometry": {"type": "Polygon", "coordinates": [[[-83.0333374911478, 39.3000076169594], [-83.0333374548486, 38.8083408552588], [-83.590004294795, 38.8977852925433], [-83.3750042499771, 39.1583409073262], [-83.3750042543603, 39.2166742524934], [-83.5166709802473, 39.4333409533171], [-83.4166709553852, 39.5000076375903], [-83.4055598410525, 39.5000076381021], [-83.3944487257196, 39.5000076386137], [-83.3833376113863, 39.5000076391252], [-83.3722264970527, 39.5000076396365], [-83.3611153827189, 39.5000076401477], [-83.3500042683848, 39.5000076406587], [-83.3388931540504, 39.5000076411696], [-83.3277820397158, 39.5000076416803], [-83.3166709253808, 39.5000076421908], [-83.3055598110456, 39.5000076427013], [-83.2944486957101, 39.5000076432115], [-83.2833375813743, 39.5000076437216], [-83.2722264670382, 39.5000076442316], [-83.2611153527018, 39.5000076447414], [-83.2500042383652, 39.5000076452511], [-83.2388931240283, 39.5000076457606], [-83.2277820096911, 39.50000764627], [-83.2166708953536, 39.5000076467792], [-83.2000042195375, 39.4500076380236], [-83.1416708639625, 39.3833409609721], [-83.0333374911478, 39.3000076169594]]]}}, {"type": "Feature", "properties": {"name": "BUCKEYE MOA", "type": "SUA"}, "geometry": {"type": "Polygon", "coordinates": [[[-82.9791707708138, 38.7833408528192], [-83.2388930697151, 38.7722297281019], [-83.5666709528378, 38.870840843412], [-83.8297265884965, 38.9011186152933], [-83.911671059201, 38.918618614912], [-83.8833377364294, 39.1791742220356], [-83.4666709639914, 39.4166742864499], [-83.283337577747, 39.4525076346852], [-82.8250041034164, 39.4055632025851], [-82.7375040691832, 39.3000076303007], [-82.8333374073345, 38.9791742312193], [-82.9791707708138, 38.7833408528192]]]}}, {"type": "Feature", "properties": {"name": "BUCKHORN MOA", "type": "SUA"}, "geometry": {"type": "Polygon", "coordinates": [[[-117.434178782016, 34.8250049886487], [-117.58417880339, 34.7750049741936], [-118.000845539589, 34.7666716155591], [-118.096678892699, 34.8000049464938], [-118.096678895132, 34.827782727513], [-118.01751221232, 34.8000049512063], [-118.006678877487, 34.800004951851], [-117.995845541653, 34.8000049524957], [-117.985012206819, 34.8000049531404], [-117.974178871984, 34.8000049537849], [-117.963345536149, 34.8000049544295], [-117.952512201313, 34.800004955074], [-117.941678866477, 34.8000049557185], [-117.93084553064, 34.8000049563629], [-117.920012195803, 34.8000049570073], [-117.909178860965, 34.8000049576517], [-117.898345525126, 34.800004958296], [-117.887512190287, 34.8000049589403], [-117.876678855447, 34.8000049595845], [-117.865845519607, 34.8000049602287], [-117.855012184766, 34.8000049608729], [-117.844178849925, 34.800004961517], [-117.833345514083, 34.8000049621611], [-117.822512179241, 34.8000049628051], [-117.811678844398, 34.8000049634491], [-117.800845508554, 34.8000049640931], [-117.79001217371, 34.800004964737], [-117.779178838866, 34.8000049653809], [-117.76834550302, 34.8000049660247], [-117.757512168175, 34.8000049666685], [-117.746678833328, 34.8000049673123], [-117.735845497482, 34.800004967956], [-117.725012162634, 34.8000049685997], [-117.714178827786, 34.8000049692434], [-117.703345491938, 34.800004969887], [-117.692512157089, 34.8000049705306], [-117.681678822239, 34.8000049711741], [-117.670845486389, 34.8000049718176], [-117.660012151538, 34.800004972461], [-117.649178816687, 34.8000049731044], [-117.638345480835, 34.8000049737478], [-117.627512145983, 34.8000049743911], [-117.61667881113, 34.8000049750344], [-117.605845475277, 34.8000049756777], [-117.595012140423, 34.8000049763209], [-117.584178805568, 34.800004976964], [-117.534178797729, 34.8083383138567], [-117.5341788004, 34.8388938732454], [-117.434178784616, 34.8547272139553], [-117.434178782016, 34.8250049886487]]]}}, {"type": "Feature", "properties": {"name": "BULLDOG B MOA", "type": "SUA"}, "geometry": {"type": "Polygon", "coordinates": [[[-82.4997258497118, 33.2336175013631], [-82.383059147955, 33.2002841650817], [-82.1497257464444, 33.216950842806], [-82.1393090773914, 33.2169508431648], [-82.1288924073382, 33.2169508435235], [-82.1184757372849, 33.2169508438822], [-82.1080590682313, 33.2169508442408], [-82.0976423981775, 33.2169508445993], [-82.0872257281235, 33.2169508449577], [-82.0768090590692, 33.216950845316], [-82.0663923890147, 33.2169508456743], [-82.05597571896, 33.2169508460325], [-82.0455590499051, 33.2169508463905], [-82.0351423798499, 33.2169508467485], [-82.0247257097945, 33.2169508471065], [-82.0143090407389, 33.2169508474643], [-82.0038923706831, 33.2169508478221], [-81.9934757006271, 33.2169508481797], [-81.9830590315708, 33.2169508485373], [-81.8413923078184, 32.9002841172614], [-81.9330589860754, 32.5669507059316], [-81.9636145498296, 32.5627840379857], [-82.062225688918, 32.5461173639846], [-82.4247257962032, 32.5752840253725], [-82.733059222715, 32.6308395823175], [-82.8750037266214, 33.0169507737277], [-82.524725856542, 33.2238952763594], [-82.4997258497118, 33.2336175013631]]]}}, {"type": "Feature", "properties": {"name": "BULLDOG E MOA", "type": "SUA"}, "geometry": {"type": "Polygon", "coordinates": [[[-82.1936146221274, 32.670006276212], [-82.1675034980949, 32.5544506953376], [-82.4247257962032, 32.5752840253725], [-82.733059222715, 32.6308395823175], [-82.7719481270847, 32.7369507155038], [-82.4088924655105, 32.7225062806281], [-82.2255590776555, 32.6952840587622], [-82.1936146221274, 32.670006276212]]]}}, {"type": "Feature", "properties": {"name": "CAMPBELL 1 MOA", "type": "SUA"}, "geometry": {"type": "Polygon", "coordinates": [[[-87.4972274884575, 36.5666735513673], [-87.4833385862903, 36.4333401918428], [-87.6500052972651, 36.3833401745374], [-87.6666719730217, 36.4416735192305], [-87.7583386708507, 36.5250068643989], [-87.8333386892541, 36.4833401858539], [-87.9666720834004, 36.8000069084068], [-87.6583386634809, 36.8250069274328], [-87.475838599745, 36.6583402362686], [-87.4758385970714, 36.6200068957729], [-87.4865330451193, 36.6200068952888], [-87.4972274921669, 36.6200068948046], [-87.4972274884575, 36.5666735513673]]]}}, {"type": "Feature", "properties": {"name": "CANNON A MOA", "type": "SUA"}, "geometry": {"type": "Polygon", "coordinates": [[[-92.3166733627481, 37.6750068586648], [-92.3250066918457, 37.6000068446784], [-92.1769510957533, 37.604173520122], [-92.1488955290639, 37.5550068456606], [-92.2025066466183, 37.4555623808324], [-92.417784474179, 37.342784571244], [-92.5166733933696, 37.3833401285055], [-92.5166734131538, 37.6250068392028], [-92.3166733627481, 37.6750068586648]]]}}, {"type": "Feature", "properties": {"name": "CANNON B MOA", "type": "SUA"}, "geometry": {"type": "Polygon", "coordinates": [[[-92.2561177843823, 37.6041735160126], [-92.3252844699215, 37.600006844664], [-92.3169511398239, 37.6750068586503], [-92.2502844569917, 37.6916735321371], [-92.2561177843823, 37.6041735160126]]]}}, {"type": "Feature", "properties": {"name": "CARSON MOA", "type": "SUA"}, "geometry": {"type": "Polygon", "coordinates": [[[-118.251123937947, 40.0166721253725], [-118.634457314037, 39.8500054126957], [-118.634457327445, 39.9500054217426], [-118.251123949226, 40.1000054659883], [-118.239446169219, 40.1000054669233], [-118.227768390211, 40.1000054678582], [-118.216090610202, 40.1000054687931], [-118.204412830192, 40.1000054697279], [-118.192735050182, 40.1000054706626], [-118.181057270172, 40.1000054715972], [-118.16937949116, 40.1000054725318], [-118.157701711148, 40.1000054734662], [-118.146023931135, 40.1000054744006], [-118.134346151122, 40.1000054753349], [-118.122668372108, 40.1000054762692], [-118.110990592093, 40.1000054772033], [-118.099312812078, 40.1000054781374], [-118.087635032061, 40.1000054790714], [-118.075957252045, 40.1000054800053], [-118.064279473027, 40.1000054809392], [-118.052601693009, 40.1000054818729], [-118.04092391299, 40.1000054828066], [-118.029246132971, 40.1000054837402], [-118.017568353951, 40.1000054846738], [-118.00589057393, 40.1000054856072], [-117.994212793909, 40.1000054865406], [-117.982535013887, 40.1000054874739], [-117.970857233864, 40.1000054884071], [-117.959179454841, 40.1000054893402], [-118.251123937947, 40.0166721253725]]]}}, {"type": "Feature", "properties": {"name": "CATO MOA", "type": "SUA"}, "geometry": {"type": "Polygon", "coordinates": [[[-107.183343397877, 34.1583388091781], [-108.075565760714, 33.4661164363648], [-108.800010389527, 33.9000053525821], [-108.800010422255, 34.3250054146709], [-107.183343407458, 34.283338828095], [-107.183343397877, 34.1583388091781]]]}}, {"type": "Feature", "properties": {"name": "CHINA MOA", "type": "SUA"}, "geometry": {"type": "Polygon", "coordinates": [[[-121.164179922781, 39.6430607494307], [-121.422235507684, 39.5647273884782], [-121.541680046152, 40.1155607567886], [-121.164735543175, 40.1227830101956], [-120.905569799289, 39.8533396113783], [-120.907447997441, 39.8522716961395], [-120.909322140593, 39.8511995859007], [-120.911193221744, 39.8501243326618], [-120.913061229894, 39.8490459404229], [-120.914926157043, 39.8479644151841], [-120.916787996191, 39.8468797609452], [-120.918646736338, 39.8457919847064], [-120.920502369484, 39.8447010904675], [-120.922354886629, 39.8436070832287], [-120.924204279773, 39.8425099689898], [-120.926050539916, 39.841409752751], [-120.927893658059, 39.8403064395122], [-120.9297336262, 39.8392000352734], [-120.931570434341, 39.8380905450346], [-120.933404075481, 39.8369779727958], [-120.935234540619, 39.8358623255571], [-120.937061819757, 39.8347436083184], [-120.938885905894, 39.8336218260796], [-120.94070679003, 39.8324969848409], [-120.942524463165, 39.8313690886022], [-120.944338917299, 39.8302381443635], [-120.946150143432, 39.8291041561249], [-120.947958133564, 39.8279671298862], [-120.949762878696, 39.8268270716476], [-120.951564370826, 39.8256839864091], [-120.953362600955, 39.8245378791705], [-120.955157561084, 39.8233887569319], [-120.956949243212, 39.8222366226934], [-120.958737637338, 39.821081484455], [-120.960522737464, 39.8199233462165], [-120.962304532589, 39.8187622139781], [-120.964083016713, 39.8175980937397], [-120.965858179835, 39.8164309905014], [-120.967630014957, 39.815260910263], [-120.969398512078, 39.8140878570248], [-120.971163665198, 39.8129118387865], [-120.972925463318, 39.8117328595483], [-120.974683900436, 39.8105509263101], [-120.976438967553, 39.809366043072], [-120.97819065667, 39.8081782168339], [-120.979938958785, 39.8069874525959], [-120.981683866899, 39.8057937563578], [-120.983425372013, 39.8045971331199], [-120.985163466126, 39.803397589882], [-120.986898141237, 39.8021951306441], [-120.988629389348, 39.8009897624063], [-120.990357201458, 39.7997814911685], [-120.992081570567, 39.7985703219308], [-120.993802488674, 39.7973562616931], [-120.995519947782, 39.7961393144555], [-120.997233938887, 39.7949194862179], [-120.998944453993, 39.7936967849804], [-121.000651487097, 39.7924712137429], [-121.0023550272, 39.7912427805055], [-121.004055069302, 39.7900114902682], [-121.005751603404, 39.7887773490309], [-121.007444622504, 39.7875403617937], [-121.009134118603, 39.7863005365565], [-121.010820083702, 39.7850578773195], [-121.012502509799, 39.7838123900824], [-121.014181389896, 39.7825640818454], [-121.015856714992, 39.7813129586085], [-121.017528478087, 39.7800590253717], [-121.01919667118, 39.7788022891349], [-121.020861285273, 39.7775427548981], [-121.022522315365, 39.7762804286616], [-121.024179751456, 39.775015317425], [-121.025833586546, 39.7737474271885], [-121.027483812635, 39.772476762952], [-121.029130422723, 39.7712033317157], [-121.03077340881, 39.7699271384794], [-121.032412762897, 39.7686481912432], [-121.034048477982, 39.7673664940071], [-121.035680546066, 39.766082053771], [-121.03730896015, 39.7647948765351], [-121.038933712232, 39.7635049692992], [-121.040554794314, 39.7622123370634], [-121.042172198394, 39.7609169868277], [-121.043785919474, 39.759618924592], [-121.045395947553, 39.7583181553566], [-121.04700227563, 39.7570146871211], [-121.048604897707, 39.7557085248857], [-121.050203804783, 39.7543996756504], [-121.051798989858, 39.7530881444152], [-121.053390445932, 39.7517739391801], [-121.054978166005, 39.7504570649451], [-121.056562141077, 39.7491375287102], [-121.058142365148, 39.7478153364753], [-121.059718831218, 39.7464904942406], [-121.061291530287, 39.7451630080059], [-121.062860457356, 39.7438328857714], [-121.064425602423, 39.7425001325369], [-121.065986960489, 39.7411647543026], [-121.067544524555, 39.7398267580683], [-121.069098285619, 39.7384861508342], [-121.070648237683, 39.7371429376001], [-121.072194372745, 39.7357971253662], [-121.073736683807, 39.7344487211323], [-121.075275164868, 39.7330977308986], [-121.076809808927, 39.731744160665], [-121.078340606986, 39.7303880184314], [-121.079867553044, 39.7290293081981], [-121.081390640101, 39.7276680379647], [-121.082909861157, 39.7263042147316], [-121.084425209212, 39.7249378434985], [-121.085936677266, 39.7235689312655], [-121.087444258319, 39.7221974850327], [-121.088947945371, 39.7208235117999], [-121.090447731422, 39.7194470165673], [-121.091943610473, 39.7180680073348], [-121.093435573522, 39.7166864891024], [-121.09492361657, 39.7153024708701], [-121.096407729618, 39.713915956638], [-121.097887908664, 39.7125269544059], [-121.09936414471, 39.711135470174], [-121.100836432754, 39.7097415109422], [-121.102304764798, 39.7083450837106], [-121.103769134841, 39.706946194479], [-121.105229535882, 39.7055448502476], [-121.106685960923, 39.7041410580163], [-121.108138402963, 39.7027348237852], [-121.109586857002, 39.7013261535542], [-121.11103131404, 39.6999150563233], [-121.112471770077, 39.6985015360925], [-121.113908216113, 39.6970856018619], [-121.115340647148, 39.6956672586313], [-121.116769055182, 39.694246514401], [-121.118193435215, 39.6928233761708], [-121.119613780248, 39.6913978489406], [-121.121030083279, 39.6899699407107], [-121.122442338309, 39.6885396584809], [-121.123850538339, 39.6871070082512], [-121.125254677367, 39.6856719980217], [-121.126654749395, 39.6842346327923], [-121.128050746421, 39.682794921563], [-121.129442664447, 39.6813528693339], [-121.130830494472, 39.679908484105], [-121.132214232495, 39.6784617718762], [-121.133593870518, 39.6770127396475], [-121.13496940354, 39.6755613954189], [-121.136340824561, 39.6741077451906], [-121.137708127581, 39.6726517959623], [-121.1390713056, 39.6711935547343], [-121.140430353618, 39.6697330275063], [-121.141785264635, 39.6682702232785], [-121.143136032651, 39.6668051470509], [-121.144482651666, 39.6653378068235], [-121.145825115681, 39.6638682085962], [-121.147163417694, 39.662396361369], [-121.148497552706, 39.660922269142], [-121.149827513718, 39.6594459419151], [-121.151153295728, 39.6579673846885], [-121.152474891738, 39.656486605462], [-121.153792296746, 39.6550036102357], [-121.155105503754, 39.6535184080094], [-121.156414506761, 39.6520310037834], [-121.157719300767, 39.6505414055575], [-121.159019879771, 39.6490496193318], [-121.160316236775, 39.6475556541063], [-121.161608366778, 39.6460595158809], [-121.16289626378, 39.6445612116558], [-121.164179922781, 39.6430607494307]]]}}, {"type": "Feature", "properties": {"name": "CHINOOK A MOA", "type": "SUA"}, "geometry": {"type": "Polygon", "coordinates": [[[-122.634737227979, 47.8705611528634], [-122.659487231916, 47.8705611501208], [-122.659487288622, 48.100366716657], [-122.60998728029, 48.0986167220928], [-122.609987224038, 47.8705611556055], [-122.634737227979, 47.8705611528634]]]}}, {"type": "Feature", "properties": {"name": "CHINOOK B MOA", "type": "SUA"}, "geometry": {"type": "Polygon", "coordinates": [[[-122.684431751139, 48.1547000495716], [-122.68682063179, 48.1197000475675], [-123.084931830249, 48.2174222307523], [-123.076404054843, 48.2330611214613], [-123.06787627944, 48.2487000111703], [-122.684431751139, 48.1547000495716]]]}}, {"type": "Feature", "properties": {"name": "CHURCHILL HIGH MOA", "type": "SUA"}, "geometry": {"type": "Polygon", "coordinates": [[[-118.873557032708, 39.2943011903463], [-118.871239987317, 39.2942888925244], [-118.868923864934, 39.2943411647085], [-118.866611641561, 39.2944579388981], [-118.864306289196, 39.2946390660931], [-118.862010771842, 39.2948843132931], [-118.859728040498, 39.2951933654981], [-118.857461029164, 39.2955658247076], [-118.855212652842, 39.2960012119214], [-118.852985802531, 39.2964989681393], [-118.850783339232, 39.297058453361], [-118.848608097946, 39.2976789485862], [-118.846462873672, 39.2983596548145], [-118.844350425412, 39.2990996990458], [-118.842273471165, 39.2998981272797], [-118.840234681931, 39.3007539155159], [-118.838236681712, 39.3016659617541], [-118.836282038507, 39.3026330929939], [-118.834373270317, 39.3036540672353], [-118.832512832141, 39.3047275694776], [-118.882235053584, 39.2350053372446], [-119.033346188106, 39.2208386572875], [-119.033346210512, 39.3952831181383], [-118.885400440473, 39.393579652495], [-118.887661685793, 39.3931097962763], [-118.889901952109, 39.3926408550594], [-118.892119055413, 39.3921097948385], [-118.894310133704, 39.3915173016142], [-118.896472359984, 39.3908641393865], [-118.89860294325, 39.3901511511559], [-118.900699135502, 39.3893792569226], [-118.902758232741, 39.3885494536869], [-118.904777576966, 39.387662813449], [-118.906754566176, 39.3867204782095], [-118.908686648372, 39.3857236649685], [-118.910571334553, 39.3846736597263], [-118.912406192719, 39.3835718184833], [-118.91418885887, 39.3824195622398], [-118.915917035005, 39.381218376996], [-118.917588494125, 39.3799698137524], [-118.919201083228, 39.3786754835091], [-118.920752725316, 39.3773370552666], [-118.922241422388, 39.3759562550252], [-118.923665257444, 39.3745348647851], [-118.925022397483, 39.3730747185466], [-118.926311097507, 39.3715776983102], [-118.927529699514, 39.370045735076], [-118.928676636504, 39.3684808038443], [-118.929750433479, 39.3668849246156], [-118.930749712437, 39.36526015339], [-118.931673188379, 39.3636085861679], [-118.932519678305, 39.3619323509494], [-118.933288094215, 39.360233610735], [-118.933977453109, 39.3585145525249], [-118.934586870988, 39.3567773943194], [-118.935115568851, 39.3550243751186], [-118.935562870698, 39.353257752923], [-118.935928207531, 39.3514798047327], [-118.936211114348, 39.349692821548], [-118.936411233151, 39.347899107369], [-118.936528310939, 39.3461009711961], [-118.936562205713, 39.3443007310294], [-118.936512878473, 39.3425007048693], [-118.936380399219, 39.3407032127157], [-118.936164944952, 39.3389105675691], [-118.935866800672, 39.3371250804295], [-118.93548635638, 39.3353490502971], [-118.935024106076, 39.3335847631721], [-118.934480653759, 39.3318344910547], [-118.933856704432, 39.3301004889451], [-118.933153066093, 39.3283849868432], [-118.932370651744, 39.3266901947493], [-118.931510474385, 39.3250182946636], [-118.930573645016, 39.323371436586], [-118.929561376638, 39.3217517425167], [-118.928474975251, 39.3201612954558], [-118.927315845856, 39.3186021434035], [-118.926085483454, 39.3170762903596], [-118.924785476044, 39.3155857023243], [-118.923417501628, 39.3141322962977], [-118.921983323205, 39.3127179412797], [-118.920484789777, 39.3113444572705], [-118.918923832345, 39.3100136112699], [-118.917302463907, 39.308727115278], [-118.915622771466, 39.3074866242949], [-118.913886920022, 39.3062937333204], [-118.912097143574, 39.3051499773546], [-118.910255746125, 39.3040568263973], [-118.908365099674, 39.3030156864486], [-118.906427636222, 39.3020278975084], [-118.904445849769, 39.3010947275766], [-118.902422290317, 39.3002173786531], [-118.900359559865, 39.2993969777378], [-118.898260313415, 39.2986345798306], [-118.896127249966, 39.2979311649314], [-118.89396311352, 39.2972876380401], [-118.891770686077, 39.2967048261565], [-118.889552788638, 39.2961834782805], [-118.887312271202, 39.2957242654119], [-118.885052015772, 39.2953277765506], [-118.882774926346, 39.2949945226964], [-118.880483931927, 39.294724931849], [-118.878181977514, 39.2945193510083], [-118.875872021107, 39.2943780431742], [-118.873557032708, 39.2943011903463]]]}}, {"type": "Feature", "properties": {"name": "CHURCHILL LOW MOA", "type": "SUA"}, "geometry": {"type": "Polygon", "coordinates": [[[-118.873139165663, 39.2944973683966], [-118.870826425274, 39.2944966555755], [-118.868515145894, 39.2945605257602], [-118.866208309523, 39.2946888959504], [-118.863908896161, 39.294881601146], [-118.861619872809, 39.2951383913466], [-118.859344196467, 39.2954589355521], [-118.857084804136, 39.295842820762], [-118.854844613817, 39.2962895499763], [-118.852626517509, 39.2967985471946], [-118.850433381213, 39.2973691554165], [-118.84826803493, 39.298000636642], [-118.846133276659, 39.2986921768705], [-118.844031864402, 39.2994428831019], [-118.841966512158, 39.3002517843358], [-118.839939887928, 39.301117838572], [-118.837954609713, 39.3020399248102], [-118.836013244511, 39.3030168530499], [-118.834118301324, 39.304047363291], [-118.832272228153, 39.3051301215331], [-118.830477412996, 39.3062637317759], [-118.828736175855, 39.3074467290191], [-118.827050768729, 39.3086775852624], [-118.825423372619, 39.3099547095054], [-118.823856091524, 39.3112764537479], [-118.822350955446, 39.3126411089895], [-118.820909911384, 39.3140469122299], [-118.819534825338, 39.3154920464688], [-118.818227479308, 39.316974645706], [-118.816989565294, 39.318492793941], [-118.815822689297, 39.3200445281736], [-118.814728362316, 39.3216278444035], [-118.813708005351, 39.3232406946303], [-118.812762941403, 39.3248809948538], [-118.81189439847, 39.3265466250738], [-118.811103503554, 39.3282354312898], [-118.810391285654, 39.3299452315017], [-118.809758670769, 39.3316738127091], [-118.809011101864, 39.3333880629242], [-118.823623933402, 39.2402831202513], [-119.033346188106, 39.2208386572875], [-119.033346210512, 39.3952831181383], [-118.885349767452, 39.3934803554899], [-118.887607796758, 39.3929108622624], [-118.889843719073, 39.3924424670458], [-118.892056452377, 39.3919119388254], [-118.894243129668, 39.3913199666014], [-118.896400915946, 39.3906673173741], [-118.898527014211, 39.3899548371439], [-118.900618670463, 39.389183448911], [-118.902673174701, 39.3883541526757], [-118.904687864925, 39.3874680244383], [-118.906660130135, 39.3865262111991], [-118.90858741733, 39.3855299349585], [-118.910467230511, 39.3844804867168], [-118.912297133676, 39.3833792254742], [-118.914074759826, 39.3822275802312], [-118.91579780696, 39.3810270419878], [-118.917464046079, 39.3797791667447], [-118.919071320182, 39.3784855715019], [-118.920617550269, 39.37714793226], [-118.92210073634, 39.375767982019], [-118.923518961395, 39.3743475087794], [-118.924870392434, 39.3728883525415], [-118.926153281456, 39.3713924033056], [-118.927365972462, 39.369861599072], [-118.928506898452, 39.3682979228409], [-118.929574588426, 39.3667033986127], [-118.930567662383, 39.3650800923877], [-118.931484841325, 39.3634301061662], [-118.93232494225, 39.3617555759484], [-118.933086882159, 39.3600586707347], [-118.933769682052, 39.3583415865253], [-118.93437246293, 39.3566065463205], [-118.934894450792, 39.3548557971205], [-118.935334975639, 39.3530916039256], [-118.93569347347, 39.351316249736], [-118.935969486287, 39.349532034552], [-118.936162664088, 39.3477412643739], [-118.936272761876, 39.3459462592018], [-118.936299645649, 39.344149339036], [-118.936243285408, 39.3423528308766], [-118.936103760154, 39.340559057724], [-118.935881257887, 39.3387703405783], [-118.935576072606, 39.3369889934396], [-118.935188605313, 39.3352173193082], [-118.934719362008, 39.3334576091842], [-118.934168957691, 39.3317121410678], [-118.933538108363, 39.329983169959], [-118.932827637024, 39.3282729318582], [-118.932038466674, 39.3265836387653], [-118.931171625315, 39.3249174736806], [-118.930228235946, 39.3232765916041], [-118.929209526567, 39.3216631135359], [-118.92811681618, 39.3200791234761], [-118.926951524785, 39.3185266704248], [-118.925715161383, 39.3170077603821], [-118.924409327973, 39.3155243563479], [-118.923035718557, 39.3140783743223], [-118.921596109134, 39.3126716833055], [-118.920092365707, 39.3113061022973], [-118.918526435274, 39.309983393298], [-118.916900341837, 39.3087052653072], [-118.915216191396, 39.3074733713252], [-118.913476161952, 39.3062893023518], [-118.911682504505, 39.3051545863871], [-118.909837536056, 39.3040706904309], [-118.907943644606, 39.3030390134833], [-118.906003276155, 39.3020608885443], [-118.904018940703, 39.3011375796135], [-118.901993200251, 39.3002702776911], [-118.899928672801, 39.2994601037769], [-118.897828027351, 39.2987081028708], [-118.895693974904, 39.2980152479727], [-118.893529274459, 39.2973824320824], [-118.891336720018, 39.2968104731998], [-118.88911914358, 39.2963001093248], [-118.886879409146, 39.2958519994571], [-118.884620409717, 39.2954667225967], [-118.882345060293, 39.2951447767434], [-118.880056299876, 39.2948865758969], [-118.877757083464, 39.294692454057], [-118.87545037906, 39.2945626622237], [-118.873139165663, 39.2944973683966]]]}}, {"type": "Feature", "properties": {"name": "COASTAL 5 MOA", "type": "SUA"}, "geometry": {"type": "Polygon", "coordinates": [[[-81.9997256392096, 31.8502838765785], [-81.9997256197363, 31.4002837742877], [-82.2163923650363, 31.750283846996], [-81.9497256349512, 32.0836172639031], [-81.9997256392096, 31.8502838765785]]]}}, {"type": "Feature", "properties": {"name": "COASTAL 6 MOA", "type": "SUA"}, "geometry": {"type": "Polygon", "coordinates": [[[-81.616392206983, 32.1419506208494], [-81.6163922054978, 32.1086172803217], [-81.6247255409398, 32.108617280053], [-81.6330588773817, 32.1086172797842], [-81.6413922128235, 32.1086172795155], [-81.6497255482651, 32.1086172792466], [-81.7247255706051, 32.1169506117061], [-81.7877811454142, 32.1247283894209], [-81.8338922683702, 32.0902839361582], [-81.8569478283195, 32.0500061483225], [-81.8447256022744, 32.0394505903338], [-81.8513922692997, 31.9961172473296], [-81.8872256107481, 31.9502839028152], [-81.8830589424252, 31.9252838972945], [-81.8830589420575, 31.916950561409], [-81.6955588846493, 31.8586172211909], [-81.6955588842847, 31.8502838863005], [-81.7060473923542, 31.8502838859662], [-81.7165359014234, 31.8502838856319], [-81.7270244104924, 31.8502838852975], [-81.7375129195612, 31.850283884963], [-81.7480014276298, 31.8502838846285], [-81.7584899366982, 31.8502838842939], [-81.7689784457663, 31.8502838839592], [-81.7794669548342, 31.8502838836245], [-81.789955462902, 31.8502838832897], [-81.8004439719695, 31.8502838829548], [-81.8109324810367, 31.8502838826198], [-81.8214209901037, 31.8502838822848], [-81.8319094981705, 31.8502838819497], [-81.8423980072371, 31.8502838816145], [-81.8528865163035, 31.8502838812793], [-81.8633750253697, 31.850283880944], [-81.8738635334356, 31.8502838806086], [-81.8843520425013, 31.8502838802731], [-81.8948405515668, 31.8502838799376], [-81.9053290596321, 31.850283879602], [-81.9158175686972, 31.8502838792663], [-81.926306077762, 31.8502838789306], [-81.9367945868266, 31.8502838785948], [-81.947283094891, 31.8502838782589], [-81.9577716039552, 31.850283877923], [-81.9682601130191, 31.8502838775869], [-81.9787486220828, 31.8502838772508], [-81.9892371301463, 31.8502838769147], [-81.9997256392096, 31.8502838765785], [-81.9497256349512, 32.0836172639031], [-81.7663922527903, 32.1836172923907], [-81.6497255508684, 32.166950625414], [-81.616392206983, 32.1419506208494]]]}}, {"type": "Feature", "properties": {"name": "COASTAL 7 MOA", "type": "SUA"}, "geometry": {"type": "Polygon", "coordinates": [[[-81.3288921154764, 31.9794505932873], [-81.3497254489542, 31.8502838972819], [-81.3602052500283, 31.8502838969503], [-81.3706850511022, 31.8502838966186], [-81.3811648521759, 31.8502838962868], [-81.3916446532493, 31.8502838959549], [-81.4021244543225, 31.850283895623], [-81.4126042553955, 31.850283895291], [-81.4230840564683, 31.850283894959], [-81.4335638575409, 31.8502838946269], [-81.4440436586133, 31.8502838942947], [-81.4545234596854, 31.8502838939624], [-81.4650032607573, 31.85028389363], [-81.4754830618291, 31.8502838932976], [-81.4859628629006, 31.8502838929651], [-81.4964426639718, 31.8502838926326], [-81.5069224650428, 31.8502838922999], [-81.5174022661137, 31.8502838919672], [-81.5278820671843, 31.8502838916345], [-81.5383618682548, 31.8502838913016], [-81.5488416693249, 31.8502838909687], [-81.5593214703949, 31.8502838906357], [-81.5698012714647, 31.8502838903027], [-81.5802810725342, 31.8502838899695], [-81.5907608736035, 31.8502838896363], [-81.6012406746726, 31.8502838893031], [-81.6117204757415, 31.8502838889697], [-81.6222002768102, 31.8502838886363], [-81.6326800778786, 31.8502838883028], [-81.6431598789468, 31.8502838879693], [-81.6536396800149, 31.8502838876357], [-81.6641194810827, 31.850283887302], [-81.6745992821502, 31.8502838869682], [-81.6850790832176, 31.8502838866344], [-81.6955588842847, 31.8502838863005], [-81.6955588846493, 31.8586172211909], [-81.6358366447743, 31.8725061152451], [-81.6305588668492, 31.886672785627], [-81.6215033083531, 31.8902283417222], [-81.5978921909492, 31.9018950121213], [-81.5778921855897, 31.9132839043421], [-81.5584477354533, 31.9260616858602], [-81.548169955527, 31.928006130629], [-81.519003280345, 31.9363394664492], [-81.5113921675798, 31.9469505800984], [-81.5097457510497, 31.9458694199057], [-81.5081309695275, 31.9447541317043], [-81.5065487950133, 31.9436053864942], [-81.5050001795075, 31.9424238782757], [-81.5034860550105, 31.9412103180487], [-81.5020073345224, 31.9399654388136], [-81.5005649050437, 31.9386899885703], [-81.4991596365745, 31.937384738319], [-81.4977923741153, 31.9360504730599], [-81.4964639386662, 31.9346879967932], [-81.4951751302274, 31.9332981315191], [-81.4939267227994, 31.9318817142375], [-81.4927194673823, 31.9304395979488], [-81.4915540889765, 31.9289726526532], [-81.490431287582, 31.9274817613507], [-81.4893517381992, 31.9259678220416], [-81.4883160888284, 31.9244317467261], [-81.4873249604697, 31.9228744604042], [-81.4863789481233, 31.9212969030764], [-81.4854786197894, 31.9197000227427], [-81.4846245154684, 31.9180847824034], [-81.4838171461603, 31.9164521540586], [-81.4830569958653, 31.9148031207086], [-81.4823445205836, 31.9131386773535], [-81.4816801463154, 31.9114598239936], [-81.4810642700609, 31.9097675726291], [-81.4804972608201, 31.9080629422603], [-81.4799794565932, 31.9063469588872], [-81.4795111663805, 31.9046206555102], [-81.4790926691819, 31.9028850711296], [-81.4788081850218, 31.9011292447401], [-81.3830587965463, 31.9377839161066], [-81.3288921154764, 31.9794505932873]]]}}, {"type": "Feature", "properties": {"name": "COASTAL 8 MOA", "type": "SUA"}, "geometry": {"type": "Polygon", "coordinates": [[[-81.9497256349512, 32.0836172639031], [-82.2163923650363, 31.750283846996], [-82.4052813231743, 32.0669505783208], [-82.2747257358934, 32.2169506162827], [-81.7663922527903, 32.1836172923907], [-81.9497256349512, 32.0836172639031]]]}}, {"type": "Feature", "properties": {"name": "COLUMBUS 1 MOA", "type": "SUA"}, "geometry": {"type": "Polygon", "coordinates": [[[-88.5166720312988, 33.5625062363453], [-89.2916722461399, 33.5583395374669], [-89.2166722467504, 33.9250062824063], [-88.7500054774917, 34.3833397278062], [-88.0666719375472, 34.1166730355466], [-87.612505130947, 33.9083396768675], [-87.7000051415668, 33.6625062893921], [-88.5166720312988, 33.5625062363453]]]}}, {"type": "Feature", "properties": {"name": "COLUMBUS 2 MOA", "type": "SUA"}, "geometry": {"type": "Polygon", "coordinates": [[[-87.5833384984205, 34.6333398270784], [-87.5750051353374, 34.1666730657316], [-87.8083385354456, 34.1916730614345], [-88.1166719668895, 34.375006419364], [-88.1166719835402, 34.6500064753107], [-87.5833384984205, 34.6333398270784]]]}}, {"type": "Feature", "properties": {"name": "COLUMBUS 3 MOA", "type": "SUA"}, "geometry": {"type": "Polygon", "coordinates": [[[-89.2916722461399, 33.5583395374669], [-90.1500058147344, 33.5458395000884], [-90.0000058105639, 34.1666729656753], [-89.5666723836988, 34.5833397335806], [-89.5561651337899, 34.58333973403], [-89.5456578848807, 34.5833397344792], [-89.5351506359712, 34.5833397349284], [-89.5246433860614, 34.5833397353775], [-89.5141361371513, 34.5833397358264], [-89.5036288872409, 34.5833397362754], [-89.4931216383302, 34.5833397367242], [-89.4826143894192, 34.5833397371729], [-89.4721071395079, 34.5833397376216], [-89.4615998905963, 34.5833397380701], [-89.4510926416844, 34.5833397385186], [-89.4405853917722, 34.583339738967], [-89.4300781428598, 34.5833397394153], [-89.4195708929469, 34.5833397398635], [-89.4090636440339, 34.5833397403117], [-89.3985563951204, 34.5833397407598], [-89.3880491452068, 34.5833397412077], [-89.3775418962927, 34.5833397416556], [-89.3670346473785, 34.5833397421034], [-89.3565273974639, 34.5833397425511], [-89.346020148549, 34.5833397429987], [-89.3355128986338, 34.5833397434463], [-89.3250056497183, 34.5833397438937], [-88.7500054774917, 34.3833397278062], [-89.2166722467504, 33.9250062824063], [-89.2916722461399, 33.5583395374669]]]}}, {"type": "Feature", "properties": {"name": "COLUMBUS 4 MOA", "type": "SUA"}, "geometry": {"type": "Polygon", "coordinates": [[[-87.8666719607538, 35.4083399717252], [-87.7916719028619, 34.8250065243993], [-88.7833388530858, 34.9208398346834], [-88.8375055546794, 35.2250065600459], [-88.183338716032, 35.4083399580182], [-88.1724191729579, 35.4083399584923], [-88.1614996298833, 35.4083399589663], [-88.1505800868085, 35.4083399594401], [-88.1396605427334, 35.4083399599139], [-88.1287409996579, 35.4083399603876], [-88.1178214565821, 35.4083399608611], [-88.1069019135061, 35.4083399613346], [-88.0959823694297, 35.408339961808], [-88.085062826353, 35.4083399622812], [-88.074143283276, 35.4083399627544], [-88.0632237401987, 35.4083399632275], [-88.0523041971211, 35.4083399637004], [-88.0413846530431, 35.4083399641733], [-88.0304651099649, 35.408339964646], [-88.0195455668863, 35.4083399651187], [-88.0086260238075, 35.4083399655912], [-87.9977064797283, 35.4083399660637], [-87.9867869366488, 35.408339966536], [-87.9758673935689, 35.4083399670083], [-87.9649478504889, 35.4083399674804], [-87.9540283074084, 35.4083399679525], [-87.9431087633277, 35.4083399684244], [-87.9321892202466, 35.4083399688963], [-87.9212696771653, 35.408339969368], [-87.9103501340836, 35.4083399698396], [-87.8994305900017, 35.4083399703112], [-87.8885110469193, 35.4083399707826], [-87.8775915038368, 35.4083399712539], [-87.8666719607538, 35.4083399717252]]]}}, {"type": "Feature", "properties": {"name": "CORE MOA", "type": "SUA"}, "geometry": {"type": "Polygon", "coordinates": [[[-76.3349065790116, 34.7587069332166], [-76.412879654759, 34.6714430223855], [-76.418890767901, 34.6780624686643], [-76.4997241297168, 34.7669513738009], [-76.4122241035912, 34.7794513793568], [-76.0747240142659, 35.0752847894888], [-76.0163906602681, 35.0086181096267], [-76.0142267704893, 35.0061403311479], [-76.0232503841596, 35.0041486644217], [-76.0307237192462, 34.9998369962321], [-76.0639759513594, 34.9770222681359], [-76.0780492881269, 34.9654722651366], [-76.0915306808936, 34.9577822630089], [-76.1291701350914, 34.9295500335724], [-76.1550815310548, 34.9089319721898], [-76.1921237629104, 34.8773889080351], [-76.2205101595746, 34.8556436253211], [-76.2273948843789, 34.8492047346772], [-76.2582232258302, 34.8283741730863], [-76.2760907305732, 34.812994447113], [-76.2848037879684, 34.8072622235667], [-76.313641295419, 34.7780894381876], [-76.3349065790116, 34.7587069332166]]]}}, {"type": "Feature", "properties": {"name": "CRYPT CENTRAL MOA", "type": "SUA"}, "geometry": {"type": "Polygon", "coordinates": [[[-94.4436188640631, 42.4241741970041], [-95.8219525636365, 42.3466740938056], [-95.9033415265714, 42.7666741516453], [-95.8911479612674, 42.7666741524756], [-95.8789543949628, 42.7666741533057], [-95.8667608296577, 42.7666741541356], [-95.8545672633522, 42.7666741549654], [-95.842373697046, 42.7666741557949], [-95.8301801317394, 42.7666741566243], [-95.8179865654323, 42.7666741574535], [-95.8057929991246, 42.7666741582825], [-95.7935994338165, 42.7666741591114], [-95.7814058675077, 42.76667415994], [-95.7692123021985, 42.7666741607685], [-95.7570187358888, 42.7666741615968], [-95.7448251695786, 42.7666741624249], [-95.7326316042678, 42.7666741632528], [-95.7204380379565, 42.7666741640805], [-95.7082444726448, 42.7666741649081], [-95.6960509063325, 42.7666741657354], [-95.6838573400197, 42.7666741665626], [-95.6716637747063, 42.7666741673896], [-95.6594702083925, 42.7666741682164], [-95.6472766430782, 42.7666741690431], [-95.6350830767633, 42.7666741698695], [-95.6228895104479, 42.7666741706958], [-95.610695945132, 42.7666741715219], [-95.5985023788156, 42.7666741723478], [-95.5863088124987, 42.7666741731735], [-95.5741152471813, 42.766674173999], [-95.5619216808633, 42.7666741748243], [-95.5497281155449, 42.7666741756495], [-95.5375345492259, 42.7666741764745], [-95.5253409829064, 42.7666741772993], [-95.5131474175864, 42.7666741781239], [-95.5009538512659, 42.7666741789483], [-95.4887602859449, 42.7666741797726], [-95.4765667196233, 42.7666741805966], [-95.4643731533013, 42.7666741814205], [-95.4521795879787, 42.7666741822442], [-95.4399860216557, 42.7666741830677], [-95.4277924563321, 42.766674183891], [-95.415598890008, 42.7666741847141], [-95.4034053236834, 42.7666741855371], [-95.3912117583583, 42.7666741863599], [-95.3790181920327, 42.7666741871824], [-95.3668246257065, 42.7666741880048], [-95.3546310603799, 42.766674188827], [-95.3424374940527, 42.7666741896491], [-95.3302439287251, 42.7666741904709], [-95.3180503623969, 42.7666741912926], [-95.3058567960682, 42.7666741921141], [-95.293663230739, 42.7666741929353], [-95.2814696644093, 42.7666741937565], [-95.2692760990791, 42.7666741945774], [-95.2570825327483, 42.7666741953981], [-95.2448889664171, 42.7666741962187], [-95.2326954010854, 42.766674197039], [-95.2205018347532, 42.7666741978592], [-95.2083082694204, 42.7666741986792], [-95.1961147030871, 42.766674199499], [-95.1839211367534, 42.7666742003186], [-95.1717275714191, 42.7666742011381], [-95.1595340050843, 42.7666742019573], [-95.147340438749, 42.7666742027764], [-95.1351468734132, 42.7666742035953], [-95.1229533070769, 42.766674204414], [-95.1107597417401, 42.7666742052325], [-95.0985661754027, 42.7666742060508], [-95.0863726090649, 42.766674206869], [-95.0741790437265, 42.7666742076869], [-95.0619854773877, 42.7666742085047], [-95.0497919120483, 42.7666742093223], [-95.0375983457085, 42.7666742101397], [-95.0254047793681, 42.7666742109569], [-95.0132112140272, 42.7666742117739], [-95.0010176476858, 42.7666742125908], [-94.9888240823439, 42.7666742134074], [-94.9766305160016, 42.7666742142239], [-94.9644369496587, 42.7666742150402], [-94.9522433843153, 42.7666742158563], [-94.9400498179713, 42.7666742166722], [-94.9278562526269, 42.7666742174879], [-94.915662686282, 42.7666742183035], [-94.9034691199366, 42.7666742191188], [-94.8912755545906, 42.766674219934], [-94.8790819882442, 42.766674220749], [-94.8668884218973, 42.7666742215638], [-94.8546948565499, 42.7666742223784], [-94.8425012902019, 42.7666742231928], [-94.8303077248534, 42.7666742240071], [-94.8181141585045, 42.7666742248211], [-94.8059205921551, 42.766674225635], [-94.7937270268051, 42.7666742264487], [-94.7815334604546, 42.7666742272622], [-94.7693398951037, 42.7666742280755], [-94.7571463287522, 42.7666742288886], [-94.7449527624002, 42.7666742297015], [-94.7327591970477, 42.7666742305143], [-94.7205656306948, 42.7666742313268], [-94.7083720653413, 42.7666742321392], [-94.6961784989873, 42.7666742329514], [-94.6839849326328, 42.7666742337634], [-94.6717913672778, 42.7666742345752], [-94.6595978009223, 42.7666742353869], [-94.6474042345664, 42.7666742361983], [-94.6352106692098, 42.7666742370096], [-94.6230171028529, 42.7666742378206], [-94.6108235374954, 42.7666742386315], [-94.5986299711374, 42.7666742394422], [-94.5864364047789, 42.7666742402527], [-94.5742428394199, 42.766674241063], [-94.5620492730604, 42.7666742418732], [-94.5498557077004, 42.7666742426831], [-94.5376621413399, 42.7666742434929], [-94.5254685749789, 42.7666742443025], [-94.5132750096174, 42.7666742451118], [-94.5010814432554, 42.766674245921], [-94.4888878778929, 42.7666742467301], [-94.4766943115299, 42.7666742475389], [-94.4645007451664, 42.7666742483475], [-94.4523071798024, 42.766674249156], [-94.4401136134379, 42.7666742499642], [-94.4279200470729, 42.7666742507723], [-94.4157264817074, 42.7666742515802], [-94.4035329153414, 42.7666742523879], [-94.391339349975, 42.7666742531954], [-94.3791457836079, 42.7666742540027], [-94.3669522172405, 42.7666742548099], [-94.4436188640631, 42.4241741970041]]]}}, {"type": "Feature", "properties": {"name": "CRYPT SOUTH MOA", "type": "SUA"}, "geometry": {"type": "Polygon", "coordinates": [[[-94.4436188640631, 42.4241741970041], [-94.5563966168507, 41.9463963373036], [-95.7675080704817, 42.0608407198359], [-95.8219525636365, 42.3466740938056], [-94.4436188640631, 42.4241741970041]]]}}, {"type": "Feature", "properties": {"name": "DEMO 2 MOA", "type": "SUA"}, "geometry": {"type": "Polygon", "coordinates": [[[-77.4052801644252, 38.5208410284403], [-77.4788912959679, 38.4833410180772], [-77.5683357700302, 38.5222299116206], [-77.5683357757883, 38.6166743757531], [-77.5386135454257, 38.6305632686816], [-77.4258357316119, 38.6166743811034], [-77.3997246094778, 38.5666743719473], [-77.4052801644252, 38.5208410284403]]]}}, {"type": "Feature", "properties": {"name": "DEMO 3 MOA", "type": "SUA"}, "geometry": {"type": "Polygon", "coordinates": [[[-77.5683357700302, 38.5222299116206], [-77.4788912959679, 38.4833410180772], [-77.4052801644252, 38.5208410284403], [-77.4558357301431, 38.438896565906], [-77.5686135397075, 38.3833409943976], [-77.5794777410691, 38.3833409939917], [-77.5903419414305, 38.3833409935857], [-77.6012061427916, 38.3833409931795], [-77.6120703431526, 38.3833409927732], [-77.6229345445133, 38.3833409923667], [-77.6337987448738, 38.3833409919601], [-77.6446629462341, 38.3833409915534], [-77.6555271465943, 38.3833409911465], [-77.6663913479542, 38.3833409907395], [-77.6608357996869, 38.5388965785223], [-77.5683357757883, 38.6166743757531], [-77.5683357700302, 38.5222299116206]]]}}, {"type": "Feature", "properties": {"name": "DOME MOA", "type": "SUA"}, "geometry": {"type": "Polygon", "coordinates": [[[-114.475844748414, 32.6222272274223], [-114.475844748291, 32.6204595501926], [-114.475844748168, 32.6186918719629], [-114.475844748045, 32.6169241937331], [-114.475844747923, 32.6151565155034], [-114.4758447478, 32.6133888362736], [-114.475844747677, 32.6116211560439], [-114.475844747554, 32.6098534758141], [-114.475844747431, 32.6080857955843], [-114.475844747309, 32.6063181143545], [-114.475844747186, 32.6045504321247], [-114.475844747063, 32.6027827498948], [-114.475844746941, 32.601015067665], [-114.475844746818, 32.5992473844351], [-114.475844746695, 32.5974797002053], [-114.475844746573, 32.5957120159755], [-114.47584474645, 32.5939443317456], [-114.475844746327, 32.5921766465157], [-114.475844746205, 32.5904089602858], [-114.475844746082, 32.5886412740559], [-114.47584474596, 32.586873587826], [-114.475844745837, 32.5851059005961], [-114.475844745715, 32.5833382123661], [-114.477928080099, 32.5833382122627], [-114.480011413483, 32.5833382121592], [-114.482094746868, 32.5833382120558], [-114.484178081252, 32.5833382119524], [-114.486261414636, 32.5833382118489], [-114.48834474802, 32.5833382117454], [-114.490428082404, 32.583338211642], [-114.492511415788, 32.5833382115386], [-114.494594749172, 32.5833382114351], [-114.496678083556, 32.5833382113316], [-114.49876141694, 32.5833382112282], [-114.500844750324, 32.5833382111247], [-114.502928084708, 32.5833382110213], [-114.505011418092, 32.5833382109178], [-114.507094751476, 32.5833382108144], [-114.50917808586, 32.5833382107109], [-114.511261419244, 32.5833382106075], [-114.513344752628, 32.583338210504], [-114.515428087012, 32.5833382104005], [-114.517511420395, 32.5833382102971], [-114.517511420273, 32.5815651720667], [-114.51751142015, 32.5797921338364], [-114.517511420027, 32.578019093606], [-114.517511419904, 32.5762460543756], [-114.517511419781, 32.5744730141452], [-114.517511419659, 32.5726999729148], [-114.517511419536, 32.5709269316844], [-114.517511419413, 32.569153889454], [-114.517511419291, 32.5673808472235], [-114.517511419168, 32.5656078049931], [-114.517511419045, 32.5638347607627], [-114.517511418923, 32.5620617175322], [-114.5175114188, 32.5602886733017], [-114.517511418678, 32.5585156280713], [-114.517511418555, 32.5567425828408], [-114.517511418433, 32.5549695366103], [-114.51751141831, 32.5531964903797], [-114.517511418188, 32.5514234431492], [-114.517511418065, 32.5496503959187], [-114.517511417943, 32.5478773486882], [-114.517511417821, 32.5461042994576], [-114.517511417698, 32.544331251227], [-114.517511417576, 32.5425582019964], [-114.517511417453, 32.5407851517659], [-114.517511417331, 32.5390121015353], [-114.517511417209, 32.5372390503047], [-114.517511417087, 32.5354659990741], [-114.517511416964, 32.5336929468434], [-114.517511416842, 32.5319198946128], [-114.51751141672, 32.5301468423821], [-114.517511416598, 32.5283737881515], [-114.517511416476, 32.5266007349208], [-114.517511416354, 32.5248276806901], [-114.517511416231, 32.5230546254595], [-114.517511416109, 32.5212815702288], [-114.517511415987, 32.5195085139981], [-114.517511415865, 32.5177354577674], [-114.517511415743, 32.5159624005367], [-114.517511415621, 32.5141893433059], [-114.517511415499, 32.5124162860752], [-114.517511415377, 32.5106432268444], [-114.517511415255, 32.5088701686137], [-114.517511415133, 32.5070971093829], [-114.517511415012, 32.5053240491521], [-114.51751141489, 32.5035509889213], [-114.517511414768, 32.5017779276905], [-114.517511414646, 32.5000048664597], [-114.515428081262, 32.5000048665624], [-114.513344746879, 32.5000048666652], [-114.511261413495, 32.500004866768], [-114.509178080111, 32.5000048668708], [-114.507094745727, 32.5000048669736], [-114.505011412343, 32.5000048670763], [-114.502928078959, 32.5000048671791], [-114.500844744575, 32.5000048672819], [-114.498761411191, 32.5000048673847], [-114.496678077807, 32.5000048674874], [-114.494594743424, 32.5000048675902], [-114.49251141004, 32.500004867693], [-114.490428076656, 32.5000048677958], [-114.488344742272, 32.5000048678985], [-114.486261408888, 32.5000048680013], [-114.484178075503, 32.500004868104], [-114.482094741119, 32.5000048682068], [-114.480011407735, 32.5000048683096], [-114.477928074351, 32.5000048684123], [-114.475844739967, 32.5000048685151], [-114.475844739844, 32.4982125102815], [-114.475844739721, 32.4964201520479], [-114.475844739598, 32.4946277928142], [-114.475844739475, 32.4928354325805], [-114.475844739352, 32.4910430723469], [-114.475844739229, 32.4892507121131], [-114.475844739106, 32.4874583508795], [-114.475844738983, 32.4856659886458], [-114.47584473886, 32.4838736264121], [-114.475844738737, 32.4820812641783], [-114.475844738614, 32.4802889009446], [-114.475844738491, 32.4784965367108], [-114.475844738369, 32.4767041724771], [-114.475844738246, 32.4749118082433], [-114.475844738123, 32.4731194430095], [-114.475844738, 32.4713270767758], [-114.475844737877, 32.469534710542], [-114.475844737755, 32.4677423443081], [-114.475844737632, 32.4659499760743], [-114.475844737509, 32.4641576088405], [-114.475844737387, 32.4623652406067], [-114.475844737264, 32.4605728713728], [-114.475844737142, 32.458780502139], [-114.475844737019, 32.4569881319051], [-114.475844736896, 32.4551957616712], [-114.475844736774, 32.4534033904373], [-114.475844736651, 32.4516110192035], [-114.475844736529, 32.4498186479695], [-114.475844736406, 32.4480262747356], [-114.475844736284, 32.4462339025017], [-114.475844736162, 32.4444415282677], [-114.475844736039, 32.4426491550338], [-114.475844735917, 32.4408567797998], [-114.475844735794, 32.4390644055659], [-114.475844735672, 32.4372720293319], [-114.47584473555, 32.4354796540979], [-114.475844735427, 32.4336872768639], [-114.475844735305, 32.4318949006298], [-114.475844735183, 32.4301025223958], [-114.475844735061, 32.4283101441618], [-114.475844734939, 32.4265177659278], [-114.475844734816, 32.4247253866937], [-114.475844734694, 32.4229330074596], [-114.475844734572, 32.4211406272255], [-114.47584473445, 32.4193482469915], [-114.475844734328, 32.4175558657573], [-114.475844734206, 32.4157634835233], [-114.475844734084, 32.4139711012891], [-114.475844733962, 32.412178719055], [-114.47584473384, 32.4103863358209], [-114.475844733718, 32.4085939525867], [-114.475844733596, 32.4068015683526], [-114.475844733474, 32.4050091831184], [-114.475844733352, 32.4032167978842], [-114.47584473323, 32.40142441265], [-114.475844733108, 32.3996320264158], [-114.475844732986, 32.3978396391816], [-114.475844732865, 32.3960472519474], [-114.475844732743, 32.3942548647131], [-114.475844732621, 32.3924624764789], [-114.482875401063, 32.3946038534149], [-114.492382403011, 32.3974998543281], [-114.500790404733, 32.4000408542485], [-114.512947407221, 32.4036868541294], [-114.531619411038, 32.4092548529414], [-114.544149413599, 32.4129898538145], [-114.56314191748, 32.4186598536224], [-114.61338542777, 32.4340848531646], [-114.621530429437, 32.4365848530896], [-114.62579643031, 32.4378948530503], [-114.630994931372, 32.4394618529985], [-114.649495435151, 32.4450378518136], [-114.718124449157, 32.4657253521192], [-114.735554453711, 32.4709788519406], [-114.751455455952, 32.4757703507767], [-114.755414456759, 32.4769563517348], [-114.761029457903, 32.4786378506754], [-114.778052461369, 32.4837348514944], [-114.780820461932, 32.4845628514648], [-114.7826229623, 32.4851093514464], [-114.784777462741, 32.4857878504278], [-114.790269863864, 32.4875134513796], [-114.793013464421, 32.4883088503469], [-114.813786468665, 32.4947733511556], [-114.813963718823, 32.4965978513822], [-114.81340846886, 32.4986088506691], [-114.812505135797, 32.5000865179044], [-114.813341136068, 32.501806518085], [-114.813764469314, 32.5042648513812], [-114.815196469698, 32.5060278525378], [-114.816507970036, 32.5074541026569], [-114.814967469848, 32.5088223529097], [-114.812953469501, 32.5091208520478], [-114.81084596908, 32.5086163530869], [-114.808196968594, 32.5085938522149], [-114.805993468257, 32.509555353448], [-114.803844467935, 32.5105858536872], [-114.802844467833, 32.5117538528874], [-114.802222467818, 32.5131958531042], [-114.802285467963, 32.5151278543504], [-114.803870968343, 32.5164363544407], [-114.80776446909, 32.5169298543117], [-114.810149219615, 32.5182243543606], [-114.810020969708, 32.5199183545855], [-114.810385469882, 32.5214703547676], [-114.811584470195, 32.5228351878843], [-114.813210220577, 32.5240526039607], [-114.812656470569, 32.5254038541624], [-114.811077470382, 32.5268782554307], [-114.808871470113, 32.5288268557912], [-114.807790469996, 32.5300068549969], [-114.80619446981, 32.5315398552736], [-114.805193969744, 32.5332358555419], [-114.803517470537, 32.5346768568108], [-114.802381469419, 32.5359723560341], [-114.801948469508, 32.53841085637], [-114.802200803651, 32.5398081905377], [-114.804345470148, 32.5413351906282], [-114.805273970451, 32.5432548568297], [-114.80582380375, 32.5461215241719], [-114.804218470574, 32.5478348584724], [-114.800919470053, 32.5490263587896], [-114.797891469571, 32.5500678590742], [-114.795447969196, 32.5511068593294], [-114.793780468976, 32.5523338585702], [-114.793009468919, 32.5535593597665], [-114.792076468849, 32.5550138600003], [-114.791629968873, 32.5565358602187], [-114.791534468999, 32.5586068604905], [-114.792541219353, 32.5610643607573], [-114.792912469592, 32.5635318600569], [-114.792343470619, 32.5654318613301], [-114.792154136707, 32.5671905275662], [-114.792548269908, 32.569055861787], [-114.79433047023, 32.5689943616905], [-114.795146803263, 32.567311361433], [-114.797671470526, 32.5644488599387], [-114.801024971042, 32.5630413605908], [-114.804352471458, 32.5602473600655], [-114.806841471819, 32.5588848587664], [-114.809612972303, 32.5585523595859], [-114.811951472788, 32.5593888595776], [-114.813547140202, 32.5611411927241], [-114.814209973538, 32.5642438590909], [-114.813812073645, 32.5668462604458], [-114.813006473627, 32.5687108607261], [-114.811761973464, 32.5696373609073], [-114.808949473039, 32.5709308612136], [-114.806325472643, 32.5721453615005], [-114.803958972289, 32.5732893607655], [-114.802618472141, 32.5746868610121], [-114.801766472101, 32.5763578622697], [-114.801626472213, 32.5783438625325], [-114.803881139808, 32.5809778627597], [-114.803998472946, 32.5826568619701], [-114.802400972864, 32.5856798634389], [-114.80050313969, 32.5881865298561], [-114.800208472766, 32.5900528631111], [-114.79974847283, 32.5921818644082], [-114.799890222989, 32.5941006136483], [-114.801213973413, 32.5967156149191], [-114.801957140708, 32.5990081981772], [-114.804387474231, 32.6001303652007], [-114.805943474557, 32.6007258651999], [-114.80706547483, 32.6016988652692], [-114.808034809113, 32.6032151984161], [-114.807971475254, 32.6054077227014], [-114.809012975664, 32.6085703650566], [-114.808971975845, 32.6112838664077], [-114.809032225989, 32.6131848666494], [-114.809376476144, 32.6145138668032], [-114.80939047632, 32.6170038671229], [-114.808673476339, 32.6191618674363], [-114.80711697622, 32.6215313678189], [-114.805804476028, 32.6222298669742], [-114.801170475321, 32.6242488674652], [-114.798837760944, 32.624967153674], [-114.795790474289, 32.6235718686465], [-114.793382473754, 32.6222163675922], [-114.790459973211, 32.6220956177225], [-114.787726472814, 32.6235778680497], [-114.784902805332, 32.6240808682553], [-114.782827971962, 32.6242288693779], [-114.781847721863, 32.625371618574], [-114.782529472214, 32.6286298699594], [-114.781776472226, 32.6307722032727], [-114.779643472002, 32.6331563706861], [-114.777794471742, 32.6342908709245], [-114.775051471335, 32.6356573702374], [-114.772545971005, 32.6375043716003], [-114.769921470629, 32.6390028709243], [-114.768210470377, 32.6398788711226], [-114.766103470104, 32.6414938714358], [-114.764201469862, 32.6430198717273], [-114.763321469813, 32.6446208729774], [-114.763902470055, 32.6465718731996], [-114.764963470403, 32.6487678734292], [-114.76428547037, 32.6500688736306], [-114.761463470036, 32.6526918731094], [-114.758321469635, 32.6551828735872], [-114.756252469347, 32.6564938738595], [-114.753122468901, 32.6583088742497], [-114.750867801612, 32.6600852085912], [-114.750033112531, 32.6611159867656], [-114.747907621141, 32.661115986872], [-114.745782129752, 32.6611159869783], [-114.743656638362, 32.6611159870847], [-114.741531147973, 32.661115987191], [-114.739405656583, 32.6611159872974], [-114.737280165194, 32.6611159874037], [-114.735154673804, 32.66111598751], [-114.733029182415, 32.6611159876164], [-114.730903692025, 32.6611159877227], [-114.728778200635, 32.661115987829], [-114.726652709246, 32.6611159879354], [-114.724527217856, 32.6611159880417], [-114.722401727466, 32.661115988148], [-114.720276236076, 32.6611159882544], [-114.718150744687, 32.6611159883607], [-114.716025253297, 32.661115988467], [-114.713899761907, 32.6611159885733], [-114.711774271517, 32.6611159886796], [-114.709648780128, 32.661115988786], [-114.707523288738, 32.6611159888923], [-114.705397797348, 32.6611159889986], [-114.703272306958, 32.6611159891049], [-114.701146815568, 32.6611159892113], [-114.699021324178, 32.6611159893176], [-114.696895832788, 32.6611159894239], [-114.694770341398, 32.6611159895302], [-114.692644851008, 32.6611159896365], [-114.690519359618, 32.6611159897428], [-114.688393868228, 32.6611159898491], [-114.686268376838, 32.6611159899554], [-114.684142886448, 32.6611159900618], [-114.682017395058, 32.6611159901681], [-114.679891903668, 32.6611159902744], [-114.677766412278, 32.6611159903807], [-114.675640920888, 32.661115990487], [-114.673515430497, 32.6611159905933], [-114.671389939107, 32.6611159906996], [-114.669264447717, 32.6611159908059], [-114.667138956327, 32.6611159909122], [-114.665013465937, 32.6611159910185], [-114.662887974546, 32.6611159911247], [-114.660762483156, 32.661115991231], [-114.658636991766, 32.6611159913373], [-114.656511500375, 32.6611159914436], [-114.654386009985, 32.6611159915499], [-114.652260518595, 32.6611159916562], [-114.650135027204, 32.6611159917625], [-114.648009535814, 32.6611159918688], [-114.645884045423, 32.6611159919751], [-114.643758554033, 32.6611159920813], [-114.641633062643, 32.6611159921876], [-114.639507571252, 32.6611159922939], [-114.637382079862, 32.6611159924002], [-114.635256589471, 32.6611159925065], [-114.63313109808, 32.6611159926127], [-114.63100560669, 32.661115992719], [-114.628880115299, 32.6611159928253], [-114.626754624909, 32.6611159929315], [-114.624629133518, 32.6611159930378], [-114.622503642127, 32.6611159931441], [-114.620378150737, 32.6611159932504], [-114.618252659346, 32.6611159933566], [-114.616127168955, 32.6611159934629], [-114.614001677565, 32.6611159935691], [-114.611876186174, 32.6611159936754], [-114.609750694783, 32.6611159937817], [-114.607625204392, 32.661115993888], [-114.605499713002, 32.6611159939942], [-114.603374221611, 32.6611159941005], [-114.60124873022, 32.6611159942067], [-114.599123238829, 32.661115994313], [-114.596997748438, 32.6611159944192], [-114.594872257047, 32.6611159945255], [-114.592746765656, 32.6611159946317], [-114.590621274265, 32.661115994738], [-114.588495783874, 32.6611159948442], [-114.586370292483, 32.6611159949505], [-114.584244801092, 32.6611159950567], [-114.582119309701, 32.661115995163], [-114.57999381831, 32.6611159952692], [-114.577868327919, 32.6611159953755], [-114.575742836528, 32.6611159954817], [-114.573617345137, 32.6611159955879], [-114.571491853746, 32.6611159956942], [-114.569366363355, 32.6611159958004], [-114.567240871963, 32.6611159959067], [-114.565115380572, 32.6611159960129], [-114.562989889181, 32.6611159961191], [-114.56086439779, 32.6611159962254], [-114.558738907399, 32.6611159963316], [-114.556613416007, 32.6611159964378], [-114.554487924616, 32.6611159965441], [-114.552362433225, 32.6611159966503], [-114.550236942833, 32.6611159967565], [-114.548111451442, 32.6611159968627], [-114.545985960051, 32.661115996969], [-114.543860468659, 32.6611159970752], [-114.541734977268, 32.6611159971814], [-114.539609486876, 32.6611159972876], [-114.537483995485, 32.6611159973938], [-114.535358504093, 32.6611159975001], [-114.533233012702, 32.6611159976063], [-114.53110752231, 32.6611159977125], [-114.528982030919, 32.6611159978187], [-114.526856539527, 32.6611159979249], [-114.524731048136, 32.6611159980311], [-114.522605556744, 32.6611159981373], [-114.520480066352, 32.6611159982436], [-114.518354574961, 32.6611159983498], [-114.516229083569, 32.661115998456], [-114.514103592177, 32.6611159985622], [-114.511978101786, 32.6611159986684], [-114.509852610394, 32.6611159987746], [-114.507727119002, 32.6611159988808], [-114.505601627611, 32.661115998987], [-114.503476136219, 32.6611159990932], [-114.501350645827, 32.6611159991994], [-114.499225154435, 32.6611159993056], [-114.497099663043, 32.6611159994118], [-114.494974171651, 32.661115999518], [-114.49284868126, 32.6611159996241], [-114.490723189868, 32.6611159997303], [-114.488597698476, 32.6611159998365], [-114.486472207084, 32.6611159999427], [-114.484346715692, 32.6611160000489], [-114.4822212253, 32.6611160001551], [-114.480095733908, 32.6611160002613], [-114.477970242516, 32.6611160003675], [-114.475844751124, 32.6611160004736], [-114.475844751, 32.6593483342442], [-114.475844750877, 32.6575806680147], [-114.475844750754, 32.6558129997851], [-114.47584475063, 32.6540453325556], [-114.475844750507, 32.6522776643261], [-114.475844750384, 32.6505099950965], [-114.47584475026, 32.648742325867], [-114.475844750137, 32.6469746566374], [-114.475844750014, 32.6452069864078], [-114.475844749891, 32.6434393151782], [-114.475844749768, 32.6416716439486], [-114.475844749644, 32.639903972719], [-114.475844749521, 32.6381363004894], [-114.475844749398, 32.6363686272597], [-114.475844749275, 32.6346009540301], [-114.475844749152, 32.6328332798005], [-114.475844749029, 32.6310656055708], [-114.475844748906, 32.6292979313411], [-114.475844748783, 32.6275302561114], [-114.47584474866, 32.6257625798818], [-114.475844748537, 32.6239949036521], [-114.475844748414, 32.6222272274223]]]}}, {"type": "Feature", "properties": {"name": "DUKE MOA", "type": "SUA"}, "geometry": {"type": "Polygon", "coordinates": [[[-77.4052803913537, 41.9083416885572], [-77.7980582515593, 41.3319526751153], [-78.6108362883063, 41.3833415398442], [-78.4830585213119, 42.0444527794237], [-77.4052803913537, 41.9083416885572]]]}}, {"type": "Feature", "properties": {"name": "EUREKA HIGH MOA", "type": "SUA"}, "geometry": {"type": "Polygon", "coordinates": [[[-95.963575914789, 37.0838775230057], [-96.0086187417785, 37.0750065560281], [-96.8122485058593, 37.4433472033641], [-96.8112682877476, 37.4449623326939], [-96.810274903632, 37.4465722410235], [-96.8092867755181, 37.4481842123531], [-96.8083039094057, 37.4497982346828], [-96.8073263142948, 37.4514142980126], [-96.8063539961854, 37.4530323913424], [-96.8053869620777, 37.4546525036723], [-96.8044252179714, 37.4562746230022], [-96.8034687718668, 37.4578987403321], [-96.8025176307636, 37.4595248426621], [-96.8015718006621, 37.4611529189921], [-96.8006312885621, 37.4627829593221], [-96.7996961014636, 37.4644149526522], [-96.7987662463667, 37.4660488869823], [-96.7978417282714, 37.4676847513125], [-96.7969225561776, 37.4693225346426], [-96.7960087350854, 37.4709622269728], [-96.7951002719947, 37.472603815303], [-96.7941971739057, 37.4742472896332], [-96.7932994458181, 37.4758926379635], [-96.7924070967321, 37.4775398502937], [-96.7915201306478, 37.479188914624], [-96.790638554565, 37.4808398199543], [-96.7897623754836, 37.4824925542846], [-96.7888915994039, 37.4841471076148], [-96.7880262323258, 37.4858034679451], [-96.7871662812493, 37.4874616242754], [-96.7863117521743, 37.4891215646057], [-96.7854626501009, 37.4907832789359], [-96.784618983029, 37.4924467552662], [-96.7837807549587, 37.4941119815965], [-96.78294797389, 37.4957789479267], [-96.7821206448229, 37.4974476412569], [-96.7812987737573, 37.4991180525872], [-96.7804823666934, 37.5007901679174], [-96.7796714306309, 37.5024639782475], [-96.7788659695701, 37.5041394695777], [-96.7780659915108, 37.5058166329078], [-96.7772714994531, 37.5074954562379], [-96.776482502397, 37.5091759275679], [-96.7756990033425, 37.510858034898], [-96.7749210102896, 37.5125417682279], [-96.7741485272382, 37.5142271145579], [-96.7733815601884, 37.5159140638878], [-96.7726201151402, 37.5176026042177], [-96.7718641970936, 37.5192927235475], [-96.7711138120485, 37.5209844108773], [-96.7703689660051, 37.522677654207], [-96.7696296629632, 37.5243724425366], [-96.7688959089229, 37.5260687638663], [-96.7681677098842, 37.5277666071959], [-96.7674450708471, 37.5294659595253], [-96.7667279978115, 37.5311668118548], [-96.7660164937775, 37.5328691501841], [-96.7653105667452, 37.5345729635134], [-96.7646102197144, 37.5362782408426], [-96.7639154596852, 37.5379849701718], [-96.7632262896576, 37.5396931405009], [-96.7625427166315, 37.5414027388299], [-96.7618647446071, 37.5431137541589], [-96.7611923795843, 37.5448261754877], [-96.760525624563, 37.5465399898165], [-96.7598644875433, 37.5482551871452], [-96.7592089705252, 37.5499717544738], [-96.7585590795088, 37.5516896798023], [-96.7579148194939, 37.5534089521307], [-96.7572761944805, 37.555129560459], [-96.7566432104688, 37.5568514917872], [-96.7560158714587, 37.5585747341154], [-96.7553941814501, 37.5602992774434], [-96.7547781464432, 37.5620251077713], [-96.7541677704378, 37.5637522150991], [-96.7535630574341, 37.5654805874268], [-96.7529640124319, 37.5672102117544], [-96.7523706404313, 37.5689410780819], [-96.7517829454323, 37.5706731724092], [-96.7512009314349, 37.5724064847364], [-96.7506246034391, 37.5741410020635], [-96.7500539644449, 37.5758767133906], [-96.7494890204523, 37.5776136067174], [-96.7489297754613, 37.5793516700442], [-96.7483762324718, 37.5810908913708], [-96.747828397484, 37.5828312576972], [-96.7472862724978, 37.5845727600236], [-96.7467498635131, 37.5863153833498], [-96.74621917353, 37.5880591176758], [-96.7456942065486, 37.5898039510018], [-96.7451749675687, 37.5915498703276], [-96.7446614595904, 37.5932968646532], [-96.7441536866138, 37.5950449219787], [-96.7436516526387, 37.596794030304], [-96.7431553616652, 37.5985441766292], [-96.7426648166933, 37.6002953499542], [-96.742180022723, 37.6020475392791], [-96.7417009827543, 37.6038007306038], [-96.7412277007872, 37.6055549129283], [-96.7407601798217, 37.6073100742527], [-96.7402984248578, 37.6090662035769], [-96.7398424368955, 37.6108232869009], [-96.7393922219347, 37.6125813132248], [-96.7389477829756, 37.6143402705485], [-96.738509123018, 37.616100146872], [-96.7380762450621, 37.6178609301953], [-96.7376491531078, 37.6196226075185], [-96.737227850155, 37.6213851688415], [-96.7368123402038, 37.6231486001643], [-96.7364026252542, 37.6249128904869], [-96.7359987103063, 37.6266780268093], [-96.7356005963599, 37.6284439981315], [-96.7352082884151, 37.6302107914535], [-96.7348217884719, 37.6319783947753], [-96.7344410995303, 37.6337467970969], [-96.7340662255903, 37.6355159854183], [-96.7336971686519, 37.6372859477396], [-96.733333932715, 37.6390566710606], [-96.7329765187798, 37.6408281453814], [-96.7326249318461, 37.6426003567019], [-96.7322791739141, 37.6443732940223], [-96.7319392479837, 37.6461469433424], [-96.7316051550548, 37.6479212956623], [-96.7312769001275, 37.6496963359821], [-96.7309544852018, 37.6514720533016], [-96.7306379132777, 37.6532484356208], [-96.7303271853552, 37.6550254699399], [-96.7300223054343, 37.6568031452587], [-96.729723275515, 37.6585814485772], [-96.7294300975972, 37.6603603668956], [-96.729142775681, 37.6621398902137], [-96.7288613097665, 37.6639200055315], [-96.7285857048535, 37.6657006998492], [-96.7283159609421, 37.6674819611665], [-96.7280520820323, 37.6692637774836], [-96.7277940691241, 37.6710461368005], [-96.7275419252175, 37.6728290261172], [-96.7272956523124, 37.6746124344335], [-96.727055252409, 37.6763963487496], [-96.7268207275071, 37.6781807570655], [-96.7265920796068, 37.6799656473811], [-96.7263693107081, 37.6817510066964], [-96.726152422811, 37.6835368230115], [-96.7259414169154, 37.6853230843263], [-96.7257362970215, 37.6871097786409], [-96.7255370631291, 37.6888968939551], [-96.7253437182383, 37.6906844162691], [-96.7251562623491, 37.6924723355829], [-96.7249746994615, 37.6942606378963], [-96.7247990295754, 37.6960493112094], [-96.7246292546909, 37.6978383445223], [-96.724465376808, 37.6996277238349], [-96.7243073979267, 37.7014174381472], [-96.7241553180469, 37.7032074744592], [-96.7240091391688, 37.704997820771], [-96.7238688632922, 37.7067884650824], [-96.7237344914172, 37.7085793953935], [-96.7236060255437, 37.7103705977044], [-96.7234834656718, 37.7121620610149], [-96.7233668148015, 37.7139537733252], [-96.7232560719328, 37.7157457216351], [-96.7231512400656, 37.7175378929447], [-96.7230523202, 37.719330277254], [-96.722959312336, 37.721122859563], [-96.7228722184736, 37.7229156298717], [-96.7227910396127, 37.72470857418], [-96.7227157767534, 37.7265016804881], [-96.7226464298957, 37.7282949377958], [-96.7225830010395, 37.7300883321032], [-96.7225254901848, 37.7318818524103], [-96.7224738993318, 37.7336754847171], [-96.7224282274803, 37.7354692190235], [-96.7223884776304, 37.7372630403296], [-96.722354648782, 37.7390569386354], [-96.7223267419352, 37.7408509009407], [-96.7223047580899, 37.7426449142459], [-96.7222886982462, 37.7444389665506], [-96.7222785614042, 37.746233044855], [-96.7222743495636, 37.748027138159], [-96.7222760627246, 37.7498212344628], [-96.7222837008871, 37.7516153187661], [-96.7222972640512, 37.7534093820691], [-96.7223167542168, 37.7552034093718], [-96.722342170384, 37.756997389674], [-96.7223735135528, 37.758791309976], [-96.7224107827231, 37.7605851592775], [-96.7224539788949, 37.7623789235788], [-96.7225031020683, 37.7641725908797], [-96.7225581532433, 37.7659661491801], [-96.7226191314197, 37.7677595864802], [-96.7226860365978, 37.76955289078], [-96.7227588687774, 37.7713460480793], [-96.7228376279585, 37.7731390473783], [-96.7229223141412, 37.7749318756769], [-96.7230129283254, 37.7767245209752], [-96.7231094675111, 37.778516971273], [-96.7232119346984, 37.7803092135705], [-96.7233203268872, 37.7821012358676], [-96.7234346450776, 37.7838930261643], [-96.7235548892694, 37.7856845714606], [-96.7236810584629, 37.7874758587565], [-96.7238131526578, 37.789266878052], [-96.7239511698543, 37.7910576143471], [-96.7240951110524, 37.7928480576419], [-96.7242449762519, 37.7946381939361], [-96.7244007634529, 37.7964280112301], [-96.7245624716555, 37.7982174975236], [-96.7247301018597, 37.8000066408167], [-95.9336187926341, 37.8875067002375], [-95.757785395868, 37.6875066757478], [-95.75789903674, 37.6857075604319], [-95.7580154806128, 37.6839085581158], [-95.7581347274863, 37.6821096707996], [-95.7582567763605, 37.6803109014833], [-95.7583816272356, 37.6785122541667], [-95.7585092791114, 37.6767137298501], [-95.758639730988, 37.6749153325333], [-95.7587729848653, 37.6731170642164], [-95.7589090377435, 37.6713189278993], [-95.7590478906224, 37.669520926582], [-95.759189542502, 37.6677230632647], [-95.7593339943824, 37.6659253399472], [-95.7594812432636, 37.6641277596295], [-95.7596312911455, 37.6623303253117], [-95.7597841360282, 37.6605330399937], [-95.7599397789117, 37.6587359056757], [-95.760098217796, 37.6569389253575], [-95.760259452681, 37.6551421020391], [-95.7604234835667, 37.6533454387206], [-95.7605903104533, 37.651548937402], [-95.7607599313406, 37.6497526010831], [-95.7609323472287, 37.6479564327642], [-95.7611075561175, 37.6461604354452], [-95.7612855600071, 37.644364611126], [-95.7614663558975, 37.6425689628067], [-95.7616499447887, 37.6407734934872], [-95.7618363256806, 37.6389782061676], [-95.7620254975732, 37.6371831028479], [-95.7622174614667, 37.635388187528], [-95.7624122153609, 37.633593461208], [-95.7626097592559, 37.6317989278879], [-95.7628100931516, 37.6300045895676], [-95.7630132160482, 37.6282104502472], [-95.7632191269455, 37.6264165109267], [-95.7634278268435, 37.6246227756061], [-95.7636393137423, 37.6228292462852], [-95.7638535876419, 37.6210359269643], [-95.7640706475422, 37.6192428186433], [-95.7642904944434, 37.6174499253221], [-95.7645131263453, 37.6156572500008], [-95.7647385422479, 37.6138647936794], [-95.7649667431514, 37.6120725613578], [-95.7651977280555, 37.6102805540362], [-95.7654314959606, 37.6084887747143], [-95.7656680468663, 37.6066972263924], [-95.7659073797728, 37.6049059120704], [-95.76614949368, 37.6031148347482], [-95.7663943885881, 37.6013239964259], [-95.7666420644969, 37.5995334001034], [-95.7668925204065, 37.5977430487809], [-95.7671457543168, 37.5959529454582], [-95.7674017682279, 37.5941630911354], [-95.7676605591398, 37.5923734908125], [-95.7679221280525, 37.5905841454895], [-95.7681864739659, 37.5887950591663], [-95.7684535958801, 37.587006233843], [-95.7687234937951, 37.5852176725196], [-95.7689961657108, 37.5834293771961], [-95.7692716126273, 37.5816413518725], [-95.7695498335446, 37.5798535985488], [-95.7698308274626, 37.5780661202249], [-95.7701145943814, 37.5762789199009], [-95.7704011333009, 37.5744919995768], [-95.7706904432213, 37.5727053622526], [-95.7709825231424, 37.5709190099283], [-95.7712773740643, 37.5691329476039], [-95.7715749929869, 37.5673471752793], [-95.7718753819104, 37.5655616979547], [-95.7721785388346, 37.5637765166299], [-95.7724844627595, 37.5619916343051], [-95.7727931526852, 37.56020705498], [-95.7731046096117, 37.5584227806549], [-95.773418831539, 37.5566388133297], [-95.7737358184671, 37.5548551560044], [-95.7740555693959, 37.553071812679], [-95.7743780833255, 37.5512887843534], [-95.7747033602558, 37.5495060750277], [-95.7750313991869, 37.547723686702], [-95.7753621991188, 37.5459416223761], [-95.7756957600514, 37.5441598850502], [-95.7760320799849, 37.5423784767241], [-95.7763711599191, 37.5405974003979], [-95.776712997854, 37.5388166580716], [-95.7770575937898, 37.5370362547452], [-95.7774049457263, 37.5352561904187], [-95.7777550546636, 37.5334764700921], [-95.7781079196016, 37.5316970947655], [-95.7784635385404, 37.5299180684387], [-95.77882191248, 37.5281393931118], [-95.7791830384203, 37.5263610707848], [-95.7795469183615, 37.5245831054577], [-95.7799135493034, 37.5228054991305], [-95.780282931246, 37.5210282558032], [-95.7806550631894, 37.5192513764758], [-95.7810299451337, 37.5174748641483], [-95.7814075760786, 37.5156987218207], [-95.7817879550243, 37.513922952493], [-95.7821710809709, 37.5121475591652], [-95.7825569529181, 37.5103725438374], [-95.7829455718662, 37.5085979085094], [-95.783336934815, 37.5068236581813], [-95.7837310417646, 37.5050497928532], [-95.7841278917149, 37.503276317525], [-95.7845274846661, 37.5015032331966], [-95.784929819618, 37.4997305438681], [-95.7853348955707, 37.4979582515396], [-95.7857427105241, 37.496186358211], [-95.7861532654783, 37.4944148678823], [-95.7865665594333, 37.4926437835535], [-95.786982590389, 37.4908731062246], [-95.7874013573455, 37.4891028398956], [-95.7878228613028, 37.4873329865666], [-95.7882471002608, 37.4855635492374], [-95.7886740732196, 37.4837945309082], [-95.7891037801793, 37.4820259335788], [-95.7895362191396, 37.4802577612494], [-95.7899713901007, 37.4784900149199], [-95.7904092920626, 37.4767226975903], [-95.7908499240253, 37.4749558132607], [-95.7912932859887, 37.4731893629309], [-95.791739374953, 37.4714233506011], [-95.7921881919179, 37.4696577792712], [-95.7926397358837, 37.4678926499412], [-95.7930940048502, 37.4661279656111], [-95.7935509988174, 37.4643637302809], [-95.7940107167855, 37.4625999459506], [-95.7944731577543, 37.4608366156204], [-95.7949383207239, 37.4590737412899], [-95.7954062056942, 37.4573113259594], [-95.7958768096653, 37.4555493716289], [-95.7963501336373, 37.4537878822982], [-95.7968261766099, 37.4520268599675], [-95.7973049365833, 37.4502663076367], [-95.7977864145576, 37.4485062273059], [-95.7982706065325, 37.4467466219749], [-95.7987575145082, 37.4449874946439], [-95.7992471364847, 37.4432288473128], [-95.799739470462, 37.4414706839817], [-95.8002345174401, 37.4397130056504], [-95.8007322744188, 37.4379558153191], [-95.8012327423984, 37.4361991169877], [-95.8017359193788, 37.4344429126562], [-95.8022418053598, 37.4326872043247], [-95.8027503973417, 37.4309319949931], [-95.8032616963244, 37.4291772866614], [-95.8037757003078, 37.4274230843297], [-95.804292409292, 37.4256693879979], [-95.8048118212769, 37.423916201666], [-95.8053339362626, 37.4221635283341], [-95.8058587522491, 37.4204113700021], [-95.8063862692364, 37.41865972867], [-95.8069164852243, 37.4169086083379], [-95.8074493992131, 37.4151580110057], [-95.8079850112027, 37.4134079386734], [-95.808523320193, 37.411658396341], [-95.8090643241841, 37.4099093840086], [-95.8096080231759, 37.4081609056762], [-95.8101544151685, 37.4064129633437], [-95.8107034991619, 37.4046655600111], [-95.8112552751561, 37.4029186986784], [-95.8118097421509, 37.4011723813457], [-95.8123668971466, 37.3994266110129], [-95.8129267421431, 37.3976813906801], [-95.8134892731403, 37.3959367223472], [-95.8140544911383, 37.3941926090143], [-95.814622394137, 37.3924490536812], [-95.8151929811365, 37.3907060573482], [-95.8157662521368, 37.3889636250151], [-95.8163422041379, 37.3872217576819], [-95.8169208381396, 37.3854804583486], [-95.8175021511422, 37.3837397300153], [-95.8180861441456, 37.381999575682], [-95.8186728141497, 37.3802599963486], [-95.8192621611545, 37.3785209960151], [-95.8198541841601, 37.3767825776816], [-95.8204488811665, 37.3750447423481], [-95.8210462521737, 37.3733074940145], [-95.8216462951816, 37.3715708346808], [-95.8222490101903, 37.3698347673471], [-95.8228543951998, 37.3680992950133], [-95.82346244921, 37.3663644196795], [-95.824073171221, 37.3646301433456], [-95.8246865602327, 37.3628964700117], [-95.8253026152452, 37.3611634016778], [-95.8259213342585, 37.3594309413438], [-95.8265427172725, 37.3576990900097], [-95.8271667632873, 37.3559678526756], [-95.8277934703029, 37.3542372303415], [-95.8284228373192, 37.3525072270073], [-95.8290548633363, 37.350777843673], [-95.8296895473541, 37.3490490833387], [-95.8303268883728, 37.3473209500044], [-95.8309668843922, 37.34559344467], [-95.8316095354123, 37.3438665703356], [-95.8322548404332, 37.3421403300012], [-95.8329027964548, 37.3404147266667], [-95.8335534044773, 37.3386897613322], [-95.8342066615005, 37.3369654389976], [-95.8348625675244, 37.3352417596629], [-95.8355211205491, 37.3335187283283], [-95.8361823205746, 37.3317963459936], [-95.8368461656008, 37.3300746156589], [-95.8375126546278, 37.3283535403241], [-95.8381817866556, 37.3266331219893], [-95.8388535596841, 37.3249133636544], [-95.8395279737134, 37.3231942673195], [-95.8402050267434, 37.3214758369847], [-95.8408847177742, 37.3197580746497], [-95.8415670448058, 37.3180409813147], [-95.8422520088381, 37.3163245619797], [-95.8429396058712, 37.3146088176447], [-95.843629836905, 37.3128937523095], [-95.8443226999397, 37.3111793669745], [-95.845018192975, 37.3094656646393], [-95.8457163160111, 37.3077526483041], [-95.846417067048, 37.3060403209689], [-95.8471204450856, 37.3043286846337], [-95.847826449124, 37.3026177422984], [-95.8485350771632, 37.3009074949631], [-95.8492463282031, 37.2991979476278], [-95.8499602022437, 37.2974891012925], [-95.8506766962852, 37.295780958957], [-95.8513958103274, 37.2940735226216], [-95.8521175423703, 37.2923667962862], [-95.852841891414, 37.2906607819507], [-95.8535688554585, 37.2889554806153], [-95.8542984345037, 37.2872508972798], [-95.8550306275497, 37.2855470329442], [-95.8557654315965, 37.2838438916087], [-95.8565028456439, 37.2821414732731], [-95.8572428696922, 37.2804397839375], [-95.8579855017412, 37.2787388226019], [-95.8587307407909, 37.2770385952663], [-95.8594785848415, 37.2753391019306], [-95.8602290328927, 37.2736403455949], [-95.8609820839448, 37.2719423302592], [-95.8617377359976, 37.2702450569235], [-95.8624959890511, 37.2685485285878], [-95.8632568401054, 37.266852748252], [-95.8640202891604, 37.2651577179162], [-95.8647863342162, 37.2634634415805], [-95.8655549742728, 37.2617699192446], [-95.8663262073301, 37.2600771559088], [-95.8671000333882, 37.258385152573], [-95.867876449447, 37.2566939122372], [-95.8686554555066, 37.2550034379013], [-95.8694370505669, 37.2533137315654], [-95.870221231628, 37.2516247952295], [-95.8710079976899, 37.2499366328937], [-95.8717973487524, 37.2482492465577], [-95.8725892818158, 37.2465626382218], [-95.8733837968799, 37.2448768108859], [-95.8741808909448, 37.24319176655], [-95.8749805650103, 37.241507509214], [-95.8757828150767, 37.2398240398781], [-95.8765876421438, 37.2381413615421], [-95.8773950432117, 37.2364594762061], [-95.8782050172803, 37.2347783878702], [-95.8790175633497, 37.2330980975341], [-95.8798326794198, 37.2314186091982], [-95.8806503644906, 37.2297399238622], [-95.8814706165623, 37.2280620455262], [-95.8822934356346, 37.2263849761902], [-95.8831188187077, 37.2247087168541], [-95.8839467657816, 37.2230332725182], [-95.8847772748562, 37.2213586441821], [-95.8856103439316, 37.2196848348461], [-95.8864459720077, 37.2180118475101], [-95.8872841570845, 37.2163396831741], [-95.8881248991622, 37.2146683458381], [-95.8889681952405, 37.2129978375021], [-95.8898140453197, 37.211328160166], [-95.8906624473995, 37.20965931683], [-95.8915133994801, 37.207991310494], [-95.8923669005615, 37.206324143158], [-95.8932229496436, 37.204657817822], [-95.8940815447264, 37.202992335486], [-95.89494268381, 37.2013277001499], [-95.8958063658943, 37.1996639148139], [-95.8966725899795, 37.198000980478], [-95.8975413550653, 37.196338899142], [-95.8984126581518, 37.194677675806], [-95.8992864982392, 37.1930173114701], [-95.9001628743273, 37.1913578081341], [-95.9010417854161, 37.1896991687981], [-95.9019232285056, 37.1880413964622], [-95.902807202596, 37.1863844931263], [-95.903693707687, 37.1847284617903], [-95.9045827397789, 37.1830733044544], [-95.9054742998714, 37.1814190231185], [-95.9063683839647, 37.1797656207826], [-95.9072649930587, 37.1781131004468], [-95.9081641241535, 37.1764614641109], [-95.909065776249, 37.174810714775], [-95.9099699463453, 37.1731608534392], [-95.9108766354423, 37.1715118841033], [-95.91178584054, 37.1698638087675], [-95.9126975606385, 37.1682166294317], [-95.9136117927377, 37.1665703500959], [-95.9145285378377, 37.1649249707602], [-95.9154477919384, 37.1632804964244], [-95.9163695550399, 37.1616369280887], [-95.9172938251421, 37.159994268753], [-95.918220600245, 37.1583525204173], [-95.9191498793487, 37.1567116850816], [-95.9200816614531, 37.1550717667459], [-95.9210159435583, 37.1534327674103], [-95.9219527256642, 37.1517946890747], [-95.9228920047708, 37.1501575347391], [-95.9238337798782, 37.1485213054035], [-95.9247780499863, 37.146886005068], [-95.9257248120952, 37.1452516357325], [-95.9266740662048, 37.1436182003969], [-95.9276258103151, 37.1419857000615], [-95.9285800424262, 37.140354138726], [-95.929536760538, 37.1387235183906], [-95.9304959636505, 37.1370938400552], [-95.9314576507638, 37.1354651087198], [-95.9324218188778, 37.1338373253845], [-95.9333884679926, 37.1322104920491], [-95.9343575951081, 37.1305846127138], [-95.9353291992243, 37.1289596873785], [-95.9363032793413, 37.1273357210433], [-95.937279832459, 37.1257127147081], [-95.9382588575774, 37.1240906713729], [-95.9392403536966, 37.1224695940378], [-95.9402243178165, 37.1208494827026], [-95.9412107499371, 37.1192303423676], [-95.9421996470585, 37.1176121750326], [-95.9431910081806, 37.1159949826975], [-95.9441848313035, 37.1143787663625], [-95.945181115427, 37.1127635310276], [-95.9461798585513, 37.1111492776927], [-95.9471810596764, 37.1095360093578], [-95.9481847158021, 37.1079237270229], [-95.9491908259286, 37.1063124356882], [-95.9501993880559, 37.1047021353533], [-95.9512104011838, 37.1030928290186], [-95.9522238633125, 37.1014845206839], [-95.953239772442, 37.0998772103492], [-95.9542581275721, 37.0982709020146], [-95.955278926703, 37.0966655976801], [-95.9563021688346, 37.0950612993455], [-95.957327849967, 37.093458011011], [-95.9583559711, 37.0918557326765], [-95.9593865292338, 37.0902544683421], [-95.9604195233683, 37.0886542200078], [-95.9614549505036, 37.0870549906734], [-95.9624928106396, 37.0854567813391], [-95.963575914789, 37.0838775230057]]]}}, {"type": "Feature", "properties": {"name": "EUREKA LOW MOA", "type": "SUA"}, "geometry": {"type": "Polygon", "coordinates": [[[-95.963575914789, 37.0838775230057], [-96.0086187417785, 37.0750065560281], [-96.8122485058593, 37.4433472033641], [-96.8112682877476, 37.4449623326939], [-96.810274903632, 37.4465722410235], [-96.8092867755181, 37.4481842123531], [-96.8083039094057, 37.4497982346828], [-96.8073263142948, 37.4514142980126], [-96.8063539961854, 37.4530323913424], [-96.8053869620777, 37.4546525036723], [-96.8044252179714, 37.4562746230022], [-96.8034687718668, 37.4578987403321], [-96.8025176307636, 37.4595248426621], [-96.8015718006621, 37.4611529189921], [-96.8006312885621, 37.4627829593221], [-96.7996961014636, 37.4644149526522], [-96.7987662463667, 37.4660488869823], [-96.7978417282714, 37.4676847513125], [-96.7969225561776, 37.4693225346426], [-96.7960087350854, 37.4709622269728], [-96.7951002719947, 37.472603815303], [-96.7941971739057, 37.4742472896332], [-96.7932994458181, 37.4758926379635], [-96.7924070967321, 37.4775398502937], [-96.7915201306478, 37.479188914624], [-96.790638554565, 37.4808398199543], [-96.7897623754836, 37.4824925542846], [-96.7888915994039, 37.4841471076148], [-96.7880262323258, 37.4858034679451], [-96.7871662812493, 37.4874616242754], [-96.7863117521743, 37.4891215646057], [-96.7854626501009, 37.4907832789359], [-96.784618983029, 37.4924467552662], [-96.7837807549587, 37.4941119815965], [-96.78294797389, 37.4957789479267], [-96.7821206448229, 37.4974476412569], [-96.7812987737573, 37.4991180525872], [-96.7804823666934, 37.5007901679174], [-96.7796714306309, 37.5024639782475], [-96.7788659695701, 37.5041394695777], [-96.7780659915108, 37.5058166329078], [-96.7772714994531, 37.5074954562379], [-96.776482502397, 37.5091759275679], [-96.7756990033425, 37.510858034898], [-96.7749210102896, 37.5125417682279], [-96.7741485272382, 37.5142271145579], [-96.7733815601884, 37.5159140638878], [-96.7726201151402, 37.5176026042177], [-96.7718641970936, 37.5192927235475], [-96.7711138120485, 37.5209844108773], [-96.7703689660051, 37.522677654207], [-96.7696296629632, 37.5243724425366], [-96.7688959089229, 37.5260687638663], [-96.7681677098842, 37.5277666071959], [-96.7674450708471, 37.5294659595253], [-96.7667279978115, 37.5311668118548], [-96.7660164937775, 37.5328691501841], [-96.7653105667452, 37.5345729635134], [-96.7646102197144, 37.5362782408426], [-96.7639154596852, 37.5379849701718], [-96.7632262896576, 37.5396931405009], [-96.7625427166315, 37.5414027388299], [-96.7618647446071, 37.5431137541589], [-96.7611923795843, 37.5448261754877], [-96.760525624563, 37.5465399898165], [-96.7598644875433, 37.5482551871452], [-96.7592089705252, 37.5499717544738], [-96.7585590795088, 37.5516896798023], [-96.7579148194939, 37.5534089521307], [-96.7572761944805, 37.555129560459], [-96.7566432104688, 37.5568514917872], [-96.7560158714587, 37.5585747341154], [-96.7553941814501, 37.5602992774434], [-96.7547781464432, 37.5620251077713], [-96.7541677704378, 37.5637522150991], [-96.7535630574341, 37.5654805874268], [-96.7529640124319, 37.5672102117544], [-96.7523706404313, 37.5689410780819], [-96.7517829454323, 37.5706731724092], [-96.7512009314349, 37.5724064847364], [-96.7506246034391, 37.5741410020635], [-96.7500539644449, 37.5758767133906], [-96.7494890204523, 37.5776136067174], [-96.7489297754613, 37.5793516700442], [-96.7483762324718, 37.5810908913708], [-96.747828397484, 37.5828312576972], [-96.7472862724978, 37.5845727600236], [-96.7467498635131, 37.5863153833498], [-96.74621917353, 37.5880591176758], [-96.7456942065486, 37.5898039510018], [-96.7451749675687, 37.5915498703276], [-96.7446614595904, 37.5932968646532], [-96.7441536866138, 37.5950449219787], [-96.7436516526387, 37.596794030304], [-96.7431553616652, 37.5985441766292], [-96.7426648166933, 37.6002953499542], [-96.742180022723, 37.6020475392791], [-96.7417009827543, 37.6038007306038], [-96.7412277007872, 37.6055549129283], [-96.7407601798217, 37.6073100742527], [-96.7402984248578, 37.6090662035769], [-96.7398424368955, 37.6108232869009], [-96.7393922219347, 37.6125813132248], [-96.7389477829756, 37.6143402705485], [-96.738509123018, 37.616100146872], [-96.7380762450621, 37.6178609301953], [-96.7376491531078, 37.6196226075185], [-96.737227850155, 37.6213851688415], [-96.7368123402038, 37.6231486001643], [-96.7364026252542, 37.6249128904869], [-96.7359987103063, 37.6266780268093], [-96.7356005963599, 37.6284439981315], [-96.7352082884151, 37.6302107914535], [-96.7348217884719, 37.6319783947753], [-96.7344410995303, 37.6337467970969], [-96.7340662255903, 37.6355159854183], [-96.7336971686519, 37.6372859477396], [-96.733333932715, 37.6390566710606], [-96.7329765187798, 37.6408281453814], [-96.7326249318461, 37.6426003567019], [-96.7322791739141, 37.6443732940223], [-96.7319392479837, 37.6461469433424], [-96.7316051550548, 37.6479212956623], [-96.7312769001275, 37.6496963359821], [-96.7309544852018, 37.6514720533016], [-96.7306379132777, 37.6532484356208], [-96.7303271853552, 37.6550254699399], [-96.7300223054343, 37.6568031452587], [-96.729723275515, 37.6585814485772], [-96.7294300975972, 37.6603603668956], [-96.729142775681, 37.6621398902137], [-96.7288613097665, 37.6639200055315], [-96.7285857048535, 37.6657006998492], [-96.7283159609421, 37.6674819611665], [-96.7280520820323, 37.6692637774836], [-96.7277940691241, 37.6710461368005], [-96.7275419252175, 37.6728290261172], [-96.7272956523124, 37.6746124344335], [-96.727055252409, 37.6763963487496], [-96.7268207275071, 37.6781807570655], [-96.7265920796068, 37.6799656473811], [-96.7263693107081, 37.6817510066964], [-96.726152422811, 37.6835368230115], [-96.7259414169154, 37.6853230843263], [-96.7257362970215, 37.6871097786409], [-96.7255370631291, 37.6888968939551], [-96.7253437182383, 37.6906844162691], [-96.7251562623491, 37.6924723355829], [-96.7249746994615, 37.6942606378963], [-96.7247990295754, 37.6960493112094], [-96.7246292546909, 37.6978383445223], [-96.724465376808, 37.6996277238349], [-96.7243073979267, 37.7014174381472], [-96.7241553180469, 37.7032074744592], [-96.7240091391688, 37.704997820771], [-96.7238688632922, 37.7067884650824], [-96.7237344914172, 37.7085793953935], [-96.7236060255437, 37.7103705977044], [-96.7234834656718, 37.7121620610149], [-96.7233668148015, 37.7139537733252], [-96.7232560719328, 37.7157457216351], [-96.7231512400656, 37.7175378929447], [-96.7230523202, 37.719330277254], [-96.722959312336, 37.721122859563], [-96.7228722184736, 37.7229156298717], [-96.7227910396127, 37.72470857418], [-96.7227157767534, 37.7265016804881], [-96.7226464298957, 37.7282949377958], [-96.7225830010395, 37.7300883321032], [-96.7225254901848, 37.7318818524103], [-96.7224738993318, 37.7336754847171], [-96.7224282274803, 37.7354692190235], [-96.7223884776304, 37.7372630403296], [-96.722354648782, 37.7390569386354], [-96.7223267419352, 37.7408509009407], [-96.7223047580899, 37.7426449142459], [-96.7222886982462, 37.7444389665506], [-96.7222785614042, 37.746233044855], [-96.7222743495636, 37.748027138159], [-96.7222760627246, 37.7498212344628], [-96.7222837008871, 37.7516153187661], [-96.7222972640512, 37.7534093820691], [-96.7223167542168, 37.7552034093718], [-96.722342170384, 37.756997389674], [-96.7223735135528, 37.758791309976], [-96.7224107827231, 37.7605851592775], [-96.7224539788949, 37.7623789235788], [-96.7225031020683, 37.7641725908797], [-96.7225581532433, 37.7659661491801], [-96.7226191314197, 37.7677595864802], [-96.7226860365978, 37.76955289078], [-96.7227588687774, 37.7713460480793], [-96.7228376279585, 37.7731390473783], [-96.7229223141412, 37.7749318756769], [-96.7230129283254, 37.7767245209752], [-96.7231094675111, 37.778516971273], [-96.7232119346984, 37.7803092135705], [-96.7233203268872, 37.7821012358676], [-96.7234346450776, 37.7838930261643], [-96.7235548892694, 37.7856845714606], [-96.7236810584629, 37.7874758587565], [-96.7238131526578, 37.789266878052], [-96.7239511698543, 37.7910576143471], [-96.7240951110524, 37.7928480576419], [-96.7242449762519, 37.7946381939361], [-96.7244007634529, 37.7964280112301], [-96.7245624716555, 37.7982174975236], [-96.7247301018597, 37.8000066408167], [-95.9336187926341, 37.8875067002375], [-95.757785395868, 37.6875066757478], [-95.75789903674, 37.6857075604319], [-95.7580154806128, 37.6839085581158], [-95.7581347274863, 37.6821096707996], [-95.7582567763605, 37.6803109014833], [-95.7583816272356, 37.6785122541667], [-95.7585092791114, 37.6767137298501], [-95.758639730988, 37.6749153325333], [-95.7587729848653, 37.6731170642164], [-95.7589090377435, 37.6713189278993], [-95.7590478906224, 37.669520926582], [-95.759189542502, 37.6677230632647], [-95.7593339943824, 37.6659253399472], [-95.7594812432636, 37.6641277596295], [-95.7596312911455, 37.6623303253117], [-95.7597841360282, 37.6605330399937], [-95.7599397789117, 37.6587359056757], [-95.760098217796, 37.6569389253575], [-95.760259452681, 37.6551421020391], [-95.7604234835667, 37.6533454387206], [-95.7605903104533, 37.651548937402], [-95.7607599313406, 37.6497526010831], [-95.7609323472287, 37.6479564327642], [-95.7611075561175, 37.6461604354452], [-95.7612855600071, 37.644364611126], [-95.7614663558975, 37.6425689628067], [-95.7616499447887, 37.6407734934872], [-95.7618363256806, 37.6389782061676], [-95.7620254975732, 37.6371831028479], [-95.7622174614667, 37.635388187528], [-95.7624122153609, 37.633593461208], [-95.7626097592559, 37.6317989278879], [-95.7628100931516, 37.6300045895676], [-95.7630132160482, 37.6282104502472], [-95.7632191269455, 37.6264165109267], [-95.7634278268435, 37.6246227756061], [-95.7636393137423, 37.6228292462852], [-95.7638535876419, 37.6210359269643], [-95.7640706475422, 37.6192428186433], [-95.7642904944434, 37.6174499253221], [-95.7645131263453, 37.6156572500008], [-95.7647385422479, 37.6138647936794], [-95.7649667431514, 37.6120725613578], [-95.7651977280555, 37.6102805540362], [-95.7654314959606, 37.6084887747143], [-95.7656680468663, 37.6066972263924], [-95.7659073797728, 37.6049059120704], [-95.76614949368, 37.6031148347482], [-95.7663943885881, 37.6013239964259], [-95.7666420644969, 37.5995334001034], [-95.7668925204065, 37.5977430487809], [-95.7671457543168, 37.5959529454582], [-95.7674017682279, 37.5941630911354], [-95.7676605591398, 37.5923734908125], [-95.7679221280525, 37.5905841454895], [-95.7681864739659, 37.5887950591663], [-95.7684535958801, 37.587006233843], [-95.7687234937951, 37.5852176725196], [-95.7689961657108, 37.5834293771961], [-95.7692716126273, 37.5816413518725], [-95.7695498335446, 37.5798535985488], [-95.7698308274626, 37.5780661202249], [-95.7701145943814, 37.5762789199009], [-95.7704011333009, 37.5744919995768], [-95.7706904432213, 37.5727053622526], [-95.7709825231424, 37.5709190099283], [-95.7712773740643, 37.5691329476039], [-95.7715749929869, 37.5673471752793], [-95.7718753819104, 37.5655616979547], [-95.7721785388346, 37.5637765166299], [-95.7724844627595, 37.5619916343051], [-95.7727931526852, 37.56020705498], [-95.7731046096117, 37.5584227806549], [-95.773418831539, 37.5566388133297], [-95.7737358184671, 37.5548551560044], [-95.7740555693959, 37.553071812679], [-95.7743780833255, 37.5512887843534], [-95.7747033602558, 37.5495060750277], [-95.7750313991869, 37.547723686702], [-95.7753621991188, 37.5459416223761], [-95.7756957600514, 37.5441598850502], [-95.7760320799849, 37.5423784767241], [-95.7763711599191, 37.5405974003979], [-95.776712997854, 37.5388166580716], [-95.7770575937898, 37.5370362547452], [-95.7774049457263, 37.5352561904187], [-95.7777550546636, 37.5334764700921], [-95.7781079196016, 37.5316970947655], [-95.7784635385404, 37.5299180684387], [-95.77882191248, 37.5281393931118], [-95.7791830384203, 37.5263610707848], [-95.7795469183615, 37.5245831054577], [-95.7799135493034, 37.5228054991305], [-95.780282931246, 37.5210282558032], [-95.7806550631894, 37.5192513764758], [-95.7810299451337, 37.5174748641483], [-95.7814075760786, 37.5156987218207], [-95.7817879550243, 37.513922952493], [-95.7821710809709, 37.5121475591652], [-95.7825569529181, 37.5103725438374], [-95.7829455718662, 37.5085979085094], [-95.783336934815, 37.5068236581813], [-95.7837310417646, 37.5050497928532], [-95.7841278917149, 37.503276317525], [-95.7845274846661, 37.5015032331966], [-95.784929819618, 37.4997305438681], [-95.7853348955707, 37.4979582515396], [-95.7857427105241, 37.496186358211], [-95.7861532654783, 37.4944148678823], [-95.7865665594333, 37.4926437835535], [-95.786982590389, 37.4908731062246], [-95.7874013573455, 37.4891028398956], [-95.7878228613028, 37.4873329865666], [-95.7882471002608, 37.4855635492374], [-95.7886740732196, 37.4837945309082], [-95.7891037801793, 37.4820259335788], [-95.7895362191396, 37.4802577612494], [-95.7899713901007, 37.4784900149199], [-95.7904092920626, 37.4767226975903], [-95.7908499240253, 37.4749558132607], [-95.7912932859887, 37.4731893629309], [-95.791739374953, 37.4714233506011], [-95.7921881919179, 37.4696577792712], [-95.7926397358837, 37.4678926499412], [-95.7930940048502, 37.4661279656111], [-95.7935509988174, 37.4643637302809], [-95.7940107167855, 37.4625999459506], [-95.7944731577543, 37.4608366156204], [-95.7949383207239, 37.4590737412899], [-95.7954062056942, 37.4573113259594], [-95.7958768096653, 37.4555493716289], [-95.7963501336373, 37.4537878822982], [-95.7968261766099, 37.4520268599675], [-95.7973049365833, 37.4502663076367], [-95.7977864145576, 37.4485062273059], [-95.7982706065325, 37.4467466219749], [-95.7987575145082, 37.4449874946439], [-95.7992471364847, 37.4432288473128], [-95.799739470462, 37.4414706839817], [-95.8002345174401, 37.4397130056504], [-95.8007322744188, 37.4379558153191], [-95.8012327423984, 37.4361991169877], [-95.8017359193788, 37.4344429126562], [-95.8022418053598, 37.4326872043247], [-95.8027503973417, 37.4309319949931], [-95.8032616963244, 37.4291772866614], [-95.8037757003078, 37.4274230843297], [-95.804292409292, 37.4256693879979], [-95.8048118212769, 37.423916201666], [-95.8053339362626, 37.4221635283341], [-95.8058587522491, 37.4204113700021], [-95.8063862692364, 37.41865972867], [-95.8069164852243, 37.4169086083379], [-95.8074493992131, 37.4151580110057], [-95.8079850112027, 37.4134079386734], [-95.808523320193, 37.411658396341], [-95.8090643241841, 37.4099093840086], [-95.8096080231759, 37.4081609056762], [-95.8101544151685, 37.4064129633437], [-95.8107034991619, 37.4046655600111], [-95.8112552751561, 37.4029186986784], [-95.8118097421509, 37.4011723813457], [-95.8123668971466, 37.3994266110129], [-95.8129267421431, 37.3976813906801], [-95.8134892731403, 37.3959367223472], [-95.8140544911383, 37.3941926090143], [-95.814622394137, 37.3924490536812], [-95.8151929811365, 37.3907060573482], [-95.8157662521368, 37.3889636250151], [-95.8163422041379, 37.3872217576819], [-95.8169208381396, 37.3854804583486], [-95.8175021511422, 37.3837397300153], [-95.8180861441456, 37.381999575682], [-95.8186728141497, 37.3802599963486], [-95.8192621611545, 37.3785209960151], [-95.8198541841601, 37.3767825776816], [-95.8204488811665, 37.3750447423481], [-95.8210462521737, 37.3733074940145], [-95.8216462951816, 37.3715708346808], [-95.8222490101903, 37.3698347673471], [-95.8228543951998, 37.3680992950133], [-95.82346244921, 37.3663644196795], [-95.824073171221, 37.3646301433456], [-95.8246865602327, 37.3628964700117], [-95.8253026152452, 37.3611634016778], [-95.8259213342585, 37.3594309413438], [-95.8265427172725, 37.3576990900097], [-95.8271667632873, 37.3559678526756], [-95.8277934703029, 37.3542372303415], [-95.8284228373192, 37.3525072270073], [-95.8290548633363, 37.350777843673], [-95.8296895473541, 37.3490490833387], [-95.8303268883728, 37.3473209500044], [-95.8309668843922, 37.34559344467], [-95.8316095354123, 37.3438665703356], [-95.8322548404332, 37.3421403300012], [-95.8329027964548, 37.3404147266667], [-95.8335534044773, 37.3386897613322], [-95.8342066615005, 37.3369654389976], [-95.8348625675244, 37.3352417596629], [-95.8355211205491, 37.3335187283283], [-95.8361823205746, 37.3317963459936], [-95.8368461656008, 37.3300746156589], [-95.8375126546278, 37.3283535403241], [-95.8381817866556, 37.3266331219893], [-95.8388535596841, 37.3249133636544], [-95.8395279737134, 37.3231942673195], [-95.8402050267434, 37.3214758369847], [-95.8408847177742, 37.3197580746497], [-95.8415670448058, 37.3180409813147], [-95.8422520088381, 37.3163245619797], [-95.8429396058712, 37.3146088176447], [-95.843629836905, 37.3128937523095], [-95.8443226999397, 37.3111793669745], [-95.845018192975, 37.3094656646393], [-95.8457163160111, 37.3077526483041], [-95.846417067048, 37.3060403209689], [-95.8471204450856, 37.3043286846337], [-95.847826449124, 37.3026177422984], [-95.8485350771632, 37.3009074949631], [-95.8492463282031, 37.2991979476278], [-95.8499602022437, 37.2974891012925], [-95.8506766962852, 37.295780958957], [-95.8513958103274, 37.2940735226216], [-95.8521175423703, 37.2923667962862], [-95.852841891414, 37.2906607819507], [-95.8535688554585, 37.2889554806153], [-95.8542984345037, 37.2872508972798], [-95.8550306275497, 37.2855470329442], [-95.8557654315965, 37.2838438916087], [-95.8565028456439, 37.2821414732731], [-95.8572428696922, 37.2804397839375], [-95.8579855017412, 37.2787388226019], [-95.8587307407909, 37.2770385952663], [-95.8594785848415, 37.2753391019306], [-95.8602290328927, 37.2736403455949], [-95.8609820839448, 37.2719423302592], [-95.8617377359976, 37.2702450569235], [-95.8624959890511, 37.2685485285878], [-95.8632568401054, 37.266852748252], [-95.8640202891604, 37.2651577179162], [-95.8647863342162, 37.2634634415805], [-95.8655549742728, 37.2617699192446], [-95.8663262073301, 37.2600771559088], [-95.8671000333882, 37.258385152573], [-95.867876449447, 37.2566939122372], [-95.8686554555066, 37.2550034379013], [-95.8694370505669, 37.2533137315654], [-95.870221231628, 37.2516247952295], [-95.8710079976899, 37.2499366328937], [-95.8717973487524, 37.2482492465577], [-95.8725892818158, 37.2465626382218], [-95.8733837968799, 37.2448768108859], [-95.8741808909448, 37.24319176655], [-95.8749805650103, 37.241507509214], [-95.8757828150767, 37.2398240398781], [-95.8765876421438, 37.2381413615421], [-95.8773950432117, 37.2364594762061], [-95.8782050172803, 37.2347783878702], [-95.8790175633497, 37.2330980975341], [-95.8798326794198, 37.2314186091982], [-95.8806503644906, 37.2297399238622], [-95.8814706165623, 37.2280620455262], [-95.8822934356346, 37.2263849761902], [-95.8831188187077, 37.2247087168541], [-95.8839467657816, 37.2230332725182], [-95.8847772748562, 37.2213586441821], [-95.8856103439316, 37.2196848348461], [-95.8864459720077, 37.2180118475101], [-95.8872841570845, 37.2163396831741], [-95.8881248991622, 37.2146683458381], [-95.8889681952405, 37.2129978375021], [-95.8898140453197, 37.211328160166], [-95.8906624473995, 37.20965931683], [-95.8915133994801, 37.207991310494], [-95.8923669005615, 37.206324143158], [-95.8932229496436, 37.204657817822], [-95.8940815447264, 37.202992335486], [-95.89494268381, 37.2013277001499], [-95.8958063658943, 37.1996639148139], [-95.8966725899795, 37.198000980478], [-95.8975413550653, 37.196338899142], [-95.8984126581518, 37.194677675806], [-95.8992864982392, 37.1930173114701], [-95.9001628743273, 37.1913578081341], [-95.9010417854161, 37.1896991687981], [-95.9019232285056, 37.1880413964622], [-95.902807202596, 37.1863844931263], [-95.903693707687, 37.1847284617903], [-95.9045827397789, 37.1830733044544], [-95.9054742998714, 37.1814190231185], [-95.9063683839647, 37.1797656207826], [-95.9072649930587, 37.1781131004468], [-95.9081641241535, 37.1764614641109], [-95.909065776249, 37.174810714775], [-95.9099699463453, 37.1731608534392], [-95.9108766354423, 37.1715118841033], [-95.91178584054, 37.1698638087675], [-95.9126975606385, 37.1682166294317], [-95.9136117927377, 37.1665703500959], [-95.9145285378377, 37.1649249707602], [-95.9154477919384, 37.1632804964244], [-95.9163695550399, 37.1616369280887], [-95.9172938251421, 37.159994268753], [-95.918220600245, 37.1583525204173], [-95.9191498793487, 37.1567116850816], [-95.9200816614531, 37.1550717667459], [-95.9210159435583, 37.1534327674103], [-95.9219527256642, 37.1517946890747], [-95.9228920047708, 37.1501575347391], [-95.9238337798782, 37.1485213054035], [-95.9247780499863, 37.146886005068], [-95.9257248120952, 37.1452516357325], [-95.9266740662048, 37.1436182003969], [-95.9276258103151, 37.1419857000615], [-95.9285800424262, 37.140354138726], [-95.929536760538, 37.1387235183906], [-95.9304959636505, 37.1370938400552], [-95.9314576507638, 37.1354651087198], [-95.9324218188778, 37.1338373253845], [-95.9333884679926, 37.1322104920491], [-95.9343575951081, 37.1305846127138], [-95.9353291992243, 37.1289596873785], [-95.9363032793413, 37.1273357210433], [-95.937279832459, 37.1257127147081], [-95.9382588575774, 37.1240906713729], [-95.9392403536966, 37.1224695940378], [-95.9402243178165, 37.1208494827026], [-95.9412107499371, 37.1192303423676], [-95.9421996470585, 37.1176121750326], [-95.9431910081806, 37.1159949826975], [-95.9441848313035, 37.1143787663625], [-95.945181115427, 37.1127635310276], [-95.9461798585513, 37.1111492776927], [-95.9471810596764, 37.1095360093578], [-95.9481847158021, 37.1079237270229], [-95.9491908259286, 37.1063124356882], [-95.9501993880559, 37.1047021353533], [-95.9512104011838, 37.1030928290186], [-95.9522238633125, 37.1014845206839], [-95.953239772442, 37.0998772103492], [-95.9542581275721, 37.0982709020146], [-95.955278926703, 37.0966655976801], [-95.9563021688346, 37.0950612993455], [-95.957327849967, 37.093458011011], [-95.9583559711, 37.0918557326765], [-95.9593865292338, 37.0902544683421], [-95.9604195233683, 37.0886542200078], [-95.9614549505036, 37.0870549906734], [-95.9624928106396, 37.0854567813391], [-95.963575914789, 37.0838775230057]]]}}, {"type": "Feature", "properties": {"name": "FALLON NORTH 3 MOA", "type": "SUA"}, "geometry": {"type": "Polygon", "coordinates": [[[-117.394568200971, 39.7679221698233], [-117.422790424952, 39.745283276451], [-117.426929321164, 39.7945610588278], [-117.394568200971, 39.7679221698233]]]}}, {"type": "Feature", "properties": {"name": "FALLON NORTH 3 MOA", "type": "SUA"}, "geometry": {"type": "Polygon", "coordinates": [[[-116.998623727895, 40.0833388972235], [-117.394568200971, 39.7679221698233], [-117.426929321164, 39.7945610588278], [-117.437512672607, 39.9197277358965], [-117.567512704271, 39.9861166208887], [-117.400846030384, 40.1522277607876], [-117.402512707035, 40.2211166561376], [-116.998068208114, 40.3436167001247], [-116.998623727895, 40.0833388972235]]]}}, {"type": "Feature", "properties": {"name": "FALLON SOUTH 3 MOA", "type": "SUA"}, "geometry": {"type": "Polygon", "coordinates": [[[-117.885568153358, 38.7166720309866], [-118.034179289925, 38.7166720198821], [-117.384179232852, 39.1666721125884], [-117.384179203812, 38.9333387557412], [-117.885568153358, 38.7166720309866]]]}}, {"type": "Feature", "properties": {"name": "FORT BRAGG NORTH AREA B MOA", "type": "SUA"}, "geometry": {"type": "Polygon", "coordinates": [[[-79.1205207740173, 35.2576045565087], [-79.1205582829368, 35.2558402821265], [-79.1227461845984, 35.2558797580584], [-79.12493408826, 35.2559191949904], [-79.1271219939216, 35.2559585909224], [-79.1293099025831, 35.2559979488543], [-79.1314978122446, 35.2560372657862], [-79.1336857249062, 35.2560765437181], [-79.1358736395677, 35.25611578265], [-79.1380615562292, 35.2561549815819], [-79.1402494748907, 35.2561941405138], [-79.1424373955522, 35.2562332604456], [-79.1446253182137, 35.2562723413775], [-79.1468132428752, 35.2563113813093], [-79.1490011705366, 35.2563503832412], [-79.151189099198, 35.256389344173], [-79.1533770308594, 35.2564282661047], [-79.1555649645209, 35.2564671490365], [-79.1577528991823, 35.2565059919683], [-79.1599408368437, 35.2565447949001], [-79.1621287765051, 35.2565835588318], [-79.1643167181665, 35.2566222827635], [-79.1665046618279, 35.2566609676952], [-79.1686926084892, 35.2566996126269], [-79.1708805561506, 35.2567382185586], [-79.173068505812, 35.2567767844902], [-79.1752564584733, 35.2568153114219], [-79.1774444121346, 35.2568537973535], [-79.179632368796, 35.2568922452852], [-79.1818203264573, 35.2569306532168], [-79.1840082871186, 35.2569690211484], [-79.1861962497799, 35.25700735008], [-79.1883842144411, 35.2570456390116], [-79.1905721801024, 35.2570838879431], [-79.1927601487636, 35.2571220978747], [-79.1949481194249, 35.2571602688063], [-79.1971360920862, 35.2571983997378], [-79.1993240667474, 35.2572364906692], [-79.2015120444086, 35.2572745426008], [-79.2037000230698, 35.2573125545322], [-79.205888003731, 35.2573505274637], [-79.2080759863922, 35.2573884603951], [-79.2102639710534, 35.2574263533266], [-79.2124519587145, 35.2574642072581], [-79.2146399473757, 35.2575020221895], [-79.2168279390369, 35.2575397961209], [-79.219015931698, 35.2575775320522], [-79.2212039263592, 35.2576152269836], [-79.2233919240202, 35.257652883915], [-79.2255799226814, 35.2576904998463], [-79.2277679243424, 35.2577280767777], [-79.2299559270036, 35.257765614709], [-79.2321439326646, 35.2578031126403], [-79.2343319393257, 35.2578405705716], [-79.2365199489868, 35.2578779895029], [-79.2387079606478, 35.2579153684342], [-79.2408959733089, 35.2579527083654], [-79.2430839889699, 35.2579900082966], [-79.2452720056309, 35.2580272682279], [-79.247460025292, 35.2580644891591], [-79.249648046953, 35.2581016710903], [-79.2518360696139, 35.2581388120215], [-79.2540240952749, 35.2581759149527], [-79.2562121219359, 35.2582129768838], [-79.2584001515969, 35.2582500008149], [-79.2605881832578, 35.2582869837461], [-79.2627762159188, 35.2583239276772], [-79.2649642515797, 35.2583608326083], [-79.2671522882406, 35.2583976975395], [-79.2693403279015, 35.2584345224705], [-79.2715283685624, 35.2584713084016], [-79.2737164122233, 35.2585080543327], [-79.2759044568842, 35.2585447612637], [-79.2780925035451, 35.2585814281947], [-79.2802805532059, 35.2586180551257], [-79.280242002287, 35.2603927565098], [-79.2802034503681, 35.2621674568939], [-79.2801648954492, 35.2639421572779], [-79.2801263405303, 35.2657168566619], [-79.2800877826115, 35.267491555046], [-79.2800492236926, 35.26926625343], [-79.2800106627737, 35.271040951814], [-79.2799720998549, 35.272815649198], [-79.2799335359361, 35.2745903455819], [-79.2798949700173, 35.2763650419659], [-79.2798564030984, 35.2781397373498], [-79.2798178331796, 35.2799144327337], [-79.2797792622608, 35.2816891281176], [-79.2797406903421, 35.2834638215015], [-79.2797021154233, 35.2852385158854], [-79.2796635395046, 35.2870132082693], [-79.2796249625858, 35.2887879006531], [-79.279586382667, 35.290562593037], [-79.2795478017483, 35.2923372844208], [-79.2795092188296, 35.2941119758046], [-79.2794706349109, 35.2958866661884], [-79.2794320489922, 35.2976613555722], [-79.2793934610735, 35.2994360449559], [-79.2793548711548, 35.3012107343397], [-79.2793162802361, 35.3029854217234], [-79.2792776873175, 35.3047601101072], [-79.2792390933988, 35.3065347974909], [-79.2792004974802, 35.3083094838746], [-79.2791618995615, 35.3100841702583], [-79.2791232996429, 35.311858855642], [-79.2790846987243, 35.3136335410256], [-79.2790460958057, 35.3154082254093], [-79.2790074908871, 35.3171829087929], [-79.2789688849685, 35.3189575921765], [-79.27893027705, 35.3207322755601], [-79.2788916671314, 35.3225069579437], [-79.2767036544713, 35.322489357017], [-79.2745156438112, 35.3224717170902], [-79.2723276331511, 35.3224540381635], [-79.270139623491, 35.3224363182367], [-79.267951614831, 35.32241855931], [-79.2657636071708, 35.3224007613832], [-79.2635756005107, 35.3223829234564], [-79.2613875948506, 35.3223650455296], [-79.2591995901904, 35.3223471286028], [-79.2570115865303, 35.3223291716759], [-79.2548235838701, 35.3223111747491], [-79.2526355822099, 35.3222931388222], [-79.2504475815497, 35.3222750638953], [-79.2482595818895, 35.3222569479685], [-79.2460715832293, 35.3222387940415], [-79.2438835855691, 35.3222205991146], [-79.2416955889089, 35.3222023651877], [-79.2395075922487, 35.3221840912608], [-79.2373195975884, 35.3221657783338], [-79.2351316039281, 35.3221474254069], [-79.2329436112678, 35.3221290334799], [-79.2307556186075, 35.3221106015529], [-79.2285676279473, 35.3220921296258], [-79.226379638287, 35.3220736186988], [-79.2241916496266, 35.3220550677718], [-79.2220036609663, 35.3220364778448], [-79.219815674306, 35.3220178479177], [-79.2176276886456, 35.3219991789906], [-79.2154397039853, 35.3219804690635], [-79.2132517193249, 35.3219617211364], [-79.2110637366646, 35.3219429322094], [-79.2088757550042, 35.3219241042822], [-79.2066877743438, 35.3219052373551], [-79.2044997936834, 35.3218863304279], [-79.2023118150229, 35.3218673835007], [-79.2001238373625, 35.3218483975736], [-79.1979358607021, 35.3218293716464], [-79.1957478850416, 35.3218103057191], [-79.1935599103812, 35.321791200792], [-79.1913719367207, 35.3217720568647], [-79.1891839640602, 35.3217528719375], [-79.1869959923997, 35.3217336490102], [-79.1848080217392, 35.3217143850829], [-79.1826200520787, 35.3216950821557], [-79.1804320834182, 35.3216757402284], [-79.1782441157577, 35.321656357301], [-79.1760561500971, 35.3216369363737], [-79.1738681844366, 35.3216174744464], [-79.171680219776, 35.321597973519], [-79.1694922571155, 35.3215784335917], [-79.1673042944548, 35.3215588526643], [-79.1651163337943, 35.3215392337369], [-79.1629283731337, 35.3215195738095], [-79.1607404144731, 35.3214998748821], [-79.1585524558124, 35.3214801369547], [-79.1563644991518, 35.3214603590272], [-79.1541765434911, 35.3214405410997], [-79.1519885888305, 35.3214206841723], [-79.1498006351698, 35.3214007872448], [-79.1476126825091, 35.3213808503173], [-79.1454247308485, 35.3213608743898], [-79.1432367801878, 35.3213408584623], [-79.1410488305271, 35.3213208035347], [-79.1388608828663, 35.3213007086072], [-79.1366729352056, 35.3212805746796], [-79.1344849895449, 35.321260400752], [-79.1322970438841, 35.3212401868244], [-79.1301091002234, 35.3212199338969], [-79.1279211575626, 35.3211996409692], [-79.1257332149018, 35.3211793090416], [-79.1235452742411, 35.3211589371139], [-79.1213573355802, 35.3211385251863], [-79.1191693969194, 35.3211180742586], [-79.1192069638386, 35.3193538188769], [-79.1192445287578, 35.3175895634952], [-79.1192820916771, 35.3158253071135], [-79.1193196535963, 35.3140610507317], [-79.1193572145156, 35.31229679335], [-79.1193947724348, 35.3105325359682], [-79.1194323303541, 35.3087682775865], [-79.1194698852734, 35.3070040182046], [-79.1195074391927, 35.3052397588228], [-79.119544991112, 35.303475499441], [-79.1195825420313, 35.3017112390591], [-79.1196200899506, 35.2999469776773], [-79.11965763787, 35.2981827162955], [-79.1196951827893, 35.2964184539136], [-79.1197327277087, 35.2946541915317], [-79.1197702696281, 35.2928899281497], [-79.1198078105474, 35.2911256647678], [-79.1198453494668, 35.2893614013859], [-79.1198828863861, 35.287597136004], [-79.1199204223056, 35.285832870622], [-79.119957957225, 35.28406860524], [-79.1199954891444, 35.282304338858], [-79.1200330200638, 35.280540072476], [-79.1200705499833, 35.278775805094], [-79.1201080769027, 35.277011537712], [-79.1201456028222, 35.2752472693299], [-79.1201831277416, 35.2734829999479], [-79.1202206506612, 35.2717187305658], [-79.1202581715806, 35.2699544611837], [-79.1202956915001, 35.2681901908016], [-79.1203332094196, 35.2664259194195], [-79.1203707253391, 35.2646616480373], [-79.1204082402587, 35.2628973756552], [-79.1204457531782, 35.2611331032731], [-79.1204832640977, 35.2593688298908], [-79.1205207740173, 35.2576045565087]]]}}, {"type": "Feature", "properties": {"name": "FORT BRAGG SOUTH AREA B MOA", "type": "SUA"}, "geometry": {"type": "Polygon", "coordinates": [[[-79.1379606701833, 34.9255706679771], [-79.1386138262946, 34.9238957655905], [-79.1407941589524, 34.923927433522], [-79.1429744936101, 34.9239590624536], [-79.1451548292679, 34.9239906523852], [-79.1473351669257, 34.9240222033167], [-79.1495155065834, 34.9240537152482], [-79.1516958482411, 34.9240851881797], [-79.1538761908988, 34.9241166211112], [-79.1560565355566, 34.9241480160427], [-79.1582368812143, 34.9241793709742], [-79.160417228872, 34.9242106869056], [-79.1625975785296, 34.924241963837], [-79.1647779291873, 34.9242732017685], [-79.166958281845, 34.9243044006999], [-79.1691386365026, 34.9243355606313], [-79.1713189921603, 34.9243666805627], [-79.1734993498179, 34.9243977624941], [-79.1756797094755, 34.9244288044254], [-79.1778600701332, 34.9244598083568], [-79.1800404327908, 34.9244907722881], [-79.1822207964483, 34.9245216972194], [-79.1844011631059, 34.9245525821507], [-79.1865815297635, 34.924583429082], [-79.1887618994211, 34.9246142370133], [-79.1909422700786, 34.9246450049446], [-79.1931226427362, 34.9246757348758], [-79.1953030163937, 34.9247064248071], [-79.1974833920512, 34.9247370757383], [-79.1996637687087, 34.9247676876695], [-79.2018441483662, 34.9247982606007], [-79.2040245280238, 34.9248287935319], [-79.2062049106813, 34.9248592884631], [-79.2083852943387, 34.9248897433942], [-79.2105656799962, 34.9249201603254], [-79.2127460666536, 34.9249505372565], [-79.2149264553111, 34.9249808751877], [-79.2171068449685, 34.9250111741188], [-79.219287236626, 34.9250414340498], [-79.2214676302833, 34.925071654981], [-79.2236480249408, 34.925101835912], [-79.2258284215981, 34.9251319788431], [-79.2280088192555, 34.9251620817741], [-79.2301892189129, 34.9251921457052], [-79.2323696205703, 34.9252221716362], [-79.2345500232276, 34.9252521565672], [-79.236730427885, 34.9252821034982], [-79.2389108335423, 34.9253120114292], [-79.2410912411997, 34.9253418803601], [-79.243271650857, 34.9253717092911], [-79.2454520615143, 34.925401500222], [-79.2476324741715, 34.925431251153], [-79.2498128878288, 34.9254609630839], [-79.2519933034861, 34.9254906360148], [-79.2541737201434, 34.9255202699456], [-79.2563541388006, 34.9255498638765], [-79.2585345594579, 34.9255794198074], [-79.2607149811151, 34.9256089357382], [-79.2628954037723, 34.925638413669], [-79.2650758294295, 34.9256678515999], [-79.2672562550868, 34.9256972505307], [-79.2694366837439, 34.9257266104615], [-79.2716171134011, 34.9257559313923], [-79.2737975440583, 34.9257852133231], [-79.2759779767155, 34.9258144552538], [-79.2781584103726, 34.9258436591846], [-79.2803388470298, 34.9258728231153], [-79.2825192836869, 34.925901948046], [-79.2846997223441, 34.9259310339767], [-79.2868801630011, 34.9259600809074], [-79.2890606046582, 34.9259890888381], [-79.2912410483153, 34.9260180577687], [-79.2934214929724, 34.9260469866994], [-79.2956019396295, 34.92607587763], [-79.2977823872866, 34.9261047285607], [-79.2999628369436, 34.9261335404913], [-79.3021432886007, 34.9261623134219], [-79.3043237412577, 34.9261910473525], [-79.3065041949147, 34.9262197422831], [-79.3086846505717, 34.9262483982136], [-79.3108651072288, 34.9262770141442], [-79.3130455658857, 34.9263055920747], [-79.3152260265427, 34.9263341300052], [-79.3174064881997, 34.9263626289357], [-79.3195869508567, 34.9263910888662], [-79.3217674155136, 34.9264195097967], [-79.3239478821705, 34.9264478917272], [-79.3261283498275, 34.9264762346576], [-79.3283088184844, 34.9265045375881], [-79.3304892891413, 34.9265328025185], [-79.3326697617982, 34.9265610274489], [-79.3348502354551, 34.9265892133793], [-79.337030710112, 34.9266173603097], [-79.3392111867689, 34.9266454682401], [-79.3413916654258, 34.9266735371705], [-79.3417946346363, 34.9284208765357], [-79.342197620847, 34.930168214901], [-79.3426006250576, 34.9319155502662], [-79.3430036452683, 34.9336628846315], [-79.3434066834789, 34.9354102179967], [-79.3438097386896, 34.9371575483619], [-79.3442128099003, 34.9389048767271], [-79.344615899111, 34.9406522040922], [-79.3450190053218, 34.9423995284574], [-79.3454221285325, 34.9441468518225], [-79.3458252697433, 34.9458941731876], [-79.3462284269541, 34.9476414935527], [-79.3466316011649, 34.9493888109178], [-79.3470347933757, 34.9511361262829], [-79.3474380015865, 34.9528834406479], [-79.3478412277974, 34.954630753013], [-79.3482444710082, 34.956378063378], [-79.3486477312191, 34.958125371743], [-79.34905100843, 34.9598726781079], [-79.349454302641, 34.9616199834729], [-79.3498576148519, 34.9633672868379], [-79.3502609430629, 34.9651145872028], [-79.3506642892738, 34.9668618865677], [-79.3510676514848, 34.9686091839326], [-79.3514710316958, 34.9703564802975], [-79.3518744289068, 34.9721037736623], [-79.3522778431179, 34.9738510660272], [-79.3526812743289, 34.975598355392], [-79.35308472354, 34.9773456437568], [-79.3534881887511, 34.9790929301216], [-79.3538916719622, 34.9808402144864], [-79.3516925973011, 34.980840214563], [-79.3494935226399, 34.9808402146395], [-79.3472944479788, 34.9808402147161], [-79.3450953733176, 34.9808402147926], [-79.3428962986565, 34.9808402148692], [-79.3406972229953, 34.9808402149457], [-79.3384981483341, 34.9808402150223], [-79.3362990736729, 34.9808402150988], [-79.3340999990117, 34.9808402151753], [-79.3319009243505, 34.9808402152519], [-79.3297018496893, 34.9808402153284], [-79.3275027750281, 34.9808402154049], [-79.3253037003668, 34.9808402154814], [-79.3231046257056, 34.9808402155579], [-79.3209055510443, 34.9808402156344], [-79.3187064763831, 34.9808402157109], [-79.3165074017218, 34.9808402157874], [-79.3143083270605, 34.9808402158639], [-79.3121092513992, 34.9808402159404], [-79.309910176738, 34.9808402160169], [-79.3077111020766, 34.9808402160934], [-79.3055120274153, 34.9808402161698], [-79.303312952754, 34.9808402162463], [-79.3011138780927, 34.9808402163228], [-79.2989148034314, 34.9808402163992], [-79.29671572877, 34.9808402164757], [-79.2945166541086, 34.9808402165522], [-79.2923175794472, 34.9808402166286], [-79.2901185047859, 34.980840216705], [-79.2879194301245, 34.9808402167815], [-79.2857203554631, 34.9808402168579], [-79.2835212808017, 34.9808402169343], [-79.2813222051403, 34.9808402170108], [-79.2791231304789, 34.9808402170872], [-79.2769240558174, 34.9808402171636], [-79.274724981156, 34.98084021724], [-79.2725259064946, 34.9808402173164], [-79.2703268318331, 34.9808402173928], [-79.2681277571716, 34.9808402174692], [-79.2659286825102, 34.9808402175456], [-79.2637296078487, 34.980840217622], [-79.2615305331872, 34.9808402176984], [-79.2593314585257, 34.9808402177748], [-79.2571323838642, 34.9808402178511], [-79.2549333092027, 34.9808402179275], [-79.2527342335412, 34.9808402180038], [-79.2505351588796, 34.9808402180802], [-79.2483360842181, 34.9808402181566], [-79.2461370095565, 34.9808402182329], [-79.243937934895, 34.9808402183093], [-79.2417388602334, 34.9808402183856], [-79.2395397855718, 34.980840218462], [-79.2373407109102, 34.9808402185383], [-79.2351416362487, 34.9808402186146], [-79.232942561587, 34.980840218691], [-79.2307434869254, 34.9808402187673], [-79.2285444122638, 34.9808402188436], [-79.2263453376022, 34.9808402189199], [-79.2241462629405, 34.9808402189962], [-79.2219471872789, 34.9808402190725], [-79.2197481126172, 34.9808402191488], [-79.2175490379555, 34.9808402192251], [-79.2153499632939, 34.9808402193014], [-79.2131508886322, 34.9808402193777], [-79.2109518139705, 34.980840219454], [-79.2087527393088, 34.9808402195302], [-79.2065536646471, 34.9808402196065], [-79.2043545899854, 34.9808402196828], [-79.2021555153237, 34.980840219759], [-79.1999564406619, 34.9808402198353], [-79.1977573660002, 34.9808402199116], [-79.1955582913385, 34.9808402199878], [-79.1933592156767, 34.9808402200641], [-79.1911601410149, 34.9808402201403], [-79.1889610663531, 34.9808402202165], [-79.1867619916914, 34.9808402202928], [-79.1845629170295, 34.980840220369], [-79.1823638423677, 34.9808402204452], [-79.1801647677059, 34.9808402205214], [-79.1779656930441, 34.9808402205976], [-79.1757666183822, 34.9808402206739], [-79.1735675437204, 34.9808402207501], [-79.1713684690586, 34.9808402208263], [-79.1691693943967, 34.9808402209025], [-79.1669703197349, 34.9808402209786], [-79.1647712450729, 34.9808402210548], [-79.1625721694111, 34.980840221131], [-79.1603730947492, 34.9808402212072], [-79.1581740200873, 34.9808402212834], [-79.1559749454253, 34.9808402213595], [-79.1537758707634, 34.9808402214357], [-79.1515767961015, 34.9808402215119], [-79.1493777214396, 34.980840221588], [-79.1471786467776, 34.9808402216642], [-79.1449795721157, 34.9808402217403], [-79.1427804974537, 34.9808402218165], [-79.1405814227917, 34.9808402218926], [-79.1383823481298, 34.9808402219687], [-79.1361832734678, 34.9808402220449], [-79.1339841978058, 34.980840222121], [-79.1317851231437, 34.9808402221971], [-79.1295860484817, 34.9808402222732], [-79.1273869738197, 34.9808402223493], [-79.1251878991577, 34.9808402224254], [-79.1229888244957, 34.9808402225015], [-79.1207897498336, 34.9808402225776], [-79.1185906751716, 34.9808402226537], [-79.1163916005094, 34.9808402227298], [-79.1170456346209, 34.9791654513435], [-79.1176996417322, 34.9774906769572], [-79.1183536218436, 34.9758158975709], [-79.1190075759549, 34.9741411141846], [-79.1196615030663, 34.9724663267982], [-79.1203154041777, 34.9707915354119], [-79.120969278289, 34.9691167400256], [-79.1216231254003, 34.9674419416392], [-79.1222769465117, 34.9657671382529], [-79.1229307406231, 34.9640923308665], [-79.1235845077344, 34.9624175194801], [-79.1242382488457, 34.9607427040937], [-79.1248919639571, 34.9590678857073], [-79.1255456510684, 34.9573930623209], [-79.1261993121798, 34.9557182349344], [-79.1268529472911, 34.954043404548], [-79.1275065554024, 34.9523685691616], [-79.1281601365137, 34.9506937307751], [-79.1288136916251, 34.9490188873886], [-79.1294672197364, 34.9473440400022], [-79.1301207218477, 34.9456691896157], [-79.130774196959, 34.9439943342292], [-79.1314276450703, 34.9423194758427], [-79.1320810671816, 34.9406446124562], [-79.1327344632929, 34.9389697460697], [-79.1333878314043, 34.9372948746831], [-79.1340411735155, 34.9356200002966], [-79.1346944896269, 34.93394512191], [-79.1353477787382, 34.9322702385234], [-79.1360010418495, 34.9305953521369], [-79.1366542779608, 34.9289204617503], [-79.137307487072, 34.9272455663637], [-79.1379606701833, 34.9255706679771]]]}}, {"type": "Feature", "properties": {"name": "FORT STEWART B1 MOA", "type": "SUA"}, "geometry": {"type": "Polygon", "coordinates": [[[-81.616392206983, 32.1419506208494], [-81.6163922054978, 32.1086172803217], [-81.6247255409398, 32.108617280053], [-81.6330588773817, 32.1086172797842], [-81.6413922128235, 32.1086172795155], [-81.6497255482651, 32.1086172792466], [-81.7247255706051, 32.1169506117061], [-81.7877811454142, 32.1247283894209], [-81.8338922683702, 32.0902839361582], [-81.8569478283195, 32.0500061483225], [-81.8447256022744, 32.0394505903338], [-81.8513922692997, 31.9961172473296], [-81.8872256107481, 31.9502839028152], [-81.8830589424252, 31.9252838972945], [-81.8830589420575, 31.916950561409], [-81.6955588846493, 31.8586172211909], [-81.6955588842847, 31.8502838863005], [-81.7060473923542, 31.8502838859662], [-81.7165359014234, 31.8502838856319], [-81.7270244104924, 31.8502838852975], [-81.7375129195612, 31.850283884963], [-81.7480014276298, 31.8502838846285], [-81.7584899366982, 31.8502838842939], [-81.7689784457663, 31.8502838839592], [-81.7794669548342, 31.8502838836245], [-81.789955462902, 31.8502838832897], [-81.8004439719695, 31.8502838829548], [-81.8109324810367, 31.8502838826198], [-81.8214209901037, 31.8502838822848], [-81.8319094981705, 31.8502838819497], [-81.8423980072371, 31.8502838816145], [-81.8528865163035, 31.8502838812793], [-81.8633750253697, 31.850283880944], [-81.8738635334356, 31.8502838806086], [-81.8843520425013, 31.8502838802731], [-81.8948405515668, 31.8502838799376], [-81.9053290596321, 31.850283879602], [-81.9158175686972, 31.8502838792663], [-81.926306077762, 31.8502838789306], [-81.9367945868266, 31.8502838785948], [-81.947283094891, 31.8502838782589], [-81.9577716039552, 31.850283877923], [-81.9682601130191, 31.8502838775869], [-81.9787486220828, 31.8502838772508], [-81.9892371301463, 31.8502838769147], [-81.9997256392096, 31.8502838765785], [-81.9497256349512, 32.0836172639031], [-81.7663922527903, 32.1836172923907], [-81.6497255508684, 32.166950625414], [-81.616392206983, 32.1419506208494]]]}}]}